-0.9
-0.8999999999999999
-0.9
-0.8999999999999999
-0.9000000000000001
-0.9
-0.9
-0.9000000000000001
-0.8999999999999999
-0.8999999999999999
-0.8999999999999999
-0.8999999999999999
-0.9000000000000001
-0.8999999999999999
-0.9000000000000001
-0.8999999999999999
-0.9000000000000001
-0.8999999999999999
-0.9
-0.9000000000000001
-0.9000000000000001
-0.9000000000000001
-0.9
-0.9000000000000001
-0.9
-0.8999999999999999
-0.9
-0.8999999999999999
-0.9
-0.9
-0.8999999999999999
-0.8999999999999999
-0.8999999999999999
-0.9
-0.8999999999999999
-0.8999999999999999
-0.9
-0.8999999999999999
-0.9000000000000001
-0.9000000000000001
-0.8999999999999999
-0.8999999999999999
-0.8999999999999999
-0.9000000000000001
-0.9000000000000001
-0.9000000000000001
-0.9000000000000001
-0.8999999999999999
-0.8999999999999999
-0.8999999999999999
-0.9000000000000001
-0.8999999999999999
-0.9000000000000001
-0.8999999999999999
-0.9000000000000001
-0.8999999999999999
-0.9
-0.9000000000000001
-0.9
-0.8999999999999999
-0.9000000000000001
-0.9
-0.9000000000000001
-0.9
-0.8999999999999999
-0.8999999999999999
-0.8999999999999999
-0.8999999999999999
-0.9000000000000001
-0.9
-0.9000000000000001
-0.8999999999999999
-0.9
-0.8999999999999999
-0.8999999999999999
-0.9
-0.9
-0.8999999999999999
-0.8999999999999999
-0.9000000000000001
-0.8999999999999999
-0.9
-0.9
-0.9000000000000001
-0.8999999999999999
-0.8999999999999999
-0.8999999999999999
-0.9
-0.8999999999999999
-0.9
-0.9
-0.8999999999999999
-0.9
-0.9000000000000001
-0.9000000000000001
-0.8999999999999999
-0.9
-0.9
-0.8999999999999999
-0.9
-0.9
-0.9
-0.9000000000000001
-0.8999999999999999
-0.9000000000000001
-0.8999999999999999
-0.8999999999999999
-0.9000000000000001
-0.8999999999999999
-0.9000000000000001
-0.9
-0.9000000000000001
-0.8999999999999999
-0.8999999999999999
-0.8999999999999999
-0.9000000000000001
-0.8999999999999999
-0.9
-0.8999999999999999
-0.9
-0.8999999999999999
-0.8999999999999999
-0.8999999999999999
-0.8999999999999999
-0.9
-0.9000000000000001
-0.9000000000000001
-0.9000000000000001
-0.9
-0.9
-0.8999999999999999
-0.8999999999999999
-0.9
-0.9
-0.9000000000000001
-0.9
-0.8999999999999999
-0.8999999999999999
-0.9000000000000001
-0.9
-0.8999999999999999
-0.8999999999999999
-0.8999999999999999
-0.9000000000000001
-0.8999999999999999
-0.9000000000000001
-0.8999999999999999
-0.8999999999999999
1.0999999999999992
-0.9
-0.8999999999999999
-0.8999999999999999
-0.8999999999999999
-0.9
-0.9000000000000001
-0.8999999999999999
-0.8999999999999999
-0.9000000000000001
-0.9000000000000001
-0.9000000000000001
0.10000000000000006
-0.9
0.10000000000000014
-0.8999999999999999
-0.9000000000000001
-0.8999999999999999
-0.9000000000000001
-0.8999999999999999
-0.8999999999999999
-0.8999999999999999
-0.9
-0.8999999999999999
-0.9000000000000001
-0.8999999999999999
-0.9
-0.8999999999999999
-0.9
-0.9000000000000001
-0.9
-0.8999999999999999
-0.9
-0.9000000000000001
-0.9000000000000001
0.10000000000000014
-0.8999999999999999
-0.9000000000000001
-0.8999999999999999
-0.9
-0.9
0.09999999999999992
-0.8999999999999999
-0.8999999999999999
-0.9000000000000001
-0.9000000000000001
-0.8999999999999999
-0.9000000000000001
-0.8999999999999999
-0.9
-0.8999999999999999
-0.8999999999999999
-0.9000000000000001
-0.9000000000000001
-0.8999999999999999
-0.8999999999999999
-0.9000000000000001
-0.9
-0.9
-0.9000000000000001
-0.8999999999999999
0.09999999999999995
-0.8999999999999999
-0.8999999999999999
-0.9000000000000001
-0.9000000000000001
-0.9000000000000001
-0.8999999999999999
-0.8999999999999999
-0.9000000000000001
-0.9000000000000001
-0.9000000000000001
-0.8999999999999999
-0.8999999999999999
-0.9
-0.9000000000000001
-0.9000000000000001
-0.8999999999999999
-0.8999999999999999
-0.8999999999999999
-0.9000000000000001
-0.9
0.10000000000000003
-0.9
-0.8999999999999999
-0.8999999999999999
-0.8999999999999999
-0.8999999999999999
-0.9000000000000001
-0.9000000000000001
-0.9
-0.8999999999999999
-0.9000000000000001
-0.9
-0.9000000000000001
-0.8999999999999999
-0.9
-0.8999999999999999
-0.9
-0.9000000000000001
-0.8999999999999999
-0.8999999999999999
-0.9000000000000001
-0.8999999999999999
-0.8999999999999999
0.10000000000000014
-0.8999999999999999
-0.8999999999999999
-0.9000000000000001
0.09999999999999998
0.10000000000000006
0.10000000000000006
-0.9000000000000001
-0.9
-0.9
-0.9000000000000001
-0.8999999999999999
0.09999999999999992
-0.8999999999999999
-0.8999999999999999
-0.9000000000000001
-0.8999999999999999
-0.9000000000000001
-0.9000000000000001
1.1000000000000005
0.09999999999999995
0.09999999999999998
-0.8999999999999999
0.10000000000000009
-0.9000000000000001
0.09999999999999998
1.1
2.099999999999999
1.1000000000000003
-0.8999999999999999
-0.9
-0.8999999999999999
-0.9
0.10000000000000009
0.10000000000000009
-0.9000000000000001
0.09999999999999984
-0.9000000000000001
0.10000000000000009
0.09999999999999992
-0.8999999999999999
0.09999999999999998
-0.8999999999999999
0.09999999999999998
-0.9000000000000001
-0.9000000000000001
-0.9000000000000001
-0.9
-0.8999999999999999
-0.9000000000000001
-0.9000000000000001
0.10000000000000009
-0.9000000000000001
0.09999999999999998
-0.9
-0.9
-0.8999999999999999
1.1000000000000003
0.10000000000000003
-0.8999999999999999
0.10000000000000009
1.1
0.10000000000000009
0.10000000000000009
0.09999999999999981
4.100000000000003
-0.8999999999999999
0.09999999999999998
0.09999999999999998
-0.9
1.1000000000000003
0.10000000000000009
0.09999999999999998
0.09999999999999998
0.10000000000000009
0.09999999999999992
0.0999999999999999
0.09999999999999995
0.10000000000000009
0.10000000000000009
1.1000000000000003
1.0999999999999992
-0.9000000000000001
0.10000000000000003
0.09999999999999998
2.0999999999999996
0.10000000000000006
2.099999999999999
2.099999999999999
0.09999999999999995
-0.9000000000000001
0.10000000000000009
1.1000000000000003
0.09999999999999998
1.1000000000000005
0.1
2.099999999999999
1.1000000000000003
0.10000000000000009
1.1
2.0999999999999996
0.10000000000000006
1.1
0.10000000000000003
2.099999999999999
0.09999999999999992
0.09999999999999992
0.10000000000000009
0.10000000000000009
1.0999999999999999
1.1
0.10000000000000006
0.09999999999999992
2.099999999999999
1.1
1.1
0.09999999999999998
0.10000000000000014
1.1
0.10000000000000009
1.0999999999999996
0.09999999999999992
2.099999999999999
1.1000000000000003
2.1
3.099999999999999
1.1000000000000003
0.09999999999999992
1.1
1.0999999999999999
2.1
0.10000000000000003
1.1
0.10000000000000003
0.1
1.1
0.09999999999999998
1.1000000000000003
1.1
2.0999999999999996
0.0999999999999999
0.10000000000000006
1.1
0.09999999999999992
1.1000000000000003
1.1
0.10000000000000003
0.10000000000000003
1.1000000000000003
1.1
0.09999999999999992
0.09999999999999992
0.10000000000000009
1.1
0.10000000000000003
0.0999999999999999
0.10000000000000006
0.09999999999999998
1.1000000000000003
1.1000000000000003
1.0999999999999994
1.0999999999999999
1.1
1.1
1.1000000000000003
0.0999999999999999
0.09999999999999992
0.09999999999999992
1.0999999999999996
0.10000000000000003
0.10000000000000003
0.09999999999999992
1.0999999999999999
1.0999999999999999
0.10000000000000003
0.10000000000000006
0.10000000000000009
0.09999999999999998
0.09999999999999992
2.0999999999999996
0.09999999999999995
0.10000000000000006
0.10000000000000009
0.10000000000000003
1.1
0.09999999999999998
0.09999999999999992
0.10000000000000009
0.10000000000000003
0.09999999999999992
0.10000000000000003
0.10000000000000009
2.1
1.1
1.0999999999999999
0.10000000000000009
1.1
0.0999999999999999
0.09999999999999998
2.099999999999999
0.10000000000000003
0.0999999999999999
1.1000000000000003
0.09999999999999998
0.09999999999999992
0.09999999999999998
0.09999999999999998
1.1000000000000003
0.09999999999999998
0.10000000000000009
1.1000000000000003
0.10000000000000006
0.0999999999999999
0.09999999999999992
0.09999999999999998
1.0999999999999999
0.10000000000000003
0.10000000000000003
0.09999999999999995
0.09999999999999998
0.10000000000000003
0.10000000000000009
1.1000000000000003
0.09999999999999998
0.09999999999999992
0.0999999999999999
1.1000000000000003
0.09999999999999992
0.10000000000000003
0.10000000000000003
1.1000000000000003
0.09999999999999998
0.10000000000000003
0.10000000000000006
1.1
1.1
0.10000000000000009
2.1
0.10000000000000009
0.1
0.09999999999999998
0.10000000000000003
0.10000000000000003
0.10000000000000006
0.10000000000000003
1.1000000000000003
0.10000000000000003
0.09999999999999992
0.09999999999999992
0.09999999999999998
0.10000000000000006
0.09999999999999992
1.1000000000000003
0.09999999999999992
1.1
2.1
0.10000000000000003
0.10000000000000006
2.099999999999999
0.10000000000000009
0.09999999999999992
0.10000000000000006
2.1
0.09999999999999992
0.10000000000000006
0.09999999999999998
0.10000000000000006
0.09999999999999998
0.09999999999999998
0.10000000000000009
1.1000000000000003
1.1000000000000003
1.1000000000000003
0.0999999999999999
0.09999999999999992
1.1000000000000003
0.09999999999999992
1.1000000000000003
0.10000000000000006
0.10000000000000003
0.10000000000000009
0.10000000000000009
0.09999999999999992
1.1
1.1
1.1000000000000003
0.10000000000000006
0.09999999999999992
1.1000000000000003
1.0999999999999999
1.1000000000000003
0.10000000000000012
0.09999999999999992
0.10000000000000009
1.1000000000000003
0.09999999999999998
0.09999999999999998
0.10000000000000003
0.09999999999999992
0.09999999999999995
0.10000000000000006
1.1
0.09999999999999992
1.1000000000000003
0.10000000000000003
1.1000000000000003
1.1
0.10000000000000006
1.1000000000000003
1.1
1.1
2.099999999999999
0.09999999999999998
0.10000000000000009
1.1
0.1
0.0999999999999999
1.0999999999999999
0.09999999999999992
0.1
0.10000000000000012
0.09999999999999992
0.09999999999999998
1.0999999999999999
2.0999999999999996
2.0999999999999996
0.09999999999999992
1.1
0.09999999999999998
1.1000000000000003
0.09999999999999992
2.0999999999999996
0.1
0.10000000000000006
0.10000000000000003
0.09999999999999998
1.1000000000000003
0.10000000000000009
2.099999999999999
0.10000000000000009
0.09999999999999998
1.1
0.09999999999999992
0.10000000000000006
0.09999999999999987
0.09999999999999992
0.10000000000000006
0.09999999999999992
1.1000000000000003
2.099999999999999
0.09999999999999992
0.10000000000000006
0.09999999999999998
1.1
0.10000000000000009
3.099999999999999
2.1
1.1
0.09999999999999998
2.1
2.099999999999999
0.09999999999999992
1.1000000000000005
1.1000000000000003
2.1
1.1000000000000003
1.1
1.1
0.0999999999999999
1.0999999999999999
3.099999999999999
3.0999999999999996
1.1000000000000003
0.10000000000000003
1.1000000000000003
0.10000000000000006
0.09999999999999981
2.099999999999999
1.0999999999999999
1.1
1.0999999999999994
0.09999999999999995
0.09999999999999995
1.0999999999999996
0.09999999999999995
0.09999999999999992
1.1
0.10000000000000003
0.10000000000000009
1.1000000000000003
1.1
0.0999999999999999
1.1000000000000003
1.1
0.10000000000000003
0.10000000000000006
0.10000000000000009
1.1000000000000003
1.1
1.1000000000000003
1.1
0.10000000000000009
2.0999999999999996
2.1
0.09999999999999998
1.1000000000000003
1.1000000000000003
2.0999999999999996
2.1
2.0999999999999996
3.0999999999999996
2.1
2.0999999999999996
2.099999999999999
1.1000000000000003
0.09999999999999995
0.09999999999999998
1.1
0.09999999999999995
2.0999999999999996
2.099999999999999
1.1000000000000003
1.1000000000000003
0.10000000000000014
3.099999999999999
1.1000000000000003
2.099999999999999
0.09999999999999992
1.1000000000000003
0.10000000000000009
1.1000000000000003
0.09999999999999998
2.0999999999999996
1.1000000000000003
1.1
1.0999999999999994
2.0999999999999996
2.099999999999999
0.09999999999999998
1.0999999999999992
1.1
3.099999999999999
1.1
1.1000000000000003
2.0999999999999996
1.1
1.1
3.0999999999999996
1.1000000000000005
0.10000000000000009
1.1000000000000003
2.1
0.09999999999999998
0.09999999999999992
0.09999999999999998
2.0999999999999996
0.09999999999999992
1.1
1.1000000000000003
2.099999999999999
0.10000000000000006
3.099999999999999
1.1000000000000003
2.099999999999999
0.10000000000000003
1.1
2.099999999999999
1.1
2.0999999999999996
1.0999999999999999
0.09999999999999998
2.099999999999999
1.1000000000000003
1.1000000000000003
2.0999999999999996
0.10000000000000009
1.1000000000000003
1.0999999999999999
1.1000000000000003
2.099999999999999
0.10000000000000003
1.1
1.1000000000000003
2.1
1.1
1.1
2.0999999999999996
1.1000000000000003
3.099999999999999
0.10000000000000009
1.0999999999999999
1.1
1.1000000000000003
1.1000000000000003
2.099999999999999
3.0999999999999996
1.1000000000000003
2.0999999999999996
0.09999999999999995
1.1000000000000003
1.0999999999999999
2.1
1.1000000000000003
2.1
1.1
1.1000000000000003
2.099999999999999
2.1000000000000005
1.1000000000000003
2.1
1.1
1.0999999999999992
0.09999999999999992
1.1
1.0999999999999999
3.0999999999999996
2.0999999999999996
0.10000000000000006
2.0999999999999996
1.1000000000000003
1.1000000000000003
1.1000000000000003
2.1
2.1
2.0999999999999996
0.09999999999999992
0.10000000000000006
1.1
0.09999999999999992
0.10000000000000009
2.099999999999999
3.0999999999999996
2.1
0.09999999999999992
2.1
1.1
1.0999999999999996
2.1
1.1000000000000003
2.1
2.099999999999999
1.1000000000000003
1.1
1.1000000000000003
1.0999999999999999
0.10000000000000014
1.1000000000000003
1.1000000000000003
0.10000000000000009
1.1
1.0999999999999992
1.1000000000000003
2.0999999999999996
0.09999999999999998
1.1
2.099999999999999
1.1000000000000003
3.099999999999999
1.1000000000000003
1.1
4.099999999999999
0.09999999999999995
0.0999999999999999
1.0999999999999999
2.1
1.1000000000000003
1.1
1.1000000000000003
1.1
2.099999999999999
1.1000000000000003
2.1
0.09999999999999992
3.099999999999999
0.09999999999999992
1.1000000000000003
1.1000000000000003
0.09999999999999998
2.1
0.10000000000000009
2.099999999999999
1.1000000000000003
1.1
2.1
1.1000000000000003
1.0999999999999992
2.0999999999999996
0.09999999999999992
1.1000000000000003
0.09999999999999995
1.1000000000000003
0.10000000000000009
0.10000000000000006
0.10000000000000006
3.1
2.1
2.1
2.099999999999999
2.099999999999999
1.0999999999999992
2.1
2.099999999999999
0.1
2.0999999999999996
3.0999999999999996
1.1000000000000003
1.1000000000000003
1.1000000000000003
1.1000000000000003
2.1
2.0999999999999996
0.10000000000000006
2.0999999999999996
1.1000000000000003
0.0999999999999999
1.0999999999999999
1.1
2.1
0.10000000000000009
2.1
2.099999999999999
3.0999999999999996
0.10000000000000006
1.1000000000000005
2.1
3.0999999999999996
1.1
1.0999999999999999
0.10000000000000009
1.1
0.10000000000000009
1.1000000000000003
3.0999999999999996
1.0999999999999992
0.10000000000000009
1.1
1.1000000000000003
2.099999999999999
1.1000000000000003
0.10000000000000003
1.1000000000000003
3.0999999999999996
0.10000000000000009
2.0999999999999996
1.1000000000000003
2.0999999999999996
2.099999999999999
1.1
2.1
0.09999999999999995
1.1000000000000003
0.10000000000000003
2.1
0.09999999999999998
0.10000000000000009
0.10000000000000003
4.100000000000002
3.099999999999999
1.1000000000000003
1.0999999999999992
3.099999999999999
3.099999999999999
1.1000000000000003
0.09999999999999992
0.09999999999999998
1.1000000000000003
1.1
1.1000000000000003
1.0999999999999992
1.1000000000000003
0.09999999999999981
2.099999999999999
3.099999999999999
1.1
0.10000000000000006
1.1
1.1
1.1000000000000003
2.1
1.0999999999999996
2.1
1.1000000000000003
1.1
0.10000000000000009
2.099999999999999
1.1
0.09999999999999992
1.1
0.09999999999999998
0.09999999999999998
1.1
1.1
2.099999999999999
1.0999999999999992
0.10000000000000003
1.1000000000000003
0.10000000000000009
2.099999999999999
2.099999999999999
3.0999999999999996
1.1000000000000003
1.1000000000000003
3.099999999999999
1.1
1.1000000000000003
1.1000000000000003
1.1
1.1
0.10000000000000009
1.1000000000000003
2.099999999999999
0.0999999999999999
2.1
2.099999999999999
1.1000000000000003
1.1000000000000003
1.1000000000000003
1.0999999999999999
0.1
0.10000000000000003
1.1000000000000003
1.1
1.1
1.1
1.1
1.1000000000000003
1.1
0.09999999999999992
0.10000000000000009
2.1
1.1000000000000003
1.1000000000000003
3.099999999999999
1.1
1.0999999999999992
0.09999999999999992
1.0999999999999996
2.1
2.1
2.0999999999999996
0.10000000000000006
2.1
1.1
3.1
2.0999999999999996
1.1000000000000003
3.0999999999999996
0.10000000000000003
1.1000000000000003
0.09999999999999992
3.099999999999999
2.099999999999999
1.1
0.10000000000000003
1.1
1.1
2.099999999999999
0.10000000000000006
1.1000000000000003
0.09999999999999984
1.1000000000000003
1.1000000000000003
1.1000000000000003
3.1
1.1
2.099999999999999
1.1000000000000003
1.1000000000000003
1.1000000000000003
1.1
0.09999999999999998
1.1
2.099999999999999
0.10000000000000003
3.099999999999999
2.0999999999999996
2.0999999999999996
2.099999999999999
2.099999999999999
1.0999999999999992
2.099999999999999
1.1
2.0999999999999996
2.1
2.0999999999999996
0.10000000000000003
0.09999999999999992
1.1
0.10000000000000009
1.1000000000000003
2.099999999999999
0.09999999999999992
1.1000000000000003
2.1
2.1
0.1
2.099999999999999
2.099999999999999
1.0999999999999992
2.1
1.1
0.09999999999999984
1.1
3.0999999999999996
1.1
2.0999999999999996
1.0999999999999999
1.1
2.0999999999999996
2.1
2.0999999999999996
1.0999999999999999
2.099999999999999
0.10000000000000003
2.099999999999999
1.1000000000000003
0.09999999999999992
3.1
3.099999999999999
0.09999999999999992
0.10000000000000006
1.1000000000000003
1.1000000000000003
1.1
1.1000000000000003
0.09999999999999992
1.1000000000000003
1.1
3.0999999999999996
2.0999999999999996
2.1
2.1
3.0999999999999996
1.1
0.0999999999999999
1.1000000000000003
0.10000000000000014
2.099999999999999
2.1
0.10000000000000006
2.1
1.1000000000000003
1.1000000000000003
1.1
0.09999999999999992
0.10000000000000009
1.0999999999999992
2.099999999999999
-0.9
1.0999999999999994
1.1000000000000003
1.1
2.1
0.09999999999999998
1.1
2.1
1.1000000000000003
2.1
0.09999999999999995
1.1
1.1000000000000003
1.1
0.10000000000000009
1.1000000000000003
2.1
2.1
2.099999999999999
0.10000000000000006
1.1000000000000003
1.1
3.099999999999999
1.1000000000000003
1.1
2.1
0.10000000000000003
3.0999999999999996
1.1
2.099999999999999
2.0999999999999996
1.1
2.1
1.1000000000000003
1.0999999999999999
2.1
0.09999999999999992
2.1
2.1
4.1000000000000005
3.099999999999999
2.0999999999999996
2.1
1.1000000000000003
1.1
0.09999999999999995
2.099999999999999
1.1
1.1
1.1
0.09999999999999998
0.10000000000000014
0.10000000000000009
1.1000000000000003
0.09999999999999992
2.0999999999999996
0.10000000000000006
1.1
2.0999999999999996
0.10000000000000003
0.10000000000000003
3.099999999999999
0.10000000000000003
2.1
0.09999999999999998
2.1
1.1
2.0999999999999996
1.1000000000000003
0.09999999999999998
1.1000000000000003
0.10000000000000003
0.09999999999999992
2.099999999999999
3.1
1.1000000000000003
1.1
1.1
0.09999999999999998
1.0999999999999992
2.1
1.1
0.10000000000000009
2.1
1.1
2.1
2.0999999999999996
1.1000000000000003
0.09999999999999992
0.10000000000000003
1.1000000000000008
1.0999999999999999
1.1000000000000003
1.1000000000000003
0.10000000000000006
2.099999999999999
3.0999999999999996
0.09999999999999992
2.1
1.1000000000000003
1.1000000000000003
0.0999999999999999
3.0999999999999996
0.09999999999999992
1.1000000000000003
0.09999999999999998
2.1
2.099999999999999
2.099999999999999
2.0999999999999996
1.1000000000000003
1.0999999999999999
0.10000000000000003
0.09999999999999998
2.099999999999999
2.099999999999999
0.10000000000000006
1.1
0.0999999999999999
0.09999999999999998
1.1000000000000003
0.09999999999999995
0.10000000000000009
1.1000000000000003
2.099999999999999
1.1
1.1000000000000003
2.099999999999999
1.1
2.099999999999999
1.0999999999999999
1.1000000000000003
3.0999999999999996
3.0999999999999996
2.1
0.10000000000000006
0.10000000000000003
1.0999999999999994
2.1
3.099999999999999
0.10000000000000009
1.1
1.1
2.099999999999999
1.1000000000000003
1.1
2.0999999999999996
1.1000000000000003
2.099999999999999
2.0999999999999996
0.10000000000000006
1.1000000000000003
1.1000000000000003
1.1000000000000003
0.10000000000000003
0.09999999999999995
2.1
0.0999999999999999
2.0999999999999996
2.0999999999999996
1.1000000000000003
1.1
0.10000000000000009
1.0999999999999992
2.1
2.0999999999999996
2.0999999999999996
3.099999999999999
3.0999999999999996
2.0999999999999996
1.1000000000000003
2.099999999999999
4.099999999999999
1.1000000000000003
0.10000000000000006
0.09999999999999992
0.10000000000000006
0.10000000000000009
2.099999999999999
2.1
1.1000000000000003
1.1000000000000003
1.1000000000000003
1.1000000000000003
0.10000000000000006
2.1
2.099999999999999
1.1000000000000003
1.0999999999999999
0.09999999999999992
4.1
2.1
2.1
2.099999999999999
2.099999999999999
2.099999999999999
2.099999999999999
2.1
2.1
1.1000000000000003
2.1
2.099999999999999
2.1
0.09999999999999998
2.1
2.1
1.1
1.1
0.09999999999999998
2.1
3.099999999999999
0.09999999999999992
2.1
0.09999999999999998
0.09999999999999998
2.1
2.1
1.1000000000000003
1.1000000000000003
3.099999999999999
2.1
1.1000000000000003
1.1
1.1000000000000003
0.10000000000000003
1.1
2.1
2.099999999999999
2.1
0.09999999999999992
0.10000000000000006
2.0999999999999996
2.1000000000000005
4.099999999999999
3.0999999999999996
0.09999999999999992
1.1000000000000003
1.1000000000000003
1.1
1.1000000000000003
1.1000000000000003
2.0999999999999996
0.09999999999999992
3.1
1.1000000000000003
1.1
0.09999999999999992
3.099999999999999
2.1
1.1
2.1
1.1
2.1
3.1000000000000005
1.1000000000000003
1.1000000000000003
2.1
0.10000000000000009
1.1
1.1000000000000008
3.099999999999999
1.1000000000000003
0.09999999999999992
1.1000000000000003
1.1
1.1
2.0999999999999996
2.0999999999999996
1.1000000000000003
3.099999999999999
0.09999999999999992
0.09999999999999992
3.099999999999999
3.099999999999999
2.1
1.0999999999999992
2.099999999999999
2.099999999999999
0.09999999999999998
2.099999999999999
2.099999999999999
1.1
3.099999999999999
1.1
0.10000000000000009
1.1000000000000003
0.09999999999999992
3.099999999999999
1.1
1.1000000000000003
3.099999999999999
1.1
2.099999999999999
2.1
2.0999999999999996
3.099999999999999
0.10000000000000009
2.1000000000000005
0.10000000000000003
3.099999999999999
2.1
2.1
2.1
2.0999999999999996
1.1000000000000003
2.0999999999999996
3.099999999999999
1.1000000000000003
3.0999999999999996
1.1
0.09999999999999998
0.09999999999999998
3.0999999999999996
2.099999999999999
1.1000000000000003
3.099999999999999
3.099999999999999
2.1
1.1000000000000003
2.099999999999999
0.10000000000000003
2.099999999999999
2.0999999999999996
2.099999999999999
1.1
0.10000000000000009
1.0999999999999999
2.099999999999999
1.0999999999999992
1.1000000000000003
1.1
3.0999999999999996
2.099999999999999
1.1
2.1
1.1000000000000003
2.0999999999999996
1.1000000000000003
3.099999999999999
3.099999999999999
1.0999999999999999
2.099999999999999
0.09999999999999992
2.0999999999999996
2.0999999999999996
3.099999999999999
2.099999999999999
1.1000000000000003
3.0999999999999996
3.099999999999999
3.1
1.1
0.09999999999999998
3.099999999999999
3.099999999999999
2.0999999999999996
2.1
3.1
0.09999999999999992
1.1000000000000003
3.099999999999999
0.10000000000000003
4.099999999999999
2.099999999999999
2.0999999999999996
3.099999999999999
2.0999999999999996
3.0999999999999996
1.1
0.10000000000000003
3.099999999999999
2.099999999999999
1.1
3.099999999999999
2.0999999999999996
1.1000000000000003
0.1
2.099999999999999
1.1
3.099999999999999
2.1
3.099999999999999
2.099999999999999
2.0999999999999996
1.1000000000000003
0.09999999999999992
3.099999999999999
2.099999999999999
2.1
1.0999999999999999
2.099999999999999
1.1000000000000003
3.099999999999999
1.1000000000000003
2.099999999999999
2.099999999999999
2.099999999999999
3.099999999999999
1.1000000000000003
2.0999999999999996
1.1
2.1
1.1
2.099999999999999
1.1000000000000003
2.0999999999999996
0.10000000000000003
2.0999999999999996
1.1
1.1
2.099999999999999
1.1000000000000003
2.099999999999999
1.1000000000000003
1.1000000000000003
2.1
2.1
2.1
2.099999999999999
3.0999999999999996
2.1
3.099999999999999
1.1000000000000003
0.09999999999999992
1.1000000000000003
1.1000000000000003
0.09999999999999998
2.0999999999999996
1.0999999999999999
3.0999999999999996
1.1
2.1
1.1
2.1
0.09999999999999998
2.0999999999999996
2.1
0.09999999999999998
3.099999999999999
0.09999999999999998
1.1
1.1000000000000003
2.099999999999999
1.1
2.1
2.1
0.09999999999999992
2.099999999999999
2.0999999999999996
0.09999999999999992
1.1
2.1
4.100000000000001
2.0999999999999996
3.0999999999999996
2.099999999999999
1.1000000000000005
0.10000000000000003
1.1
1.1
1.1000000000000003
2.099999999999999
1.1
1.0999999999999999
3.0999999999999996
2.099999999999999
1.1
2.099999999999999
2.099999999999999
1.1000000000000003
3.099999999999999
2.099999999999999
4.1
3.099999999999999
1.1000000000000003
2.099999999999999
2.099999999999999
2.099999999999999
2.099999999999999
2.099999999999999
1.1000000000000003
1.1
2.099999999999999
1.1
3.099999999999999
1.1
1.1000000000000003
1.1000000000000003
1.1000000000000008
2.0999999999999996
2.099999999999999
3.099999999999999
2.0999999999999996
3.099999999999999
2.099999999999999
2.099999999999999
4.099999999999999
2.099999999999999
2.1
2.099999999999999
2.099999999999999
2.099999999999999
2.1
3.0999999999999996
0.0999999999999999
1.1000000000000003
2.0999999999999996
3.099999999999999
2.099999999999999
1.1000000000000003
1.1
2.099999999999999
4.1
2.099999999999999
2.099999999999999
2.099999999999999
4.1
3.099999999999999
2.0999999999999996
1.1
2.099999999999999
3.0999999999999996
2.099999999999999
1.1
1.1000000000000005
1.0999999999999994
2.099999999999999
1.1
1.1
2.099999999999999
2.099999999999999
2.099999999999999
2.099999999999999
2.099999999999999
1.1
1.1000000000000003
2.1
1.1000000000000003
3.099999999999999
1.1000000000000003
2.099999999999999
2.099999999999999
3.099999999999999
2.0999999999999996
2.1
3.099999999999999
2.0999999999999996
1.1000000000000003
1.1
1.1000000000000003
1.1000000000000003
2.0999999999999996
1.1000000000000003
2.099999999999999
2.0999999999999996
1.1
2.0999999999999996
2.099999999999999
2.0999999999999996
1.0999999999999999
2.0999999999999996
3.0999999999999996
2.1
1.1000000000000003
1.1000000000000003
2.099999999999999
1.1000000000000003
2.0999999999999996
2.099999999999999
4.099999999999999
1.1000000000000003
1.1000000000000003
2.099999999999999
4.1
1.1
1.1
1.1
1.1000000000000003
2.099999999999999
1.1
1.0999999999999999
1.1000000000000003
2.099999999999999
2.0999999999999996
1.1
2.099999999999999
1.1
2.0999999999999996
3.099999999999999
2.0999999999999996
2.0999999999999996
1.1000000000000003
1.1
1.1
1.1000000000000003
1.1
3.099999999999999
1.1000000000000003
2.099999999999999
1.1000000000000003
1.1000000000000003
3.099999999999999
1.1000000000000003
3.099999999999999
3.099999999999999
1.1000000000000003
2.099999999999999
1.1000000000000003
1.1000000000000003
2.0999999999999996
1.1000000000000003
2.099999999999999
2.099999999999999
1.1000000000000003
1.1000000000000003
1.1
1.1000000000000003
3.099999999999999
1.1000000000000003
3.0999999999999996
2.099999999999999
3.099999999999999
1.1
2.099999999999999
3.0999999999999996
2.0999999999999996
3.099999999999999
1.1000000000000003
3.099999999999999
2.1
1.1000000000000003
2.099999999999999
2.1000000000000005
3.1
1.1
1.1000000000000003
2.099999999999999
1.1000000000000003
2.099999999999999
2.1
1.1000000000000003
1.1000000000000003
2.099999999999999
2.099999999999999
1.1000000000000003
2.0999999999999996
4.1
1.1000000000000003
1.1000000000000003
2.0999999999999996
1.1
1.1
1.1000000000000003
1.1000000000000003
1.1000000000000003
3.0999999999999996
2.0999999999999996
2.1
2.1
2.099999999999999
1.1000000000000003
1.1000000000000003
2.099999999999999
3.099999999999999
1.1
3.099999999999999
1.1000000000000003
2.099999999999999
2.099999999999999
1.1000000000000008
1.1
1.1000000000000003
3.099999999999999
2.1
1.1
2.099999999999999
1.0999999999999999
2.099999999999999
1.1000000000000003
1.0999999999999999
2.0999999999999996
2.099999999999999
1.1000000000000003
1.0999999999999999
2.099999999999999
2.099999999999999
2.099999999999999
2.099999999999999
1.1000000000000003
4.1
2.099999999999999
2.1
1.1000000000000003
1.1000000000000003
4.1
1.1000000000000003
1.1000000000000003
2.1
1.1
3.0999999999999996
2.0999999999999996
1.1
3.099999999999999
2.099999999999999
2.1
1.1
2.099999999999999
1.1
2.099999999999999
2.099999999999999
2.1
1.1000000000000003
3.099999999999999
1.1000000000000003
1.1000000000000003
1.1000000000000003
1.1
1.0999999999999999
2.099999999999999
1.1
2.099999999999999
1.1
1.1000000000000003
2.1
1.1000000000000003
3.099999999999999
1.1000000000000003
2.099999999999999
2.099999999999999
2.099999999999999
1.1000000000000003
2.099999999999999
2.099999999999999
3.099999999999999
1.0999999999999992
1.1
2.0999999999999996
2.1
2.1
1.1
2.099999999999999
3.0999999999999996
2.099999999999999
2.099999999999999
2.0999999999999996
2.099999999999999
1.1000000000000003
2.0999999999999996
2.0999999999999996
1.1000000000000003
2.0999999999999996
4.1
2.099999999999999
2.099999999999999
3.099999999999999
3.099999999999999
2.0999999999999996
1.1
4.099999999999999
1.1000000000000003
2.099999999999999
1.1
2.099999999999999
1.1000000000000003
2.1
1.1000000000000003
3.099999999999999
1.1
3.099999999999999
1.0999999999999999
2.099999999999999
2.099999999999999
2.099999999999999
3.099999999999999
1.0999999999999999
1.1000000000000003
1.1000000000000003
3.099999999999999
2.0999999999999996
3.099999999999999
2.1
1.1000000000000003
2.0999999999999996
3.099999999999999
2.1
1.1000000000000003
3.099999999999999
2.099999999999999
2.0999999999999996
1.1
2.1
1.1000000000000003
1.1000000000000003
1.1000000000000003
3.099999999999999
2.0999999999999996
2.0999999999999996
1.1000000000000003
2.099999999999999
2.0999999999999996
2.099999999999999
1.1000000000000003
1.1000000000000003
2.0999999999999996
3.0999999999999996
1.1000000000000003
1.1000000000000003
2.099999999999999
2.099999999999999
1.1000000000000003
1.0999999999999996
4.1
2.099999999999999
1.1000000000000003
1.1000000000000003
2.099999999999999
2.1
2.099999999999999
3.099999999999999
2.1
3.0999999999999996
3.099999999999999
2.099999999999999
2.099999999999999
3.1
2.099999999999999
2.099999999999999
2.0999999999999996
3.099999999999999
2.099999999999999
2.099999999999999
1.1
3.099999999999999
1.1
2.099999999999999
2.099999999999999
2.099999999999999
1.1000000000000003
1.1
2.1
1.1000000000000003
1.1000000000000003
1.1000000000000005
2.099999999999999
1.1000000000000003
1.1
1.1
1.1000000000000005
2.0999999999999996
2.0999999999999996
1.1000000000000003
2.0999999999999996
1.1000000000000003
2.0999999999999996
3.099999999999999
2.099999999999999
2.099999999999999
1.1000000000000003
1.1
1.1000000000000003
3.099999999999999
1.1000000000000003
3.099999999999999
3.099999999999999
3.0999999999999996
1.1
1.1
2.0999999999999996
1.1
1.1000000000000003
1.1
1.1000000000000003
2.099999999999999
1.0999999999999999
1.1000000000000003
2.099999999999999
1.1000000000000003
1.1
3.099999999999999
1.1000000000000003
1.1000000000000003
2.0999999999999996
1.1
1.1000000000000005
2.099999999999999
1.1000000000000003
2.0999999999999996
1.1000000000000003
2.099999999999999
1.1000000000000003
1.1000000000000003
4.1000000000000005
2.099999999999999
2.0999999999999996
1.1
2.099999999999999
2.099999999999999
3.099999999999999
1.1000000000000003
3.0999999999999996
1.1000000000000003
2.099999999999999
1.1
3.099999999999999
1.1000000000000003
2.0999999999999996
1.1000000000000003
1.1000000000000003
1.1000000000000003
1.1
2.099999999999999
1.1000000000000008
4.1
2.0999999999999996
2.099999999999999
1.1000000000000003
1.1000000000000003
3.099999999999999
1.1000000000000003
2.099999999999999
2.0999999999999996
4.1
1.1
3.099999999999999
1.1000000000000003
3.099999999999999
4.1
3.0999999999999996
3.099999999999999
3.099999999999999
2.099999999999999
3.099999999999999
1.1000000000000003
3.099999999999999
3.099999999999999
3.099999999999999
3.099999999999999
3.099999999999999
1.1
2.099999999999999
4.1
2.099999999999999
2.099999999999999
2.0999999999999996
2.099999999999999
2.099999999999999
2.099999999999999
4.099999999999998
1.1000000000000003
2.099999999999999
1.1
2.0999999999999996
3.099999999999999
3.0999999999999996
2.099999999999999
2.0999999999999996
2.0999999999999996
3.099999999999999
3.099999999999999
2.099999999999999
2.099999999999999
1.1
2.099999999999999
2.0999999999999996
3.099999999999999
2.099999999999999
2.099999999999999
2.099999999999999
2.099999999999999
1.1
3.099999999999999
3.099999999999999
2.099999999999999
3.099999999999999
3.099999999999999
1.0999999999999999
2.099999999999999
2.099999999999999
2.099999999999999
4.1
1.1000000000000003
2.099999999999999
3.099999999999999
2.099999999999999
3.099999999999999
1.0999999999999999
1.1000000000000005
5.099999999999998
3.099999999999999
1.1000000000000003
3.099999999999999
3.099999999999999
4.099999999999999
1.1000000000000003
3.099999999999999
3.099999999999999
2.099999999999999
2.099999999999999
2.099999999999999
3.099999999999999
1.1000000000000005
1.1000000000000003
2.099999999999999
2.099999999999999
3.0999999999999996
2.099999999999999
1.1000000000000003
2.0999999999999996
3.099999999999999
2.1
2.099999999999999
1.1000000000000003
2.099999999999999
1.1000000000000003
3.099999999999999
2.099999999999999
3.099999999999999
2.099999999999999
3.0999999999999996
2.1
3.099999999999999
3.099999999999999
1.1000000000000008
3.099999999999999
1.1
2.099999999999999
3.099999999999999
3.099999999999999
2.099999999999999
2.099999999999999
2.1
3.099999999999999
2.099999999999999
3.099999999999999
1.1000000000000003
2.099999999999999
2.099999999999999
1.1000000000000003
3.099999999999999
3.099999999999999
2.099999999999999
2.099999999999999
2.099999999999999
3.099999999999999
1.1
2.099999999999999
1.1000000000000003
2.1
1.1
3.099999999999999
3.099999999999999
2.0999999999999996
3.0999999999999996
1.1
3.099999999999999
3.099999999999999
3.099999999999999
1.1
2.099999999999999
1.1
1.1000000000000003
1.1000000000000003
1.1
1.1
2.1
1.1000000000000003
2.1
1.1
2.099999999999999
4.1
2.099999999999999
2.099999999999999
1.1
1.1000000000000003
2.099999999999999
1.1
2.099999999999999
3.099999999999999
1.1
3.099999999999999
1.1000000000000003
2.099999999999999
4.1
2.0999999999999996
4.099999999999998
4.1
1.1000000000000003
2.0999999999999996
1.1000000000000003
2.099999999999999
2.099999999999999
3.099999999999999
1.1000000000000003
2.099999999999999
3.0999999999999996
2.099999999999999
3.099999999999999
1.1
1.1
2.099999999999999
4.099999999999999
2.099999999999999
2.099999999999999
2.099999999999999
2.0999999999999996
2.099999999999999
3.099999999999999
3.099999999999999
2.1
1.1000000000000003
1.1
2.099999999999999
2.099999999999999
1.1000000000000003
3.099999999999999
2.099999999999999
2.099999999999999
4.1
2.099999999999999
3.0999999999999996
2.099999999999999
2.099999999999999
2.099999999999999
2.099999999999999
1.1000000000000003
1.1000000000000003
3.099999999999999
3.099999999999999
1.1
2.099999999999999
2.099999999999999
3.099999999999999
1.1000000000000003
4.1
3.099999999999999
3.099999999999999
3.099999999999999
2.099999999999999
2.099999999999999
2.099999999999999
3.099999999999999
2.099999999999999
1.0999999999999992
1.1000000000000003
2.099999999999999
2.099999999999999
2.099999999999999
2.099999999999999
2.0999999999999996
2.099999999999999
2.099999999999999
1.1000000000000003
3.099999999999999
3.099999999999999
2.099999999999999
1.1000000000000003
4.099999999999999
3.099999999999999
3.099999999999999
2.1
2.099999999999999
3.099999999999999
1.1000000000000003
3.099999999999999
2.099999999999999
1.1000000000000003
3.099999999999999
1.1000000000000003
3.099999999999999
2.099999999999999
3.099999999999999
2.1
3.099999999999999
3.099999999999999
4.099999999999999
4.100000000000002
5.1
2.0999999999999996
3.099999999999999
3.099999999999999
2.099999999999999
4.1000000000000005
2.099999999999999
3.099999999999999
2.099999999999999
2.099999999999999
2.0999999999999996
1.1
3.099999999999999
1.1
2.099999999999999
3.099999999999999
3.099999999999999
2.0999999999999996
1.1000000000000003
1.0999999999999999
3.099999999999999
2.0999999999999996
2.099999999999999
3.099999999999999
3.099999999999999
4.099999999999999
1.1000000000000003
2.099999999999999
1.1
2.0999999999999996
2.099999999999999
1.1000000000000003
1.1
3.099999999999999
3.099999999999999
1.1
1.1000000000000003
1.1
2.099999999999999
1.1
2.099999999999999
2.099999999999999
1.1
4.1
4.099999999999999
3.099999999999999
1.1000000000000003
2.1
2.099999999999999
3.0999999999999996
2.0999999999999996
2.099999999999999
1.1
1.1
1.1
2.099999999999999
2.0999999999999996
2.0999999999999996
2.0999999999999996
2.099999999999999
2.099999999999999
2.099999999999999
3.0999999999999996
2.0999999999999996
2.099999999999999
3.099999999999999
1.1
2.099999999999999
2.099999999999999
2.0999999999999996
2.099999999999999
3.099999999999999
3.099999999999999
2.099999999999999
1.1
-0.9
2.0999999999999996
1.1000000000000003
1.1
1.1000000000000003
3.099999999999999
1.1000000000000003
4.099999999999999
2.099999999999999
2.099999999999999
2.099999999999999
2.0999999999999996
2.099999999999999
2.1000000000000005
2.099999999999999
2.099999999999999
2.1
1.1
3.099999999999999
2.099999999999999
1.1000000000000003
3.099999999999999
1.1
2.099999999999999
2.099999999999999
3.099999999999999
1.1000000000000003
2.0999999999999996
2.099999999999999
1.1
3.099999999999999
3.099999999999999
2.099999999999999
2.1
2.099999999999999
2.099999999999999
1.1
2.099999999999999
2.099999999999999
1.1000000000000005
2.0999999999999996
3.099999999999999
2.1
4.099999999999999
3.099999999999999
2.099999999999999
3.0999999999999996
1.1000000000000003
4.1000000000000005
2.099999999999999
3.099999999999999
1.1000000000000003
1.1000000000000003
2.099999999999999
1.1000000000000003
2.099999999999999
3.099999999999999
2.099999999999999
2.099999999999999
1.0999999999999992
3.099999999999999
2.1
2.099999999999999
3.099999999999999
3.099999999999999
2.099999999999999
2.099999999999999
3.099999999999999
3.0999999999999996
5.099999999999998
2.099999999999999
1.0999999999999999
2.099999999999999
1.0999999999999999
2.0999999999999996
3.099999999999999
2.099999999999999
2.0999999999999996
2.099999999999999
2.099999999999999
4.099999999999999
3.099999999999999
3.099999999999999
3.099999999999999
1.1
4.1
3.0999999999999996
5.1
2.099999999999999
3.099999999999999
3.099999999999999
2.099999999999999
2.099999999999999
3.099999999999999
2.099999999999999
2.0999999999999996
1.1000000000000003
2.099999999999999
3.0999999999999996
3.099999999999999
2.099999999999999
1.1000000000000003
2.099999999999999
2.099999999999999
2.099999999999999
3.099999999999999
3.099999999999999
3.099999999999999
3.099999999999999
2.099999999999999
2.099999999999999
1.1
1.1000000000000003
2.0999999999999996
3.099999999999999
2.099999999999999
4.1000000000000005
2.099999999999999
3.099999999999999
3.0999999999999996
1.1
3.099999999999999
3.099999999999999
2.099999999999999
2.099999999999999
3.099999999999999
3.099999999999999
3.099999999999999
3.099999999999999
3.099999999999999
2.099999999999999
3.099999999999999
2.099999999999999
2.099999999999999
3.099999999999999
3.099999999999999
2.099999999999999
2.099999999999999
2.099999999999999
3.099999999999999
2.099999999999999
2.099999999999999
2.099999999999999
3.099999999999999
2.1
3.099999999999999
2.099999999999999
2.099999999999999
2.099999999999999
3.099999999999999
3.0999999999999996
3.099999999999999
2.099999999999999
4.1
3.0999999999999996
3.0999999999999996
3.099999999999999
2.099999999999999
3.099999999999999
3.099999999999999
2.099999999999999
2.099999999999999
3.099999999999999
1.1
2.099999999999999
1.0999999999999996
2.0999999999999996
3.099999999999999
1.1000000000000003
2.0999999999999996
2.099999999999999
2.0999999999999996
3.099999999999999
4.1
3.099999999999999
1.1000000000000003
4.099999999999999
2.099999999999999
1.1000000000000003
3.099999999999999
2.099999999999999
3.099999999999999
1.1000000000000003
2.099999999999999
2.099999999999999
2.0999999999999996
3.099999999999999
1.1000000000000003
2.099999999999999
4.1
1.1000000000000003
3.099999999999999
2.099999999999999
3.099999999999999
2.1
1.1
3.099999999999999
2.099999999999999
3.099999999999999
3.099999999999999
2.099999999999999
3.099999999999999
3.099999999999999
2.099999999999999
1.1000000000000003
2.099999999999999
2.099999999999999
2.099999999999999
2.099999999999999
2.099999999999999
3.099999999999999
2.099999999999999
2.099999999999999
3.099999999999999
2.0999999999999996
3.0999999999999996
2.099999999999999
2.1
3.099999999999999
3.099999999999999
3.099999999999999
3.099999999999999
3.099999999999999
1.1000000000000003
1.1000000000000003
2.099999999999999
2.099999999999999
3.0999999999999996
1.1000000000000003
3.099999999999999
3.099999999999999
3.099999999999999
1.1000000000000003
2.0999999999999996
4.1
2.099999999999999
2.099999999999999
2.099999999999999
3.099999999999999
2.099999999999999
2.0999999999999996
2.0999999999999996
3.099999999999999
3.099999999999999
4.1
3.099999999999999
2.099999999999999
2.0999999999999996
2.0999999999999996
2.099999999999999
3.0999999999999996
2.099999999999999
3.099999999999999
2.099999999999999
4.099999999999999
2.099999999999999
2.099999999999999
2.099999999999999
2.099999999999999
2.0999999999999996
3.099999999999999
3.099999999999999
4.1
2.099999999999999
3.099999999999999
2.099999999999999
2.099999999999999
5.100000000000001
2.099999999999999
2.099999999999999
3.0999999999999996
2.0999999999999996
4.099999999999999
3.099999999999999
2.099999999999999
1.1000000000000003
2.099999999999999
3.0999999999999996
3.099999999999999
2.099999999999999
3.099999999999999
4.099999999999998
2.0999999999999996
2.099999999999999
3.099999999999999
3.099999999999999
2.099999999999999
2.099999999999999
2.0999999999999996
2.099999999999999
2.099999999999999
4.1000000000000005
2.0999999999999996
4.099999999999999
3.099999999999999
3.099999999999999
4.1
5.1000000000000005
3.0999999999999996
3.099999999999999
2.0999999999999996
2.0999999999999996
4.099999999999999
2.099999999999999
4.1
3.1
2.099999999999999
2.099999999999999
3.099999999999999
3.099999999999999
3.099999999999999
3.099999999999999
2.0999999999999996
2.099999999999999
2.099999999999999
4.1
3.099999999999999
4.1
3.099999999999999
4.1
2.099999999999999
2.099999999999999
4.1
3.099999999999999
3.099999999999999
3.1
2.1
4.099999999999999
2.099999999999999
2.099999999999999
2.099999999999999
2.099999999999999
2.099999999999999
1.1
3.099999999999999
4.099999999999999
3.099999999999999
3.099999999999999
3.0999999999999996
2.0999999999999996
2.1
1.1000000000000003
1.0999999999999996
2.099999999999999
4.1
4.1
3.099999999999999
2.099999999999999
2.0999999999999996
2.099999999999999
2.0999999999999996
3.099999999999999
3.099999999999999
3.099999999999999
2.099999999999999
3.099999999999999
2.099999999999999
3.099999999999999
1.1000000000000003
4.1
3.0999999999999996
4.1
2.099999999999999
2.0999999999999996
3.1
2.099999999999999
3.099999999999999
3.099999999999999
2.099999999999999
4.1
3.099999999999999
2.0999999999999996
4.1
2.099999999999999
2.099999999999999
3.099999999999999
2.099999999999999
2.099999999999999
1.1000000000000003
3.099999999999999
0.10000000000000009
2.0999999999999996
3.099999999999999
4.1
3.099999999999999
4.1
3.099999999999999
4.1
3.099999999999999
4.099999999999999
3.099999999999999
3.099999999999999
3.099999999999999
3.099999999999999
2.0999999999999996
1.1000000000000003
3.099999999999999
2.099999999999999
3.099999999999999
3.099999999999999
2.099999999999999
3.099999999999999
2.099999999999999
1.1000000000000003
3.099999999999999
3.0999999999999996
2.099999999999999
3.099999999999999
5.099999999999999
2.099999999999999
1.1000000000000003
3.099999999999999
3.0999999999999996
3.099999999999999
2.099999999999999
3.099999999999999
3.099999999999999
2.1
3.099999999999999
2.099999999999999
2.099999999999999
3.099999999999999
1.1
3.099999999999999
2.099999999999999
2.099999999999999
3.0999999999999996
3.099999999999999
2.0999999999999996
3.099999999999999
3.099999999999999
3.099999999999999
2.1000000000000005
2.099999999999999
2.099999999999999
1.1
4.1
4.099999999999999
2.099999999999999
2.099999999999999
3.099999999999999
3.099999999999999
3.099999999999999
2.1
2.0999999999999996
3.0999999999999996
5.099999999999999
2.1
3.099999999999999
3.099999999999999
2.099999999999999
2.099999999999999
3.099999999999999
2.099999999999999
3.0999999999999996
2.099999999999999
3.099999999999999
1.1000000000000003
2.099999999999999
3.099999999999999
3.099999999999999
3.099999999999999
2.099999999999999
4.099999999999999
3.099999999999999
3.099999999999999
2.099999999999999
3.099999999999999
3.099999999999999
3.099999999999999
3.099999999999999
3.099999999999999
3.099999999999999
2.099999999999999
3.099999999999999
2.099999999999999
2.099999999999999
3.099999999999999
2.0999999999999996
3.099999999999999
3.099999999999999
4.1
3.099999999999999
2.099999999999999
2.0999999999999996
2.099999999999999
3.099999999999999
3.099999999999999
3.099999999999999
2.099999999999999
3.099999999999999
3.0999999999999996
3.099999999999999
2.099999999999999
1.1000000000000003
3.099999999999999
3.099999999999999
3.0999999999999996
4.099999999999999
2.099999999999999
4.1000000000000005
3.099999999999999
3.099999999999999
1.1000000000000003
3.099999999999999
1.1
4.099999999999999
2.099999999999999
2.099999999999999
3.099999999999999
3.0999999999999996
3.099999999999999
4.1
2.099999999999999
4.099999999999997
3.099999999999999
5.1
3.099999999999999
3.0999999999999996
1.1000000000000003
4.099999999999999
4.1
3.099999999999999
2.099999999999999
3.099999999999999
2.099999999999999
3.099999999999999
2.099999999999999
1.1000000000000003
2.099999999999999
2.099999999999999
4.099999999999999
2.099999999999999
3.0999999999999996
2.099999999999999
4.099999999999999
4.1
4.099999999999998
3.0999999999999996
2.0999999999999996
3.099999999999999
2.099999999999999
3.099999999999999
2.099999999999999
1.1000000000000003
3.0999999999999996
3.0999999999999996
3.099999999999999
3.099999999999999
3.099999999999999
3.0999999999999996
2.1
2.1
3.099999999999999
2.099999999999999
4.1
3.099999999999999
3.099999999999999
3.099999999999999
3.099999999999999
3.0999999999999996
2.1
2.099999999999999
4.099999999999999
4.099999999999999
3.0999999999999996
2.099999999999999
4.1
3.0999999999999996
5.099999999999999
2.099999999999999
2.099999999999999
3.099999999999999
3.099999999999999
2.099999999999999
2.099999999999999
3.099999999999999
4.099999999999999
3.099999999999999
1.1000000000000003
2.099999999999999
2.099999999999999
3.099999999999999
2.099999999999999
4.099999999999999
3.099999999999999
4.1
4.100000000000002
3.099999999999999
3.0999999999999996
4.1
3.099999999999999
3.099999999999999
3.0999999999999996
2.099999999999999
3.099999999999999
1.1000000000000003
4.1
2.099999999999999
3.1
3.099999999999999
2.099999999999999
2.0999999999999996
4.099999999999999
2.099999999999999
3.099999999999999
2.099999999999999
4.1
3.099999999999999
3.0999999999999996
2.099999999999999
3.099999999999999
3.099999999999999
2.1
3.1000000000000005
3.099999999999999
2.099999999999999
3.099999999999999
4.1
2.099999999999999
3.099999999999999
3.099999999999999
2.1
1.1
3.099999999999999
2.0999999999999996
4.1
4.099999999999999
2.099999999999999
2.099999999999999
3.099999999999999
2.099999999999999
2.1
1.1000000000000003
4.099999999999999
4.1
3.099999999999999
2.099999999999999
3.099999999999999
3.099999999999999
2.099999999999999
2.099999999999999
3.099999999999999
4.1
2.0999999999999996
2.099999999999999
3.099999999999999
4.099999999999999
4.099999999999999
3.099999999999999
3.0999999999999996
3.099999999999999
3.099999999999999
3.099999999999999
2.0999999999999996
4.099999999999999
3.099999999999999
5.1000000000000005
2.099999999999999
3.099999999999999
2.099999999999999
4.1
4.1
2.099999999999999
3.099999999999999
3.099999999999999
1.0999999999999999
2.099999999999999
3.099999999999999
4.1
3.0999999999999996
3.0999999999999996
3.099999999999999
4.1
3.0999999999999996
3.099999999999999
3.1
2.0999999999999996
4.1
2.099999999999999
3.099999999999999
3.0999999999999996
4.1
2.1000000000000005
3.099999999999999
2.099999999999999
2.099999999999999
3.099999999999999
3.099999999999999
4.099999999999999
2.099999999999999
0.10000000000000003
1.1000000000000003
4.1
3.0999999999999996
1.1000000000000003
4.1
4.099999999999999
3.099999999999999
3.0999999999999996
4.099999999999999
3.099999999999999
4.099999999999999
1.1
3.099999999999999
3.099999999999999
3.099999999999999
3.099999999999999
2.099999999999999
3.099999999999999
2.099999999999999
3.099999999999999
3.0999999999999996
2.099999999999999
4.1000000000000005
2.0999999999999996
3.099999999999999
2.099999999999999
3.099999999999999
1.1000000000000003
5.099999999999999
4.1000000000000005
2.0999999999999996
2.099999999999999
3.099999999999999
4.099999999999999
2.099999999999999
4.1
2.099999999999999
2.099999999999999
5.099999999999999
4.099999999999999
3.099999999999999
3.0999999999999996
3.099999999999999
4.099999999999999
2.0999999999999996
3.099999999999999
4.099999999999999
2.099999999999999
3.0999999999999996
3.0999999999999996
4.099999999999999
3.099999999999999
2.099999999999999
3.0999999999999996
1.1
3.099999999999999
3.099999999999999
1.0999999999999996
3.099999999999999
3.099999999999999
3.099999999999999
1.1000000000000003
2.099999999999999
4.1
3.099999999999999
4.1
4.099999999999999
3.099999999999999
2.0999999999999996
6.100000000000001
3.099999999999999
2.0999999999999996
3.099999999999999
4.099999999999999
4.1000000000000005
3.099999999999999
2.099999999999999
4.099999999999999
3.099999999999999
3.099999999999999
3.099999999999999
3.099999999999999
1.1000000000000003
3.099999999999999
3.099999999999999
3.1
3.099999999999999
3.099999999999999
3.099999999999999
3.099999999999999
3.099999999999999
2.1
3.0999999999999996
3.099999999999999
2.099999999999999
3.099999999999999
5.1
2.099999999999999
2.099999999999999
4.099999999999999
3.099999999999999
5.099999999999999
3.099999999999999
5.1000000000000005
3.099999999999999
3.0999999999999996
3.099999999999999
2.099999999999999
5.099999999999999
5.099999999999999
3.099999999999999
4.099999999999998
3.099999999999999
4.100000000000001
1.1000000000000003
4.1000000000000005
4.099999999999999
3.099999999999999
2.099999999999999
3.099999999999999
2.0999999999999996
3.099999999999999
3.099999999999999
3.099999999999999
4.1
4.099999999999999
2.099999999999999
3.0999999999999996
5.099999999999999
3.099999999999999
3.099999999999999
2.1
4.099999999999999
3.099999999999999
5.099999999999999
5.099999999999999
3.099999999999999
4.1
2.099999999999999
3.099999999999999
3.099999999999999
4.099999999999999
4.1
3.099999999999999
3.099999999999999
6.099999999999999
3.099999999999999
4.1000000000000005
3.0999999999999996
4.099999999999999
5.099999999999999
4.099999999999999
4.1
3.099999999999999
3.0999999999999996
2.099999999999999
5.1
3.099999999999999
2.099999999999999
4.1
4.100000000000002
4.1
3.099999999999999
3.099999999999999
3.099999999999999
3.099999999999999
3.099999999999999
4.1
2.1
2.099999999999999
4.1
6.099999999999999
3.099999999999999
5.099999999999999
6.099999999999999
4.099999999999999
3.099999999999999
3.099999999999999
3.099999999999999
1.1000000000000003
4.1
4.1
3.099999999999999
4.099999999999999
3.099999999999999
4.100000000000001
3.099999999999999
4.099999999999999
3.099999999999999
6.099999999999998
4.099999999999999
2.099999999999999
3.0999999999999996
2.0999999999999996
3.099999999999999
3.099999999999999
3.099999999999999
4.099999999999999
4.099999999999999
4.1
4.099999999999999
1.1
3.099999999999999
2.099999999999999
4.099999999999999
4.099999999999998
4.099999999999998
4.099999999999999
3.099999999999999
2.099999999999999
2.0999999999999996
2.099999999999999
3.099999999999999
3.0999999999999996
3.099999999999999
2.0999999999999996
4.1
4.099999999999999
4.1
3.099999999999999
3.099999999999999
4.1
5.099999999999999
2.0999999999999996
3.099999999999999
5.099999999999999
4.099999999999999
3.099999999999999
4.1
5.1
4.1
4.099999999999999
4.1
2.099999999999999
3.099999999999999
3.099999999999999
3.099999999999999
4.100000000000001
5.099999999999998
3.099999999999999
3.099999999999999
4.099999999999999
3.099999999999999
3.099999999999999
1.1000000000000005
5.099999999999999
4.1000000000000005
3.099999999999999
5.1
5.099999999999999
3.099999999999999
5.1
3.099999999999999
4.099999999999998
2.099999999999999
3.099999999999999
4.1
5.099999999999999
3.099999999999999
3.099999999999999
5.099999999999998
4.1
2.099999999999999
3.099999999999999
3.1
4.099999999999999
5.099999999999999
2.0999999999999996
3.0999999999999996
4.099999999999999
4.1
3.099999999999999
7.100000000000002
4.1
4.1
4.1000000000000005
4.099999999999999
3.0999999999999996
3.099999999999999
3.099999999999999
3.099999999999999
4.1
3.099999999999999
4.1000000000000005
3.099999999999999
4.099999999999999
5.099999999999999
3.0999999999999996
3.0999999999999996
4.1
4.1
3.099999999999999
4.099999999999998
3.099999999999999
3.099999999999999
3.099999999999999
5.099999999999999
5.099999999999999
3.099999999999999
4.1
4.1
3.099999999999999
3.099999999999999
2.099999999999999
4.099999999999999
3.099999999999999
5.099999999999999
4.099999999999999
4.099999999999999
4.099999999999999
4.099999999999999
4.1000000000000005
3.099999999999999
5.1000000000000005
3.099999999999999
4.099999999999999
3.0999999999999996
5.1
2.099999999999999
2.099999999999999
2.099999999999999
3.099999999999999
4.099999999999998
1.1
2.099999999999999
3.099999999999999
4.1000000000000005
3.0999999999999996
4.099999999999999
3.099999999999999
3.099999999999999
4.1
5.1000000000000005
3.0999999999999996
5.1
3.099999999999999
4.1
4.1
5.1
5.1
4.1
4.099999999999999
4.099999999999999
4.1
3.099999999999999
3.099999999999999
3.0999999999999996
6.100000000000001
5.099999999999999
4.100000000000001
2.099999999999999
4.099999999999999
2.099999999999999
4.1
3.099999999999999
5.099999999999999
4.1000000000000005
6.1
6.099999999999999
3.099999999999999
4.1
4.1
3.099999999999999
5.100000000000001
4.099999999999999
3.099999999999999
4.099999999999999
4.099999999999999
5.099999999999999
4.099999999999999
4.1
2.099999999999999
4.1
2.1
4.099999999999999
4.1
5.099999999999999
4.1
2.099999999999999
4.1
3.0999999999999996
4.099999999999999
0.09999999999999992
3.099999999999999
4.099999999999999
5.099999999999999
3.099999999999999
5.1
2.099999999999999
4.1
4.1
4.1
3.099999999999999
2.099999999999999
3.099999999999999
3.099999999999999
4.099999999999999
5.099999999999999
2.099999999999999
2.0999999999999996
5.100000000000001
4.1
4.1
3.099999999999999
4.099999999999999
5.1
4.099999999999999
3.0999999999999996
2.099999999999999
4.1
3.099999999999999
5.100000000000002
5.099999999999998
3.099999999999999
4.099999999999999
4.1
4.1
4.099999999999999
2.099999999999999
4.099999999999999
5.099999999999999
3.099999999999999
5.1000000000000005
3.099999999999999
1.0999999999999999
3.099999999999999
4.1
4.099999999999999
2.099999999999999
4.099999999999998
4.099999999999999
5.099999999999998
2.0999999999999996
3.099999999999999
5.1
3.099999999999999
4.099999999999997
2.099999999999999
3.099999999999999
4.099999999999999
3.099999999999999
3.099999999999999
5.099999999999999
5.1
4.099999999999999
2.0999999999999996
2.099999999999999
5.1
4.100000000000001
3.099999999999999
4.099999999999999
5.099999999999999
3.0999999999999996
3.099999999999999
5.099999999999999
2.099999999999999
5.099999999999999
4.1
3.0999999999999996
4.1
2.099999999999999
3.099999999999999
3.099999999999999
3.099999999999999
4.099999999999999
5.099999999999999
3.099999999999999
3.099999999999999
3.099999999999999
3.099999999999999
4.099999999999999
4.1000000000000005
3.099999999999999
4.1000000000000005
4.1
3.099999999999999
4.099999999999999
3.099999999999999
4.099999999999999
2.099999999999999
4.099999999999999
3.099999999999999
5.099999999999999
3.099999999999999
5.100000000000002
4.099999999999999
4.1
2.1
3.099999999999999
4.099999999999999
4.1
3.099999999999999
5.1
5.099999999999999
5.1000000000000005
5.099999999999999
4.099999999999999
4.100000000000003
6.099999999999999
3.0999999999999996
5.1
5.099999999999999
3.099999999999999
6.1
4.099999999999999
4.100000000000001
2.099999999999999
4.1
4.099999999999999
4.1
5.099999999999999
4.100000000000002
4.1
3.099999999999999
3.099999999999999
4.099999999999999
5.099999999999999
6.1
4.099999999999999
3.099999999999999
5.100000000000003
5.099999999999999
6.099999999999998
4.1
4.099999999999999
5.1
4.1
5.099999999999998
4.099999999999999
2.099999999999999
3.099999999999999
4.099999999999999
5.099999999999998
4.099999999999999
3.099999999999999
4.099999999999999
4.1
6.099999999999999
5.099999999999999
4.099999999999999
5.099999999999999
4.1
4.099999999999999
4.1
5.099999999999999
6.1
3.0999999999999996
0.09999999999999992
5.100000000000001
5.099999999999998
5.1000000000000005
4.099999999999999
2.099999999999999
4.1000000000000005
3.1
5.1
5.099999999999999
5.099999999999999
5.1
5.099999999999999
4.099999999999999
4.099999999999999
3.099999999999999
4.099999999999999
5.1
5.099999999999999
5.1
4.099999999999999
3.099999999999999
6.099999999999999
4.099999999999999
4.099999999999999
4.099999999999999
5.099999999999998
6.1
4.1
2.0999999999999996
5.099999999999998
5.099999999999999
5.1
5.099999999999999
5.1
5.099999999999999
4.1
3.0999999999999996
4.099999999999999
4.099999999999999
3.099999999999999
4.1000000000000005
3.099999999999999
4.099999999999999
5.1000000000000005
4.099999999999999
5.099999999999999
4.099999999999999
4.1000000000000005
1.1000000000000003
5.099999999999999
3.099999999999999
4.1
5.099999999999998
2.099999999999999
4.099999999999999
5.099999999999999
3.0999999999999996
3.099999999999999
5.1
5.099999999999999
2.099999999999999
4.099999999999999
4.099999999999999
3.099999999999999
4.1
5.099999999999999
4.099999999999999
4.1
4.1000000000000005
6.099999999999998
6.099999999999999
5.100000000000001
5.1
4.100000000000001
4.099999999999999
3.099999999999999
5.1
2.099999999999999
5.1
3.099999999999999
5.099999999999999
4.099999999999999
6.1
4.1
5.099999999999999
6.099999999999999
3.099999999999999
5.099999999999998
5.099999999999999
6.099999999999999
5.099999999999998
3.099999999999999
3.099999999999999
2.099999999999999
4.099999999999999
6.099999999999998
5.100000000000002
5.099999999999999
3.099999999999999
4.099999999999999
3.0999999999999996
5.099999999999999
4.1
6.099999999999999
3.099999999999999
4.099999999999999
2.1
6.099999999999998
4.099999999999999
3.099999999999999
4.1000000000000005
3.0999999999999996
4.1
5.099999999999999
5.1
5.099999999999999
3.0999999999999996
4.099999999999999
3.0999999999999996
3.099999999999999
3.099999999999999
4.099999999999999
5.1
5.099999999999999
5.099999999999999
5.099999999999999
3.099999999999999
5.1
3.099999999999999
5.099999999999999
4.100000000000001
6.099999999999999
4.099999999999999
6.099999999999999
4.1
5.099999999999999
3.099999999999999
5.100000000000002
5.099999999999999
3.099999999999999
5.099999999999999
4.1
4.1
4.1000000000000005
3.099999999999999
5.099999999999999
4.099999999999999
4.1000000000000005
6.099999999999999
4.099999999999999
3.0999999999999996
4.099999999999998
3.099999999999999
4.099999999999999
5.099999999999999
4.1
5.099999999999998
3.099999999999999
4.099999999999999
4.099999999999998
3.0999999999999996
3.099999999999999
3.099999999999999
5.100000000000001
3.099999999999999
5.1
3.099999999999999
4.099999999999999
5.1
3.099999999999999
3.099999999999999
4.099999999999999
3.099999999999999
6.1000000000000005
4.1
6.100000000000002
4.099999999999999
5.1
5.099999999999999
5.099999999999999
2.099999999999999
4.100000000000003
2.099999999999999
5.1
4.099999999999999
4.100000000000003
4.1
4.099999999999999
4.099999999999999
3.099999999999999
3.099999999999999
5.1
3.099999999999999
4.099999999999999
3.099999999999999
4.099999999999999
4.099999999999999
5.1
3.0999999999999996
4.100000000000002
5.099999999999999
4.099999999999999
3.099999999999999
4.1
6.099999999999999
4.100000000000001
2.0999999999999996
6.099999999999999
5.099999999999999
3.099999999999999
4.100000000000003
6.099999999999999
6.1
5.099999999999999
4.099999999999999
5.1
5.099999999999999
4.1
5.1
4.1
3.099999999999999
3.099999999999999
5.1
4.099999999999999
5.1
4.1
5.099999999999998
6.1
5.099999999999999
4.1
4.099999999999998
3.0999999999999996
4.1000000000000005
4.099999999999999
4.1
4.1
4.1000000000000005
4.100000000000001
4.099999999999999
4.099999999999999
4.099999999999999
3.0999999999999996
3.099999999999999
5.1
3.099999999999999
5.1000000000000005
4.099999999999999
4.099999999999999
4.1000000000000005
5.099999999999999
3.099999999999999
5.1000000000000005
5.099999999999999
5.099999999999999
6.1
4.1
4.099999999999999
5.1
4.1
4.1000000000000005
4.1
3.099999999999999
4.1000000000000005
5.099999999999999
2.099999999999999
5.1
1.1000000000000003
2.099999999999999
3.0999999999999996
4.099999999999999
5.099999999999998
5.099999999999998
5.1000000000000005
4.100000000000003
4.099999999999998
5.100000000000003
4.099999999999999
4.099999999999998
5.099999999999999
4.099999999999999
5.1000000000000005
5.1
5.1
6.1
5.099999999999999
6.099999999999999
3.099999999999999
5.099999999999999
4.100000000000001
4.099999999999999
2.0999999999999996
5.099999999999999
4.100000000000002
4.099999999999999
6.099999999999999
6.099999999999998
4.099999999999999
6.099999999999999
4.099999999999999
5.099999999999999
6.1
6.1
6.100000000000001
6.099999999999997
4.1
4.1
5.099999999999998
2.099999999999999
3.099999999999999
5.099999999999999
4.100000000000003
3.099999999999999
3.099999999999999
5.099999999999999
3.0999999999999996
4.099999999999998
5.100000000000001
4.1
5.1
4.1
3.099999999999999
3.099999999999999
3.099999999999999
4.099999999999999
3.0999999999999996
3.099999999999999
4.099999999999998
5.099999999999999
4.100000000000003
6.099999999999998
3.099999999999999
4.099999999999999
4.1
4.1
5.1000000000000005
4.099999999999999
5.099999999999999
5.100000000000001
6.1
4.099999999999999
6.099999999999997
5.099999999999999
5.099999999999999
5.100000000000001
5.099999999999999
4.1
4.099999999999999
4.1
4.1
5.1
4.1
5.1
5.099999999999999
5.099999999999999
6.099999999999999
7.099999999999998
7.099999999999997
5.1
5.099999999999999
4.100000000000002
4.099999999999999
5.099999999999999
3.099999999999999
3.099999999999999
4.099999999999999
3.099999999999999
5.1
3.099999999999999
5.099999999999999
6.099999999999999
5.100000000000003
3.099999999999999
6.099999999999998
4.099999999999999
5.099999999999999
5.099999999999999
5.1000000000000005
5.099999999999999
6.1
6.100000000000001
6.100000000000003
5.1
3.099999999999999
5.099999999999999
5.099999999999999
4.1
6.099999999999998
3.099999999999999
6.099999999999999
5.099999999999999
5.1
5.1
4.099999999999999
4.099999999999999
4.099999999999999
5.1
6.099999999999999
6.099999999999999
3.099999999999999
4.099999999999999
4.099999999999999
3.099999999999999
5.1000000000000005
6.1
4.1
3.099999999999999
4.100000000000003
4.1000000000000005
5.099999999999999
5.099999999999997
5.1000000000000005
3.099999999999999
4.099999999999999
6.099999999999999
5.1
5.099999999999999
5.099999999999997
5.099999999999999
4.099999999999998
4.1
3.099999999999999
5.099999999999999
6.1
4.099999999999999
4.099999999999999
5.1
6.099999999999998
4.1000000000000005
4.099999999999999
5.1
5.1
4.1
5.099999999999998
5.1
4.1
5.100000000000001
4.1
4.1
4.100000000000002
5.099999999999999
5.099999999999999
6.1
6.099999999999999
5.099999999999999
6.099999999999999
5.1
5.1
5.1
5.099999999999998
4.1
5.1
5.099999999999999
4.099999999999999
4.1
4.1000000000000005
6.099999999999999
4.099999999999999
6.099999999999999
4.1
4.1
3.099999999999999
5.099999999999999
5.1
4.099999999999999
6.099999999999998
4.099999999999998
4.1
5.099999999999999
6.1
5.100000000000001
3.099999999999999
4.099999999999999
3.099999999999999
4.1
5.1000000000000005
6.100000000000001
4.1
4.099999999999999
3.099999999999999
4.099999999999999
3.1
6.099999999999998
4.1
5.099999999999999
5.099999999999999
6.1
5.1
4.099999999999999
6.1
5.1
5.1000000000000005
4.100000000000003
5.1000000000000005
6.1000000000000005
5.100000000000002
5.099999999999999
5.1
4.099999999999999
6.099999999999999
5.099999999999999
4.099999999999999
6.099999999999999
4.1000000000000005
4.099999999999999
6.099999999999999
5.1
4.099999999999999
4.100000000000001
5.1
3.099999999999999
5.1
5.099999999999999
4.1000000000000005
5.099999999999999
2.1
4.1000000000000005
5.099999999999999
5.1
5.099999999999999
5.099999999999999
4.1
4.1000000000000005
5.099999999999999
5.099999999999999
3.099999999999999
3.0999999999999996
4.099999999999999
4.1
5.1
5.099999999999999
4.1
5.099999999999999
3.099999999999999
6.099999999999999
5.099999999999999
5.099999999999998
5.1000000000000005
6.1
6.1
4.099999999999999
4.099999999999999
5.099999999999999
5.1
6.099999999999998
4.099999999999999
4.1000000000000005
6.099999999999997
5.1000000000000005
6.1
5.099999999999999
6.099999999999998
5.099999999999999
5.099999999999999
6.099999999999999
4.1
4.1
3.099999999999999
6.099999999999999
4.1
4.1
5.099999999999998
5.099999999999998
4.1
2.099999999999999
5.1
5.099999999999999
3.0999999999999996
4.099999999999999
4.1
6.099999999999998
5.099999999999999
4.1
4.099999999999997
4.099999999999999
5.099999999999999
4.099999999999999
6.099999999999999
4.099999999999999
5.099999999999998
6.099999999999998
4.1
6.099999999999998
5.099999999999999
6.099999999999999
6.099999999999998
4.1000000000000005
6.099999999999999
5.1
6.1
5.099999999999999
3.099999999999999
5.099999999999999
6.1
5.1
6.1000000000000005
5.1000000000000005
6.099999999999999
5.100000000000003
6.100000000000001
4.100000000000003
5.099999999999999
5.1000000000000005
4.099999999999998
5.099999999999999
5.1
4.099999999999999
3.099999999999999
6.099999999999999
5.1
6.099999999999999
6.099999999999998
6.099999999999996
5.1
5.099999999999999
5.099999999999998
4.099999999999999
5.1
5.1
5.1
4.1
4.099999999999999
6.1
5.099999999999999
3.099999999999999
4.099999999999999
5.1
4.100000000000003
5.099999999999999
5.099999999999999
4.099999999999999
6.099999999999999
5.1
4.1000000000000005
5.099999999999999
2.1
3.099999999999999
5.1000000000000005
6.1
5.1
4.1000000000000005
5.1
3.099999999999999
4.099999999999999
6.099999999999999
5.1
5.099999999999999
4.100000000000001
5.099999999999999
3.099999999999999
4.1
4.099999999999999
6.099999999999999
5.099999999999997
5.099999999999998
4.099999999999999
6.100000000000002
6.099999999999999
5.1
4.1
6.099999999999997
4.099999999999999
4.099999999999998
5.099999999999999
4.099999999999999
4.099999999999999
4.099999999999999
5.099999999999999
4.099999999999999
5.099999999999999
4.100000000000001
5.1
5.1
5.099999999999999
7.100000000000001
5.099999999999999
6.099999999999999
3.099999999999999
4.099999999999997
3.1
3.1
6.1
5.1000000000000005
4.099999999999998
4.1
3.099999999999999
3.099999999999999
4.1
6.099999999999999
5.099999999999999
5.100000000000001
6.099999999999999
5.099999999999999
4.1
5.100000000000001
4.099999999999998
3.099999999999999
5.1
4.099999999999999
5.1
4.1000000000000005
5.099999999999998
5.1
4.099999999999999
5.099999999999999
3.0999999999999996
4.1
4.099999999999999
4.099999999999999
3.099999999999999
5.1
5.099999999999999
2.099999999999999
6.100000000000001
6.099999999999999
5.1
5.099999999999999
4.100000000000002
4.099999999999999
3.099999999999999
4.1
5.099999999999999
6.099999999999998
6.1
5.099999999999999
6.1
5.099999999999999
5.099999999999999
5.1
5.100000000000001
4.1
5.100000000000001
5.1
6.1
4.1
5.099999999999999
6.099999999999999
5.099999999999998
6.099999999999999
6.100000000000001
6.099999999999998
5.099999999999999
4.1
5.1
5.1
5.1000000000000005
6.1000000000000005
5.099999999999999
3.099999999999999
5.099999999999999
3.099999999999999
6.099999999999998
5.1
4.099999999999999
5.099999999999999
6.099999999999999
6.099999999999999
6.099999999999997
5.099999999999999
5.1000000000000005
3.099999999999999
4.1
4.099999999999998
4.1
6.099999999999999
4.1000000000000005
3.0999999999999996
6.099999999999998
4.1
6.099999999999998
3.099999999999999
6.099999999999999
3.099999999999999
5.099999999999999
5.099999999999999
6.1
6.1000000000000005
5.099999999999997
5.099999999999999
6.099999999999999
5.1
6.099999999999999
5.099999999999998
6.099999999999999
5.099999999999999
4.099999999999999
6.099999999999997
4.1
6.099999999999999
5.1000000000000005
4.099999999999999
5.099999999999999
6.100000000000001
5.099999999999998
5.099999999999999
2.099999999999999
4.099999999999999
5.099999999999999
5.099999999999999
5.099999999999999
4.1
4.099999999999999
5.100000000000001
5.099999999999998
4.1
6.100000000000001
3.099999999999999
4.1
4.1
3.099999999999999
4.099999999999999
5.1000000000000005
5.099999999999999
5.100000000000001
3.099999999999999
5.099999999999998
5.099999999999999
6.099999999999996
6.099999999999997
5.099999999999999
4.1
6.099999999999999
4.099999999999999
6.100000000000002
5.100000000000001
5.099999999999999
5.1
5.099999999999999
5.099999999999999
7.1
6.099999999999998
4.100000000000001
5.099999999999999
6.099999999999997
4.1
6.099999999999998
5.099999999999999
6.1
5.099999999999997
5.1
5.099999999999999
7.099999999999999
6.099999999999998
6.1
6.1000000000000005
6.099999999999998
6.099999999999999
3.099999999999999
4.099999999999997
5.099999999999999
6.099999999999999
3.099999999999999
6.100000000000001
6.099999999999999
4.099999999999999
5.1
5.1
5.099999999999999
6.099999999999999
4.1000000000000005
4.099999999999999
5.099999999999999
5.1
5.1
4.1
6.1
4.100000000000003
5.1000000000000005
4.1
6.099999999999999
5.099999999999997
5.099999999999999
6.099999999999998
5.099999999999999
7.1
5.099999999999999
7.099999999999999
5.1000000000000005
6.099999999999998
5.1
6.099999999999999
4.099999999999999
5.1
6.099999999999997
6.099999999999999
5.099999999999999
5.099999999999999
4.1
5.099999999999999
6.099999999999997
3.099999999999999
6.099999999999998
6.099999999999998
3.099999999999999
6.099999999999997
5.099999999999999
6.099999999999999
4.1
6.099999999999998
5.099999999999999
5.099999999999999
5.1
4.099999999999998
6.099999999999999
5.1
4.1
4.099999999999999
4.099999999999999
3.099999999999999
6.099999999999999
6.099999999999999
5.099999999999999
5.1
3.0999999999999996
6.1
5.099999999999999
5.099999999999999
5.099999999999999
5.1000000000000005
4.1
4.1000000000000005
5.099999999999999
2.099999999999999
6.099999999999998
6.099999999999999
5.099999999999999
6.099999999999999
6.099999999999999
6.1
6.099999999999997
4.1
4.100000000000001
5.100000000000003
5.099999999999999
3.099999999999999
6.099999999999999
6.099999999999999
6.099999999999998
6.099999999999999
6.099999999999999
5.099999999999999
5.100000000000001
5.099999999999999
4.099999999999998
1.1
6.099999999999998
5.099999999999999
6.099999999999998
5.099999999999998
5.1000000000000005
6.1000000000000005
5.1
3.099999999999999
5.1
4.1
6.099999999999999
5.099999999999999
6.100000000000001
5.1
6.099999999999997
4.1000000000000005
5.099999999999998
6.099999999999999
6.100000000000001
5.100000000000002
5.1
4.1
4.1
3.099999999999999
5.099999999999999
5.099999999999998
3.099999999999999
3.099999999999999
4.1000000000000005
5.1000000000000005
4.099999999999999
5.100000000000001
5.100000000000001
5.1000000000000005
6.1
6.099999999999999
5.099999999999999
6.099999999999998
5.100000000000001
6.1
3.099999999999999
3.099999999999999
5.100000000000001
5.099999999999999
4.1000000000000005
4.099999999999999
4.1
4.1000000000000005
6.099999999999999
6.099999999999999
4.100000000000001
6.099999999999999
4.099999999999999
4.099999999999999
5.099999999999998
6.099999999999998
3.1
3.099999999999999
4.1000000000000005
5.1
6.099999999999998
5.1
6.099999999999997
6.099999999999999
5.1
6.099999999999999
5.099999999999999
4.100000000000001
5.099999999999997
5.099999999999998
6.1
6.099999999999999
5.1
5.1
3.099999999999999
5.099999999999999
4.099999999999999
6.099999999999999
6.099999999999999
4.099999999999999
6.099999999999999
6.1
7.099999999999999
6.099999999999998
6.1
2.099999999999999
5.1
6.099999999999998
5.099999999999999
5.099999999999998
6.099999999999997
5.099999999999999
6.099999999999999
3.1
6.099999999999998
4.100000000000002
6.099999999999999
5.1
5.1
3.099999999999999
3.099999999999999
5.099999999999998
6.099999999999998
6.099999999999998
3.0999999999999996
6.1
5.1
5.099999999999999
5.099999999999999
5.099999999999999
5.100000000000001
4.1
5.1000000000000005
6.099999999999999
5.1
4.099999999999999
6.099999999999998
4.1
5.099999999999999
3.099999999999999
5.099999999999998
6.099999999999999
6.099999999999998
6.099999999999996
5.1000000000000005
6.099999999999999
6.099999999999999
5.1
4.1000000000000005
4.099999999999999
5.099999999999997
5.099999999999997
4.099999999999999
6.1
4.099999999999999
4.100000000000002
5.099999999999999
5.1
6.099999999999998
4.1
5.099999999999999
6.099999999999999
5.099999999999999
3.099999999999999
5.099999999999997
5.1
5.099999999999999
5.1
6.099999999999999
4.099999999999999
5.1000000000000005
5.1
5.099999999999999
6.099999999999999
4.099999999999999
5.099999999999999
5.099999999999999
5.100000000000001
6.099999999999998
7.1
6.099999999999998
5.099999999999998
5.1000000000000005
4.099999999999999
6.099999999999999
5.099999999999999
5.1
6.1
6.099999999999999
5.1000000000000005
5.099999999999999
6.099999999999999
5.099999999999999
6.099999999999999
4.1000000000000005
3.099999999999999
5.1
5.100000000000003
6.099999999999998
4.099999999999999
3.099999999999999
5.1
3.099999999999999
6.099999999999999
5.099999999999997
4.100000000000001
6.099999999999998
6.099999999999999
5.1
5.099999999999999
5.099999999999999
5.099999999999999
5.099999999999998
5.099999999999999
5.099999999999999
4.100000000000003
6.099999999999999
5.099999999999999
4.099999999999999
6.099999999999999
4.099999999999999
6.099999999999998
6.099999999999999
6.099999999999999
5.099999999999998
4.1
5.099999999999999
5.099999999999999
4.099999999999999
5.099999999999997
4.099999999999999
6.099999999999999
6.099999999999998
5.099999999999999
5.1
6.099999999999999
6.099999999999998
6.100000000000002
5.1
5.099999999999999
4.1000000000000005
4.1000000000000005
6.099999999999998
6.1
5.1
5.099999999999999
5.099999999999998
4.100000000000003
6.099999999999999
6.099999999999999
6.100000000000002
5.1000000000000005
6.099999999999999
6.099999999999999
5.099999999999999
5.1
6.1
5.099999999999999
6.1000000000000005
6.1
6.1
4.1
5.1
7.099999999999998
5.099999999999999
5.099999999999999
6.099999999999999
4.1000000000000005
6.099999999999999
4.099999999999999
5.099999999999999
4.099999999999999
4.099999999999999
6.099999999999996
4.1
4.1
6.099999999999998
6.099999999999999
6.099999999999999
6.100000000000002
5.099999999999999
5.1
3.099999999999999
6.099999999999998
4.099999999999999
5.099999999999998
6.100000000000001
6.1
5.099999999999999
5.099999999999998
5.099999999999999
5.1000000000000005
5.099999999999999
6.099999999999998
6.099999999999998
4.1
5.099999999999999
6.099999999999998
5.1
5.099999999999999
6.100000000000001
5.099999999999999
5.099999999999999
5.1
5.1
5.1
5.1
5.1
5.1
6.099999999999997
5.1
6.099999999999999
5.1
5.1
5.099999999999999
6.099999999999999
4.099999999999999
5.099999999999999
4.100000000000002
4.099999999999999
5.099999999999999
6.099999999999999
5.099999999999998
5.1000000000000005
6.1
4.1
5.099999999999999
5.099999999999999
6.1
5.1
4.099999999999998
7.099999999999999
5.100000000000001
6.099999999999999
5.099999999999999
5.099999999999997
5.099999999999999
5.099999999999998
5.099999999999999
5.1
6.099999999999998
6.099999999999996
5.099999999999999
4.099999999999999
5.099999999999999
5.1
6.099999999999999
5.099999999999999
5.099999999999998
5.099999999999999
6.099999999999999
5.099999999999999
6.1
6.099999999999998
6.099999999999999
4.099999999999999
6.099999999999998
5.099999999999999
5.1
5.1
5.099999999999999
6.099999999999999
5.099999999999997
5.1
5.099999999999999
5.099999999999998
5.099999999999997
5.099999999999999
6.099999999999998
5.099999999999999
5.1
5.1
5.1000000000000005
6.099999999999998
6.099999999999998
7.099999999999998
5.1000000000000005
5.1
5.099999999999998
5.099999999999999
6.099999999999997
5.1
6.099999999999998
4.1000000000000005
5.1
6.1000000000000005
5.1
5.1
6.1
5.1
5.099999999999999
6.099999999999998
6.1
6.099999999999998
6.099999999999999
6.099999999999999
4.099999999999999
7.099999999999999
6.099999999999999
6.099999999999999
6.099999999999999
5.099999999999999
5.099999999999998
4.100000000000003
6.099999999999999
6.099999999999999
7.099999999999999
5.099999999999999
5.099999999999999
4.099999999999999
5.099999999999999
6.099999999999999
6.099999999999999
6.099999999999996
5.099999999999999
5.100000000000001
6.1000000000000005
6.099999999999999
5.1
5.100000000000003
5.099999999999999
5.099999999999999
5.1
4.1
5.099999999999998
6.099999999999999
6.099999999999999
5.1000000000000005
5.1000000000000005
6.099999999999998
4.100000000000003
6.099999999999999
5.1
6.099999999999998
5.099999999999999
3.099999999999999
6.099999999999997
5.1000000000000005
6.099999999999999
6.099999999999999
5.099999999999999
5.099999999999998
7.099999999999999
5.099999999999998
5.1
5.099999999999998
6.099999999999998
5.1
6.1
5.100000000000003
5.1
4.1
4.1
5.1000000000000005
5.1
5.099999999999998
5.099999999999999
4.1
5.1000000000000005
6.1
5.1
6.099999999999999
6.099999999999999
5.099999999999999
4.099999999999999
5.099999999999999
5.099999999999998
5.099999999999999
6.099999999999996
3.099999999999999
6.1
5.099999999999999
5.099999999999999
5.099999999999999
6.099999999999999
2.1
6.1000000000000005
5.099999999999999
5.099999999999999
5.1
5.099999999999999
5.099999999999999
1.1
4.1
5.1000000000000005
6.1
2.099999999999999
5.1000000000000005
4.1000000000000005
5.099999999999999
4.099999999999999
6.1
6.099999999999999
6.1000000000000005
5.099999999999999
6.099999999999999
5.099999999999998
5.099999999999999
6.099999999999998
5.099999999999999
3.099999999999999
6.099999999999997
4.099999999999999
6.099999999999999
5.099999999999999
5.1000000000000005
5.1
5.099999999999999
5.099999999999999
5.1
5.1
6.099999999999998
6.1
5.099999999999998
6.099999999999999
6.099999999999999
5.1
6.099999999999997
5.1
7.1000000000000005
4.1
4.100000000000001
6.099999999999999
6.1000000000000005
5.099999999999999
4.099999999999999
3.099999999999999
6.099999999999999
6.099999999999999
5.099999999999999
5.099999999999999
5.099999999999999
6.099999999999998
4.1
5.1
5.099999999999999
5.1
5.099999999999999
4.099999999999999
5.099999999999999
5.099999999999997
5.099999999999997
6.099999999999999
5.099999999999999
6.099999999999999
5.1
5.099999999999997
6.099999999999999
6.099999999999997
5.1
4.1
6.099999999999999
5.099999999999999
6.099999999999998
5.099999999999999
6.099999999999999
6.099999999999999
5.1
6.099999999999998
5.1
5.1
6.099999999999999
3.099999999999999
6.099999999999998
6.099999999999997
6.099999999999998
6.099999999999999
5.1
6.1
6.099999999999997
6.099999999999999
6.100000000000001
6.099999999999999
3.099999999999999
5.099999999999998
5.099999999999999
4.099999999999999
5.1000000000000005
6.099999999999998
6.099999999999998
5.1
5.1000000000000005
4.099999999999999
5.1
5.099999999999999
4.099999999999999
5.1000000000000005
6.099999999999999
5.1000000000000005
5.1
5.1
6.099999999999999
5.099999999999999
5.099999999999999
4.099999999999998
4.099999999999999
3.0999999999999996
5.099999999999998
6.099999999999999
4.099999999999998
6.099999999999999
5.099999999999999
5.099999999999999
4.099999999999999
6.099999999999998
4.099999999999997
6.099999999999999
6.1
5.099999999999999
6.099999999999998
5.099999999999999
6.099999999999999
4.100000000000003
5.099999999999999
3.099999999999999
5.099999999999997
6.099999999999998
5.1
6.099999999999997
6.099999999999999
6.099999999999999
5.099999999999999
6.099999999999999
6.1
6.099999999999999
4.099999999999999
6.099999999999998
4.099999999999999
5.099999999999999
5.099999999999999
6.099999999999999
6.099999999999998
6.1
5.099999999999998
5.099999999999998
5.100000000000002
5.1
5.1
6.099999999999998
4.099999999999999
6.099999999999999
6.099999999999999
6.1
5.099999999999998
6.099999999999998
6.099999999999998
5.099999999999999
5.1
6.099999999999998
5.099999999999998
5.099999999999999
5.099999999999999
6.100000000000001
5.099999999999999
6.099999999999998
4.1
6.099999999999999
5.099999999999999
5.1000000000000005
5.099999999999998
5.099999999999999
6.1
4.1
5.1
5.099999999999999
7.099999999999999
5.1
5.099999999999999
5.1000000000000005
4.100000000000001
6.099999999999999
3.099999999999999
4.1
5.1000000000000005
4.099999999999999
6.1000000000000005
5.099999999999998
6.099999999999999
5.1
5.099999999999999
5.099999999999998
5.099999999999998
4.099999999999999
6.099999999999999
4.1
5.100000000000001
6.099999999999998
5.099999999999998
5.099999999999999
5.099999999999999
5.099999999999997
5.100000000000003
5.1
6.099999999999998
6.099999999999999
5.099999999999999
6.099999999999999
6.100000000000001
6.099999999999999
6.100000000000001
6.099999999999999
5.1
6.099999999999998
6.099999999999998
6.1000000000000005
6.099999999999998
5.099999999999998
6.099999999999998
5.099999999999999
6.099999999999999
5.099999999999999
6.1
6.100000000000001
3.0999999999999996
5.099999999999999
3.099999999999999
6.1
6.099999999999999
6.099999999999998
5.099999999999999
5.1
5.099999999999997
5.099999999999998
5.099999999999999
5.099999999999999
6.099999999999999
5.099999999999999
6.099999999999999
5.099999999999999
5.099999999999999
5.099999999999998
6.100000000000001
6.099999999999997
5.099999999999999
6.099999999999998
5.099999999999999
6.1000000000000005
6.1
6.1
6.099999999999999
5.1000000000000005
6.099999999999999
4.1000000000000005
7.099999999999999
5.1
5.1
5.099999999999999
5.099999999999999
6.099999999999998
5.099999999999998
4.1000000000000005
6.099999999999998
6.1
6.099999999999998
6.099999999999998
4.1
6.099999999999999
6.099999999999999
6.099999999999999
6.099999999999998
6.099999999999998
6.099999999999998
6.099999999999999
5.099999999999998
5.099999999999998
5.1000000000000005
5.099999999999999
6.099999999999999
5.099999999999999
6.099999999999999
6.099999999999998
6.099999999999999
6.100000000000001
6.099999999999999
5.099999999999998
6.099999999999998
4.1
6.099999999999999
5.099999999999999
5.099999999999998
6.099999999999999
6.099999999999999
4.099999999999999
6.099999999999997
4.1000000000000005
5.1
5.099999999999999
5.099999999999999
6.099999999999999
6.1
6.099999999999999
3.099999999999999
4.1
5.100000000000001
4.099999999999999
6.099999999999998
5.099999999999999
5.1
4.1
5.1
6.1
4.099999999999999
3.099999999999999
5.099999999999999
6.100000000000001
5.099999999999999
6.100000000000001
6.099999999999999
6.099999999999998
5.1
4.099999999999999
6.099999999999996
5.099999999999999
5.1
3.0999999999999996
5.099999999999999
6.099999999999997
5.099999999999999
5.099999999999998
6.099999999999998
5.1000000000000005
3.099999999999999
6.1
6.099999999999999
4.099999999999999
4.1
6.099999999999999
5.099999999999999
5.099999999999999
5.099999999999997
5.099999999999999
5.099999999999999
6.099999999999999
4.100000000000001
6.1
6.099999999999999
5.1000000000000005
6.099999999999999
5.1
4.1
5.099999999999999
6.099999999999997
6.099999999999998
5.099999999999999
6.1
6.099999999999999
5.099999999999999
5.1
3.099999999999999
6.099999999999999
5.099999999999998
5.099999999999999
6.099999999999998
5.099999999999998
4.099999999999999
5.1
5.099999999999999
5.099999999999996
6.099999999999999
5.1
6.099999999999999
6.099999999999999
6.099999999999998
6.099999999999998
6.099999999999999
4.099999999999999
5.099999999999999
3.099999999999999
6.1
6.099999999999999
6.1
5.099999999999998
5.099999999999999
6.099999999999998
5.099999999999999
5.1
5.1
3.0999999999999996
6.099999999999998
6.099999999999999
5.099999999999998
5.1
6.099999999999998
6.099999999999998
5.099999999999999
6.099999999999998
6.099999999999999
5.099999999999997
6.099999999999996
5.1
6.099999999999999
4.099999999999999
4.099999999999999
5.099999999999999
6.099999999999998
5.1
5.1
6.1
5.1
4.099999999999999
6.099999999999998
6.099999999999999
5.099999999999998
6.099999999999999
6.099999999999998
4.099999999999999
6.099999999999999
6.100000000000001
5.099999999999998
6.099999999999997
6.1
6.099999999999999
6.1
3.099999999999999
5.100000000000002
5.099999999999998
6.099999999999998
6.099999999999998
5.099999999999999
5.099999999999999
6.099999999999999
5.099999999999998
5.1
7.1
6.099999999999998
4.099999999999999
6.099999999999999
7.099999999999999
5.099999999999999
6.1
6.099999999999999
5.099999999999999
6.099999999999999
4.1
6.099999999999998
5.1000000000000005
4.099999999999999
5.1
5.099999999999999
5.1
4.100000000000001
4.099999999999999
6.099999999999998
6.099999999999999
5.1
5.1
5.099999999999999
4.100000000000001
4.099999999999999
5.1
5.099999999999999
6.1
6.099999999999999
4.1
5.099999999999999
5.1000000000000005
6.1000000000000005
6.099999999999998
6.099999999999999
3.099999999999999
6.1000000000000005
7.099999999999998
4.1000000000000005
6.099999999999999
6.099999999999999
6.099999999999997
2.099999999999999
5.099999999999998
3.099999999999999
6.099999999999997
6.099999999999999
4.1
4.1
5.1000000000000005
4.099999999999999
6.099999999999999
6.099999999999998
6.099999999999999
6.099999999999999
6.099999999999999
6.1
6.100000000000002
5.099999999999999
6.099999999999998
6.1
5.099999999999999
6.099999999999999
6.099999999999999
6.099999999999995
5.099999999999998
6.099999999999998
3.099999999999999
6.1
5.099999999999998
6.099999999999998
6.099999999999999
5.099999999999999
6.099999999999998
6.099999999999998
6.099999999999998
6.099999999999999
6.099999999999997
6.1
5.099999999999998
6.099999999999998
6.099999999999999
6.099999999999999
5.099999999999998
4.099999999999999
6.099999999999999
6.1000000000000005
4.1
6.099999999999999
4.100000000000001
6.099999999999998
4.100000000000003
5.099999999999998
5.100000000000003
6.099999999999998
5.099999999999999
5.099999999999998
3.099999999999999
6.099999999999999
5.099999999999999
5.1
5.100000000000002
6.099999999999998
6.099999999999997
5.099999999999997
5.1
6.100000000000001
7.099999999999999
4.099999999999998
5.099999999999999
6.099999999999999
5.099999999999999
6.099999999999998
5.099999999999999
4.099999999999998
5.099999999999999
5.099999999999999
5.099999999999999
5.1
5.099999999999999
6.099999999999999
5.1
5.099999999999997
6.099999999999999
5.099999999999999
7.099999999999998
5.1
6.099999999999999
6.099999999999998
6.099999999999998
6.100000000000001
4.100000000000002
6.099999999999999
5.099999999999998
5.099999999999999
5.099999999999999
6.099999999999999
6.100000000000001
5.100000000000001
5.099999999999998
6.1
6.099999999999998
5.1000000000000005
6.099999999999999
5.1
5.100000000000003
4.099999999999998
5.099999999999999
6.099999999999999
5.1
5.1
5.1
5.099999999999999
6.099999999999999
4.099999999999999
5.1000000000000005
6.099999999999999
6.100000000000001
5.099999999999999
5.099999999999999
5.099999999999998
4.099999999999999
5.1000000000000005
4.1
5.1
4.1000000000000005
5.099999999999999
6.099999999999997
5.099999999999999
6.1
4.099999999999999
5.099999999999999
6.099999999999997
5.099999999999999
5.099999999999998
6.099999999999998
5.099999999999997
6.100000000000003
5.1000000000000005
4.099999999999998
6.099999999999999
5.1
5.099999999999997
5.099999999999998
6.099999999999999
4.099999999999999
6.099999999999998
5.099999999999999
6.099999999999999
5.099999999999999
6.1000000000000005
6.099999999999999
5.099999999999999
5.099999999999999
6.099999999999999
4.1
4.099999999999999
5.099999999999999
6.099999999999998
6.099999999999999
7.099999999999999
6.099999999999997
6.099999999999999
6.1
6.099999999999999
5.099999999999998
6.099999999999999
6.099999999999999
5.099999999999999
6.099999999999999
7.1
6.1
6.099999999999998
5.1
5.099999999999999
7.099999999999998
5.1
6.1
5.099999999999998
7.099999999999999
4.1
6.099999999999999
3.099999999999999
5.1
5.099999999999997
6.099999999999999
5.099999999999998
7.099999999999997
6.099999999999999
5.099999999999998
6.099999999999998
5.1
4.1
4.1000000000000005
6.1
4.099999999999999
5.099999999999999
4.099999999999999
5.099999999999998
5.100000000000001
6.099999999999998
6.099999999999998
5.1000000000000005
7.099999999999997
5.1
6.099999999999998
5.099999999999998
5.099999999999999
4.1
6.1000000000000005
6.1
6.099999999999999
6.099999999999997
6.099999999999999
7.099999999999998
7.1000000000000005
6.1
6.099999999999999
5.099999999999998
4.1
6.099999999999998
5.1
5.099999999999999
6.099999999999998
5.1
6.099999999999999
5.099999999999999
6.099999999999999
5.1
5.099999999999999
6.099999999999997
6.099999999999999
6.100000000000001
4.1
6.099999999999998
6.099999999999998
6.099999999999995
7.1
5.099999999999998
5.1
6.100000000000001
5.099999999999999
5.099999999999999
6.099999999999998
6.1
5.099999999999998
5.099999999999998
5.099999999999999
6.100000000000001
5.1
6.099999999999999
5.099999999999999
6.099999999999999
6.099999999999999
5.1000000000000005
5.099999999999997
5.099999999999998
5.1
6.099999999999997
6.099999999999999
5.099999999999999
6.099999999999998
6.099999999999998
4.100000000000003
6.1
5.1
4.1
5.099999999999999
6.099999999999999
5.1
7.1000000000000005
4.099999999999999
5.1
5.100000000000001
6.099999999999998
6.1
5.099999999999999
6.100000000000001
6.099999999999999
6.099999999999998
6.1
5.099999999999998
4.1000000000000005
5.099999999999998
6.099999999999999
6.1
6.099999999999999
6.099999999999999
5.099999999999999
5.099999999999999
6.099999999999999
5.099999999999998
5.099999999999998
6.099999999999997
6.099999999999999
6.099999999999998
5.099999999999998
5.099999999999999
5.099999999999999
6.099999999999999
6.099999999999998
6.099999999999999
5.1000000000000005
5.099999999999998
7.099999999999999
6.099999999999998
5.1
6.099999999999999
6.099999999999999
4.099999999999998
7.099999999999999
5.099999999999999
6.099999999999998
4.1
4.100000000000001
6.099999999999998
2.1
4.1000000000000005
6.099999999999998
6.1
5.099999999999999
6.099999999999999
6.099999999999999
6.1000000000000005
5.099999999999999
4.099999999999998
5.1
5.100000000000001
5.1000000000000005
6.099999999999999
6.099999999999998
6.099999999999998
6.100000000000001
6.099999999999999
6.099999999999999
6.099999999999999
6.099999999999998
6.099999999999998
6.099999999999997
8.099999999999998
5.099999999999998
6.099999999999999
5.099999999999998
4.099999999999999
6.099999999999998
5.099999999999998
4.1
5.100000000000003
6.099999999999997
6.099999999999999
6.099999999999997
5.1000000000000005
6.099999999999998
5.1
4.1
6.099999999999998
5.099999999999998
6.099999999999999
5.099999999999999
5.099999999999997
7.1
6.099999999999999
6.099999999999999
6.099999999999999
4.099999999999999
6.099999999999999
3.099999999999999
5.099999999999998
7.099999999999999
6.099999999999999
6.099999999999997
5.099999999999999
6.099999999999999
6.1
5.099999999999998
6.099999999999999
6.099999999999999
6.099999999999998
6.099999999999998
6.099999999999996
5.099999999999999
6.099999999999997
7.1
7.099999999999999
6.099999999999997
5.099999999999999
5.099999999999998
5.099999999999999
5.099999999999998
6.1
6.099999999999999
5.099999999999999
5.100000000000001
6.099999999999999
4.099999999999999
7.099999999999998
6.100000000000002
6.099999999999998
8.100000000000001
6.099999999999998
6.099999999999997
5.099999999999999
6.099999999999999
6.099999999999998
6.099999999999998
6.1
7.099999999999997
6.099999999999999
6.099999999999999
6.099999999999999
6.099999999999999
7.099999999999998
6.099999999999997
7.099999999999998
6.099999999999999
5.099999999999999
4.1
6.099999999999999
6.099999999999999
4.099999999999998
4.1000000000000005
6.1
5.099999999999998
5.1000000000000005
6.1
6.099999999999997
7.099999999999998
3.099999999999999
6.099999999999999
6.1000000000000005
5.1
4.1
6.1
7.099999999999997
6.099999999999998
5.099999999999999
6.100000000000001
5.099999999999998
5.1
3.099999999999999
4.099999999999998
6.099999999999999
6.099999999999999
6.099999999999998
5.099999999999999
6.099999999999999
7.099999999999999
6.099999999999999
5.099999999999998
6.099999999999999
9.1
6.099999999999997
5.099999999999998
6.1
4.1
5.100000000000003
6.099999999999997
7.1
7.099999999999998
5.099999999999999
6.099999999999999
6.099999999999999
4.1000000000000005
4.099999999999999
6.1
5.099999999999999
5.1
6.099999999999999
3.099999999999999
6.099999999999998
6.099999999999999
4.099999999999998
3.099999999999999
6.1
5.099999999999999
6.099999999999999
6.099999999999999
6.099999999999998
5.099999999999999
5.099999999999999
6.099999999999999
6.099999999999999
5.099999999999999
5.099999999999998
6.099999999999998
6.099999999999998
5.099999999999998
7.099999999999999
6.099999999999998
6.099999999999999
5.099999999999999
5.099999999999998
6.099999999999999
4.099999999999999
5.099999999999999
6.099999999999999
6.099999999999998
6.099999999999998
5.099999999999999
6.099999999999999
5.1
4.100000000000003
7.1
5.1
5.099999999999998
6.099999999999998
6.099999999999999
4.1000000000000005
5.099999999999998
5.099999999999998
5.099999999999998
1.1000000000000003
6.099999999999997
6.099999999999998
6.099999999999999
6.099999999999999
6.099999999999999
5.1
5.1
5.099999999999999
6.099999999999999
6.099999999999998
6.099999999999999
5.099999999999998
7.099999999999998
6.099999999999999
6.099999999999998
6.099999999999999
6.099999999999999
6.099999999999998
6.099999999999999
5.1000000000000005
6.099999999999999
4.099999999999998
6.099999999999998
5.099999999999999
7.100000000000001
6.1
6.1
6.099999999999998
6.099999999999999
6.1
4.099999999999999
6.099999999999999
5.099999999999999
6.099999999999999
6.099999999999998
5.100000000000003
5.099999999999999
7.1000000000000005
5.100000000000003
6.1
5.1
8.1
6.100000000000003
4.1000000000000005
7.099999999999998
5.100000000000001
5.099999999999998
4.099999999999999
5.099999999999998
6.099999999999996
6.099999999999999
4.099999999999999
7.099999999999999
6.1
6.099999999999998
5.1
6.099999999999999
5.099999999999999
6.099999999999999
4.099999999999999
5.099999999999999
6.099999999999999
6.1000000000000005
4.099999999999999
5.1
4.099999999999999
6.099999999999999
5.099999999999999
6.099999999999997
5.099999999999999
6.099999999999999
6.1
6.099999999999998
5.099999999999999
5.1
5.099999999999999
4.1000000000000005
6.1
6.099999999999998
5.099999999999997
6.099999999999999
6.1
5.1
3.099999999999999
5.1
6.100000000000001
6.099999999999998
6.099999999999998
6.099999999999996
6.099999999999999
7.100000000000001
5.099999999999999
5.099999999999999
5.099999999999999
4.1000000000000005
6.099999999999999
6.1
6.099999999999999
6.1000000000000005
6.099999999999999
6.099999999999999
7.099999999999997
6.1
6.1
6.1
7.099999999999997
6.100000000000001
6.099999999999999
6.1000000000000005
5.099999999999999
5.099999999999999
6.099999999999997
6.099999999999999
6.099999999999996
5.1
5.099999999999998
1.0999999999999999
5.100000000000002
5.099999999999999
6.1
6.099999999999999
6.1
5.099999999999999
3.099999999999999
5.099999999999999
6.100000000000001
7.100000000000001
4.1
5.1000000000000005
6.099999999999998
6.099999999999998
5.099999999999998
3.099999999999999
5.099999999999999
5.099999999999999
5.099999999999997
4.099999999999998
6.1
5.1
5.1
6.099999999999999
6.1000000000000005
5.099999999999997
6.099999999999999
5.099999999999999
5.099999999999999
6.1
7.099999999999999
6.1
5.1
5.099999999999998
6.099999999999998
5.099999999999999
7.099999999999999
5.1
6.099999999999999
5.1000000000000005
6.1000000000000005
2.0999999999999996
4.099999999999999
5.099999999999999
3.099999999999999
6.099999999999999
5.1
4.099999999999999
4.1000000000000005
5.100000000000001
6.099999999999998
6.099999999999999
6.1
6.1000000000000005
6.099999999999998
7.1
5.099999999999998
5.099999999999999
6.1
6.099999999999999
5.099999999999998
6.099999999999998
6.099999999999998
4.099999999999999
5.099999999999998
5.1
6.099999999999998
5.1
6.1000000000000005
8.1
6.099999999999998
6.099999999999999
6.099999999999999
6.099999999999999
6.099999999999999
6.1
4.1
4.100000000000003
6.099999999999998
6.099999999999999
5.099999999999999
5.099999999999998
6.099999999999999
6.099999999999998
6.099999999999999
6.099999999999999
7.099999999999998
4.099999999999999
6.1
7.1000000000000005
7.1
6.1
5.099999999999999
5.099999999999999
5.099999999999998
6.099999999999996
6.099999999999998
5.099999999999999
6.099999999999999
4.099999999999999
5.099999999999996
6.099999999999997
4.1
6.100000000000002
6.099999999999999
6.1000000000000005
5.099999999999998
3.099999999999999
6.099999999999999
4.099999999999999
6.099999999999998
5.1000000000000005
6.099999999999997
6.099999999999999
5.099999999999998
6.099999999999998
4.099999999999998
6.1
6.099999999999998
6.099999999999999
4.099999999999999
6.099999999999998
6.099999999999999
5.099999999999999
6.099999999999996
6.099999999999999
6.099999999999999
6.099999999999999
6.099999999999999
6.099999999999999
6.099999999999999
6.099999999999998
5.1
6.099999999999999
6.099999999999998
6.099999999999998
5.100000000000001
3.0999999999999996
6.099999999999999
6.099999999999999
4.099999999999999
6.1
7.099999999999998
5.100000000000003
7.099999999999998
6.099999999999998
5.099999999999999
5.099999999999999
5.1
5.1
7.100000000000001
5.099999999999999
7.099999999999998
6.099999999999999
6.099999999999998
6.1
5.099999999999999
7.099999999999999
6.100000000000003
6.099999999999999
5.1
5.099999999999998
5.099999999999999
5.099999999999999
6.099999999999998
6.1
8.1
6.099999999999999
3.099999999999999
3.099999999999999
4.1
5.099999999999998
4.100000000000003
5.1
4.099999999999999
6.099999999999998
7.099999999999998
6.099999999999998
6.099999999999999
6.099999999999999
6.099999999999999
5.099999999999998
5.1
4.1
5.1
4.1
6.099999999999999
6.1
5.099999999999999
6.099999999999997
6.099999999999999
5.099999999999999
5.1
6.1
5.099999999999999
4.099999999999998
5.099999999999997
6.1
5.099999999999999
6.099999999999999
6.099999999999999
5.099999999999999
6.099999999999999
5.099999999999998
6.1
6.100000000000002
6.099999999999999
6.1
6.1000000000000005
5.099999999999999
6.1
6.099999999999997
5.099999999999998
7.099999999999996
6.099999999999998
6.099999999999998
5.099999999999998
6.099999999999998
5.099999999999999
6.099999999999996
5.099999999999997
5.099999999999999
5.1
6.099999999999999
5.1
6.099999999999998
6.099999999999998
6.099999999999999
6.099999999999996
5.099999999999998
6.1000000000000005
8.100000000000001
6.099999999999998
6.099999999999998
6.099999999999998
3.099999999999999
4.099999999999999
6.099999999999998
6.099999999999997
6.1
6.099999999999999
6.099999999999998
6.099999999999999
4.1
6.099999999999998
5.099999999999999
4.1
6.099999999999997
6.100000000000001
5.1
6.099999999999998
6.099999999999996
5.1000000000000005
6.1
6.099999999999998
5.099999999999998
6.099999999999999
4.1
5.1
6.099999999999999
6.099999999999998
5.099999999999999
5.099999999999999
6.099999999999999
6.100000000000001
5.099999999999998
6.1
6.099999999999995
5.099999999999999
6.099999999999999
5.099999999999999
6.099999999999999
6.099999999999998
6.099999999999999
6.099999999999999
5.099999999999998
6.099999999999999
6.099999999999999
4.100000000000001
6.099999999999999
6.1
6.099999999999998
7.1000000000000005
6.099999999999999
6.099999999999999
6.099999999999998
5.099999999999998
6.099999999999999
5.099999999999999
5.099999999999998
4.099999999999999
7.1000000000000005
6.1000000000000005
5.099999999999999
7.1
5.099999999999999
5.099999999999996
5.099999999999998
6.099999999999999
6.099999999999999
6.1
5.099999999999999
6.099999999999999
6.099999999999998
6.099999999999999
6.099999999999998
4.099999999999999
6.099999999999999
6.1
5.099999999999998
6.1000000000000005
4.1
7.1000000000000005
5.1000000000000005
6.099999999999999
6.099999999999997
5.1
6.099999999999999
6.099999999999999
6.099999999999999
6.099999999999999
6.099999999999998
3.099999999999999
6.099999999999999
6.099999999999999
7.099999999999999
6.099999999999998
6.099999999999999
5.1
5.1000000000000005
5.099999999999999
5.099999999999996
6.099999999999999
6.099999999999998
6.099999999999998
5.099999999999999
6.099999999999999
6.099999999999999
6.1
4.099999999999998
6.099999999999998
5.1000000000000005
6.099999999999998
7.100000000000001
6.099999999999998
4.099999999999999
6.099999999999999
5.099999999999999
6.099999999999997
6.099999999999999
6.1
5.099999999999999
6.099999999999998
3.099999999999999
6.099999999999998
6.099999999999997
6.099999999999998
4.1
4.1
6.099999999999998
4.1
6.099999999999998
6.1
6.099999999999999
6.099999999999996
6.1
6.1
4.099999999999999
6.099999999999999
6.1
5.099999999999999
6.099999999999999
6.099999999999998
6.099999999999998
6.099999999999999
6.099999999999998
6.1
6.099999999999997
5.100000000000001
6.1
5.100000000000002
5.099999999999999
6.099999999999999
5.099999999999999
8.099999999999998
6.099999999999998
6.099999999999997
4.099999999999998
6.099999999999999
4.1
5.099999999999997
7.099999999999999
7.099999999999998
6.1
6.099999999999999
5.099999999999999
6.099999999999998
6.099999999999998
5.099999999999998
7.100000000000001
4.1
7.099999999999998
5.1
5.099999999999999
7.1
6.099999999999999
7.099999999999999
5.100000000000001
5.099999999999999
6.099999999999999
6.099999999999999
5.099999999999999
6.099999999999998
7.1000000000000005
6.100000000000001
6.1
5.099999999999998
6.099999999999998
5.099999999999997
6.099999999999999
5.1
7.099999999999998
6.1
5.099999999999999
6.1
6.1
6.099999999999999
4.099999999999999
6.099999999999999
6.099999999999998
6.099999999999998
6.1
6.099999999999998
5.099999999999999
6.099999999999997
6.099999999999999
6.099999999999999
6.099999999999999
7.099999999999998
6.099999999999999
6.099999999999998
6.099999999999999
5.099999999999998
4.100000000000002
6.099999999999997
6.099999999999998
6.099999999999999
6.100000000000001
6.099999999999998
5.099999999999999
4.099999999999999
6.099999999999999
6.099999999999999
6.099999999999999
6.099999999999998
5.099999999999998
5.099999999999999
6.099999999999998
5.099999999999999
3.099999999999999
6.099999999999999
6.100000000000001
6.099999999999998
5.100000000000002
5.099999999999998
7.099999999999998
6.099999999999999
4.100000000000001
5.1
6.099999999999997
6.099999999999999
7.099999999999998
5.099999999999999
5.100000000000001
6.1000000000000005
6.1
5.1
4.099999999999999
5.099999999999999
7.099999999999998
6.099999999999997
6.099999999999997
4.1
6.1
5.099999999999999
7.099999999999999
4.099999999999999
6.099999999999996
6.099999999999998
5.099999999999997
5.099999999999999
7.099999999999999
4.1000000000000005
6.1
3.0999999999999996
5.1
6.1000000000000005
7.099999999999998
6.099999999999998
6.099999999999999
2.099999999999999
6.1
5.1
6.099999999999998
5.099999999999999
4.099999999999997
6.100000000000001
6.099999999999998
6.099999999999999
4.1000000000000005
4.099999999999999
7.099999999999997
6.099999999999998
5.1
6.099999999999999
4.099999999999999
7.099999999999999
6.1
6.099999999999998
6.099999999999999
4.099999999999999
4.099999999999999
6.099999999999999
4.099999999999999
5.099999999999999
6.100000000000001
5.099999999999997
6.1
6.099999999999998
7.099999999999998
6.1
3.0999999999999996
5.1000000000000005
7.099999999999998
4.099999999999999
6.099999999999999
6.099999999999997
5.099999999999998
6.099999999999996
6.1
6.099999999999999
6.1
6.1000000000000005
6.1
5.1000000000000005
5.099999999999999
6.099999999999998
5.1
6.099999999999998
6.099999999999999
7.099999999999999
5.099999999999997
6.099999999999999
5.099999999999998
5.099999999999999
7.1
7.099999999999997
6.099999999999998
6.1
4.099999999999999
6.099999999999997
6.099999999999999
6.099999999999999
6.099999999999999
6.099999999999999
5.100000000000003
7.099999999999999
4.099999999999999
4.100000000000001
6.099999999999997
4.1000000000000005
6.1
5.099999999999999
5.099999999999999
5.099999999999998
5.099999999999999
5.1000000000000005
4.099999999999998
6.1
4.1000000000000005
4.1
5.099999999999998
6.099999999999998
6.1
5.099999999999999
6.099999999999999
6.099999999999999
6.099999999999999
5.099999999999996
5.099999999999999
5.1
5.099999999999999
5.099999999999998
4.1000000000000005
5.099999999999999
5.1000000000000005
6.099999999999998
4.099999999999999
5.099999999999999
6.1
6.099999999999999
6.1
2.099999999999999
6.099999999999999
4.099999999999999
5.099999999999999
6.1
5.1000000000000005
5.1
6.099999999999998
3.099999999999999
6.099999999999997
6.099999999999997
7.099999999999999
6.099999999999999
6.099999999999997
7.099999999999998
6.1000000000000005
5.099999999999999
6.099999999999996
5.099999999999998
5.099999999999999
6.1
6.1
6.099999999999999
5.1
5.099999999999999
4.099999999999998
6.1000000000000005
7.099999999999998
6.099999999999999
6.099999999999998
8.1
6.099999999999996
6.099999999999999
6.099999999999998
6.099999999999999
6.1
6.099999999999999
6.099999999999999
6.099999999999998
5.1
6.100000000000001
6.099999999999998
7.099999999999999
6.099999999999998
6.099999999999999
6.099999999999999
6.099999999999999
6.099999999999998
5.099999999999999
5.099999999999997
7.099999999999999
5.099999999999998
5.1000000000000005
6.099999999999997
6.099999999999997
6.1000000000000005
6.1
5.099999999999999
5.100000000000001
5.099999999999999
5.099999999999998
7.099999999999998
6.100000000000001
6.099999999999996
5.1
6.099999999999999
7.1000000000000005
6.099999999999997
6.099999999999998
6.100000000000001
5.1
6.099999999999998
6.099999999999999
6.099999999999999
4.099999999999998
6.099999999999999
5.1
5.099999999999999
6.099999999999998
7.099999999999999
7.099999999999998
7.1
6.100000000000003
7.099999999999998
6.099999999999997
6.099999999999999
5.099999999999999
6.1
4.1
6.099999999999998
6.099999999999999
6.099999999999999
5.1
6.099999999999998
6.099999999999998
5.1
7.099999999999997
6.100000000000001
6.099999999999998
4.100000000000003
7.099999999999999
7.100000000000001
6.099999999999998
6.1000000000000005
7.099999999999997
6.100000000000001
5.100000000000003
6.099999999999997
6.099999999999999
3.099999999999999
5.099999999999997
6.099999999999999
6.1
5.099999999999999
8.100000000000001
6.099999999999999
6.099999999999998
6.1
6.099999999999999
5.1
4.1
5.1
6.099999999999998
6.099999999999999
5.1
6.099999999999999
6.099999999999997
7.099999999999998
7.099999999999998
6.1000000000000005
6.099999999999998
6.099999999999998
6.099999999999997
4.099999999999998
5.099999999999999
4.099999999999999
6.099999999999999
5.099999999999998
6.099999999999998
6.099999999999998
5.099999999999999
5.1
6.099999999999999
6.1
6.1
6.099999999999998
5.099999999999998
7.099999999999997
6.099999999999999
6.099999999999998
6.099999999999999
6.099999999999998
6.1
5.1
5.099999999999999
7.099999999999998
4.1
6.100000000000002
5.1
5.1
5.1
6.099999999999998
4.099999999999999
5.099999999999998
5.1
5.099999999999999
7.099999999999998
6.100000000000002
5.099999999999999
7.099999999999998
7.100000000000001
6.1
5.1000000000000005
6.1
6.099999999999999
5.100000000000001
6.1
5.099999999999997
6.099999999999999
5.099999999999998
6.099999999999999
3.0999999999999996
8.100000000000001
4.100000000000002
7.099999999999999
6.099999999999999
5.099999999999998
6.099999999999998
6.099999999999998
6.099999999999998
5.099999999999999
6.099999999999999
6.1
5.099999999999998
6.099999999999997
6.099999999999999
5.100000000000003
5.099999999999999
7.099999999999998
6.099999999999998
7.099999999999998
5.1
5.100000000000003
5.1
6.100000000000001
6.099999999999998
6.099999999999999
7.099999999999999
6.099999999999999
6.099999999999999
6.1
6.099999999999999
5.099999999999999
5.1
3.099999999999999
5.099999999999999
6.1
5.099999999999996
6.099999999999998
5.099999999999999
6.1
5.099999999999999
6.099999999999999
6.099999999999997
5.1
6.099999999999997
6.099999999999998
6.099999999999998
5.100000000000001
5.099999999999998
3.099999999999999
6.100000000000002
6.100000000000003
6.099999999999999
5.1
6.099999999999999
5.099999999999999
6.099999999999999
3.1
7.099999999999999
6.099999999999999
5.099999999999999
5.099999999999999
6.099999999999998
6.099999999999998
6.1
7.099999999999999
6.099999999999999
5.1
5.099999999999999
6.099999999999999
6.099999999999999
4.1000000000000005
6.1
5.1
7.1000000000000005
5.099999999999998
5.099999999999999
7.1
5.099999999999998
7.099999999999997
7.099999999999999
6.099999999999999
5.099999999999999
6.099999999999999
6.099999999999999
6.099999999999999
6.099999999999999
5.1000000000000005
5.099999999999999
5.099999999999999
5.099999999999999
6.1
7.1
6.099999999999999
6.1000000000000005
6.099999999999999
4.100000000000002
5.099999999999999
6.1
7.1
6.099999999999999
7.099999999999997
5.099999999999999
5.099999999999999
7.1000000000000005
6.099999999999999
7.099999999999999
5.1
4.1
6.099999999999998
8.099999999999998
5.1000000000000005
5.100000000000001
4.1000000000000005
5.1000000000000005
6.099999999999999
5.1000000000000005
5.099999999999998
5.1
4.099999999999999
5.099999999999999
6.099999999999999
6.1
5.099999999999999
6.099999999999999
6.099999999999999
6.1
7.099999999999999
7.100000000000002
5.099999999999999
7.099999999999997
5.099999999999998
5.099999999999998
6.099999999999999
6.099999999999998
5.1
6.099999999999999
5.099999999999998
8.100000000000001
7.1000000000000005
5.099999999999999
7.099999999999997
5.099999999999998
5.099999999999999
7.099999999999998
4.099999999999997
5.099999999999999
6.099999999999999
7.100000000000001
6.100000000000001
6.1
7.1
6.1
5.1
6.099999999999999
7.100000000000001
6.1
6.099999999999999
5.1000000000000005
6.1
7.099999999999998
6.099999999999998
5.099999999999999
5.099999999999998
5.099999999999999
4.1000000000000005
8.100000000000003
7.099999999999999
6.100000000000002
6.099999999999998
7.099999999999999
6.099999999999997
4.1000000000000005
5.099999999999998
6.099999999999998
4.1
5.1
5.099999999999999
4.1
7.099999999999997
6.1000000000000005
7.099999999999999
7.1000000000000005
5.099999999999999
6.099999999999999
6.099999999999999
6.099999999999996
6.099999999999998
6.099999999999999
6.099999999999998
5.099999999999999
6.1000000000000005
5.1
6.099999999999998
6.099999999999999
5.1
6.099999999999997
5.099999999999999
6.099999999999999
5.1
6.099999999999999
6.1
8.099999999999998
6.1
8.1
5.1
5.099999999999998
6.099999999999999
6.1
7.100000000000001
5.099999999999998
6.099999999999999
5.099999999999999
5.099999999999999
6.099999999999999
6.099999999999999
6.099999999999999
5.099999999999998
6.099999999999998
6.099999999999999
5.1000000000000005
6.099999999999999
6.099999999999999
5.1000000000000005
6.1000000000000005
6.099999999999998
5.100000000000003
5.1
6.099999999999998
7.1000000000000005
6.099999999999999
5.099999999999999
8.100000000000003
5.099999999999999
6.1
5.099999999999998
6.099999999999999
6.1000000000000005
8.100000000000001
7.099999999999998
6.099999999999999
5.1
6.099999999999999
4.1000000000000005
6.099999999999999
4.1000000000000005
6.1
7.099999999999998
6.099999999999998
6.099999999999998
8.100000000000001
6.099999999999999
5.099999999999999
6.099999999999999
5.099999999999999
5.1
6.099999999999999
6.1
6.099999999999998
5.099999999999999
6.1
6.1
5.1
7.099999999999998
7.099999999999998
8.100000000000003
5.1
5.099999999999997
7.099999999999998
6.1
2.1
6.099999999999997
6.099999999999998
6.099999999999998
6.099999999999999
5.1000000000000005
5.099999999999998
6.100000000000001
6.099999999999999
4.099999999999999
5.1
3.1
5.099999999999997
6.099999999999998
6.099999999999999
6.099999999999997
6.099999999999997
6.099999999999998
6.099999999999999
4.1
7.099999999999998
5.099999999999999
6.099999999999998
6.099999999999998
4.099999999999999
5.099999999999997
6.099999999999997
4.099999999999999
7.099999999999999
4.100000000000002
7.1
6.099999999999999
6.099999999999995
4.1000000000000005
6.1
5.099999999999999
6.099999999999997
6.099999999999999
6.099999999999999
7.099999999999998
6.099999999999999
6.099999999999997
5.099999999999999
5.099999999999998
6.1
8.100000000000003
5.099999999999999
6.099999999999999
7.1000000000000005
6.099999999999998
6.099999999999999
7.099999999999998
6.099999999999999
6.099999999999999
7.099999999999998
6.099999999999998
5.1
5.100000000000001
6.099999999999998
4.1
6.099999999999998
5.1
6.099999999999998
4.099999999999998
8.100000000000001
6.099999999999997
6.099999999999999
7.1
6.099999999999999
5.099999999999998
6.100000000000001
7.099999999999997
6.1
6.099999999999998
5.099999999999999
7.099999999999998
6.099999999999998
5.099999999999999
6.1
5.100000000000003
7.099999999999999
6.099999999999998
7.100000000000001
4.1
5.1000000000000005
2.0999999999999996
6.1000000000000005
6.099999999999999
6.099999999999998
4.099999999999999
6.099999999999999
5.099999999999999
5.099999999999998
7.099999999999998
5.099999999999998
7.1
6.099999999999998
5.099999999999998
6.099999999999999
7.099999999999998
5.099999999999999
6.099999999999998
5.099999999999998
6.099999999999998
6.1
6.1
7.099999999999999
6.099999999999999
6.099999999999998
6.099999999999999
5.099999999999999
4.1000000000000005
6.099999999999998
5.099999999999997
6.099999999999999
5.099999999999998
6.099999999999999
6.099999999999998
4.099999999999999
6.099999999999998
7.099999999999997
6.099999999999999
7.099999999999999
7.1
6.099999999999997
8.100000000000001
6.099999999999998
6.099999999999998
6.099999999999998
6.1
7.099999999999998
6.1
6.099999999999999
6.1000000000000005
5.099999999999999
5.1
6.099999999999998
6.099999999999997
5.099999999999999
6.100000000000001
5.099999999999999
7.099999999999999
5.1
8.1
6.1000000000000005
6.1
7.100000000000001
6.099999999999997
6.099999999999999
5.099999999999999
4.099999999999998
6.099999999999996
6.099999999999997
6.099999999999999
6.1000000000000005
5.099999999999997
6.1
7.1
6.099999999999999
6.099999999999999
5.099999999999999
5.1
6.099999999999998
7.099999999999999
6.099999999999996
6.099999999999998
5.099999999999999
6.099999999999998
5.099999999999999
6.099999999999999
6.099999999999999
5.1
6.1
6.099999999999999
5.099999999999999
6.100000000000001
6.099999999999996
7.099999999999999
8.100000000000001
6.1
6.1
6.099999999999999
7.099999999999999
5.099999999999999
6.099999999999999
7.100000000000001
7.099999999999997
5.099999999999999
6.099999999999998
6.099999999999998
6.099999999999998
4.099999999999999
7.099999999999999
6.099999999999997
7.099999999999998
5.099999999999998
7.1000000000000005
6.099999999999999
5.1
6.099999999999998
7.099999999999998
7.099999999999997
5.099999999999998
5.099999999999999
5.099999999999999
5.099999999999999
5.099999999999999
5.099999999999999
7.099999999999997
6.099999999999998
7.1
7.099999999999999
6.099999999999999
6.099999999999999
7.099999999999999
6.1
6.1
5.099999999999997
7.099999999999999
6.1000000000000005
7.099999999999999
6.1
6.1000000000000005
6.100000000000002
7.099999999999999
3.099999999999999
5.099999999999998
6.099999999999997
8.1
6.099999999999999
6.099999999999996
5.1
5.099999999999999
6.099999999999999
6.1
5.099999999999999
6.099999999999998
6.099999999999998
6.099999999999998
5.099999999999999
6.1
7.099999999999999
6.099999999999998
5.099999999999998
7.099999999999999
6.099999999999998
5.099999999999999
6.099999999999999
6.1
5.099999999999999
4.099999999999999
7.099999999999997
5.099999999999999
5.099999999999999
6.099999999999999
8.100000000000001
7.099999999999998
6.1
8.100000000000003
4.099999999999999
4.1
7.099999999999998
6.099999999999998
6.099999999999999
5.099999999999997
6.100000000000001
6.099999999999999
6.099999999999999
6.099999999999999
4.1
6.099999999999998
4.1
7.1000000000000005
6.099999999999999
5.099999999999999
6.099999999999999
5.099999999999999
4.099999999999999
6.099999999999999
6.099999999999999
5.1
6.099999999999999
6.099999999999999
8.1
6.099999999999998
6.099999999999998
5.100000000000003
5.099999999999997
6.099999999999999
5.099999999999999
8.099999999999996
6.1
7.099999999999999
7.099999999999998
6.1000000000000005
7.099999999999997
7.1
6.099999999999998
6.1
6.099999999999997
6.100000000000003
7.100000000000002
7.099999999999997
6.099999999999999
6.099999999999999
5.099999999999999
8.100000000000001
6.100000000000001
6.099999999999999
6.099999999999999
6.1
6.099999999999999
7.099999999999998
6.1
6.1
5.1
3.099999999999999
5.100000000000001
7.099999999999998
6.1000000000000005
6.1
7.099999999999997
7.1
6.099999999999999
7.099999999999999
5.099999999999999
6.100000000000002
5.1
6.099999999999999
5.099999999999999
4.1
4.100000000000003
6.099999999999999
4.099999999999999
6.099999999999999
8.100000000000001
9.100000000000001
6.099999999999998
7.099999999999999
6.099999999999998
7.099999999999997
4.100000000000002
7.1
7.099999999999998
6.1000000000000005
6.1
5.099999999999999
7.1000000000000005
4.099999999999999
6.1
6.099999999999999
7.099999999999999
5.099999999999999
6.099999999999999
6.099999999999999
6.099999999999999
6.099999999999999
6.099999999999997
6.100000000000002
6.1000000000000005
6.1
6.1000000000000005
6.099999999999998
7.099999999999999
7.099999999999999
6.099999999999998
4.099999999999998
4.099999999999999
6.100000000000001
6.1
5.099999999999998
7.099999999999998
5.099999999999999
6.1
7.099999999999998
5.099999999999997
6.1
6.099999999999998
6.099999999999999
5.099999999999999
4.1
6.099999999999999
7.1000000000000005
6.099999999999997
6.099999999999998
5.099999999999999
6.1000000000000005
6.099999999999998
6.099999999999996
5.099999999999999
5.099999999999999
6.099999999999996
6.099999999999997
5.099999999999998
6.099999999999997
7.1000000000000005
7.099999999999999
5.099999999999999
6.099999999999999
8.100000000000001
6.099999999999999
6.099999999999999
4.1
6.099999999999998
6.099999999999998
5.099999999999999
6.099999999999999
8.100000000000001
6.099999999999997
5.099999999999998
7.099999999999998
4.1
5.099999999999999
4.099999999999999
7.099999999999998
6.099999999999998
6.1
5.1
6.099999999999999
7.099999999999998
6.099999999999999
5.1
5.099999999999998
7.099999999999999
6.099999999999999
6.099999999999998
5.1
6.1
4.099999999999999
6.099999999999997
6.099999999999998
6.099999999999999
6.1
7.099999999999998
7.1000000000000005
7.099999999999999
6.099999999999999
5.099999999999998
7.099999999999998
6.099999999999997
6.099999999999999
7.099999999999998
7.100000000000001
6.099999999999998
7.1
4.099999999999998
6.099999999999997
6.099999999999998
6.099999999999999
6.099999999999997
6.099999999999999
6.099999999999999
6.099999999999998
7.099999999999998
9.100000000000003
5.099999999999999
6.099999999999998
7.099999999999999
7.1
5.1
6.099999999999999
6.099999999999999
5.099999999999998
6.099999999999999
6.099999999999998
6.099999999999998
6.1
6.099999999999999
4.1
5.099999999999999
3.099999999999999
6.1
5.1000000000000005
7.099999999999996
6.099999999999999
5.099999999999998
7.099999999999998
6.099999999999999
4.099999999999999
5.1
6.099999999999997
6.099999999999999
6.099999999999998
6.099999999999998
6.099999999999998
6.099999999999998
6.1
5.099999999999999
7.099999999999998
6.099999999999998
6.099999999999996
7.100000000000002
5.099999999999998
7.099999999999999
6.099999999999999
5.099999999999998
5.100000000000001
5.1
6.099999999999999
7.099999999999999
7.1
6.099999999999999
5.099999999999999
5.099999999999998
7.099999999999999
6.099999999999999
7.099999999999998
7.1
5.099999999999999
5.099999999999999
7.099999999999997
5.099999999999997
5.099999999999998
5.099999999999999
6.099999999999998
4.099999999999999
7.099999999999998
6.099999999999998
3.0999999999999996
7.099999999999999
6.1
5.1
6.099999999999998
7.099999999999998
6.099999999999998
6.099999999999998
6.099999999999999
5.099999999999998
6.099999999999998
7.1
7.100000000000001
6.1
5.099999999999999
6.1
4.099999999999999
6.099999999999998
5.1
5.099999999999999
5.099999999999999
5.100000000000001
6.099999999999999
6.099999999999998
5.1
5.1
5.099999999999999
5.1
6.099999999999999
6.1
6.1
7.099999999999997
4.1000000000000005
6.099999999999999
6.1
4.1
6.1
6.099999999999999
7.099999999999998
7.1
6.099999999999998
6.099999999999999
4.099999999999999
5.1
6.099999999999999
6.099999999999998
6.099999999999999
6.099999999999999
9.100000000000001
5.099999999999999
7.099999999999998
6.100000000000001
4.099999999999998
6.099999999999999
6.099999999999998
6.099999999999998
8.100000000000003
6.099999999999999
6.099999999999999
6.099999999999999
7.099999999999998
6.099999999999999
6.099999999999999
7.099999999999998
7.099999999999999
8.100000000000003
6.099999999999999
5.099999999999998
7.099999999999999
6.099999999999999
6.1
5.1
5.1000000000000005
7.100000000000001
5.099999999999999
6.099999999999999
7.099999999999995
3.099999999999999
6.099999999999998
4.1
6.099999999999999
6.099999999999999
6.1000000000000005
6.1
6.100000000000001
7.099999999999999
4.099999999999999
5.099999999999998
5.099999999999998
5.099999999999999
5.099999999999999
5.1
6.099999999999999
6.099999999999998
6.099999999999999
6.099999999999998
6.099999999999998
5.099999999999998
7.099999999999999
6.099999999999999
5.099999999999999
6.099999999999998
7.1
7.099999999999998
6.100000000000001
7.1000000000000005
5.099999999999999
5.099999999999997
6.099999999999999
7.099999999999999
6.099999999999998
6.099999999999999
5.1
6.099999999999997
5.099999999999999
7.099999999999995
6.099999999999999
6.099999999999998
7.099999999999999
4.099999999999997
5.099999999999999
5.1000000000000005
6.099999999999999
6.099999999999996
6.099999999999998
6.1
6.099999999999998
7.099999999999999
6.099999999999999
6.099999999999997
4.1
6.099999999999999
6.099999999999997
6.1
7.099999999999997
8.100000000000001
6.1
6.099999999999998
6.099999999999999
6.099999999999999
6.099999999999999
6.099999999999998
6.099999999999997
6.099999999999999
6.099999999999999
7.099999999999998
8.100000000000003
5.1
4.1
6.099999999999998
7.099999999999999
5.099999999999998
7.099999999999998
6.099999999999999
6.1
7.099999999999999
6.1
7.099999999999999
6.099999999999999
6.099999999999998
6.100000000000001
6.099999999999998
5.1
5.100000000000001
4.099999999999999
6.100000000000001
4.099999999999999
6.099999999999998
6.1000000000000005
6.100000000000002
5.099999999999998
6.099999999999998
7.1
7.099999999999999
7.099999999999997
6.099999999999999
7.099999999999999
7.099999999999999
6.099999999999999
6.099999999999999
7.1
6.1
6.099999999999998
6.099999999999999
7.1
7.099999999999998
6.099999999999999
10.099999999999998
6.099999999999998
7.1
3.0999999999999996
6.099999999999999
6.099999999999997
4.099999999999999
6.100000000000001
6.099999999999998
6.099999999999997
5.099999999999999
6.099999999999998
7.099999999999999
6.099999999999997
5.099999999999999
7.1
6.099999999999999
6.099999999999999
7.100000000000001
6.099999999999998
5.099999999999999
6.099999999999998
7.1
3.099999999999999
6.099999999999999
5.1
6.099999999999999
6.099999999999998
6.099999999999998
6.099999999999998
6.099999999999999
7.099999999999998
6.099999999999999
5.099999999999999
6.099999999999999
6.099999999999998
6.1
6.1
6.099999999999999
6.099999999999999
6.100000000000001
6.099999999999999
6.099999999999999
6.099999999999998
4.099999999999999
5.099999999999998
6.1000000000000005
8.100000000000001
6.099999999999999
6.099999999999998
7.099999999999999
6.099999999999998
7.099999999999999
6.099999999999996
5.099999999999999
5.099999999999999
6.099999999999997
6.099999999999998
6.099999999999999
6.1
6.100000000000002
6.099999999999999
5.099999999999998
6.099999999999999
5.099999999999999
6.099999999999999
6.099999999999996
6.099999999999999
4.099999999999999
5.099999999999998
6.099999999999996
6.1
6.099999999999998
6.099999999999998
6.099999999999998
6.1
7.099999999999997
6.1
7.100000000000002
6.099999999999999
6.099999999999998
6.1
6.099999999999999
6.1
5.099999999999998
6.099999999999999
6.099999999999999
6.099999999999998
6.099999999999998
7.099999999999999
6.099999999999999
7.1
6.099999999999998
6.1
6.1000000000000005
6.099999999999998
7.1000000000000005
6.099999999999999
5.1
5.1
6.100000000000001
5.099999999999998
5.099999999999999
7.099999999999999
6.099999999999999
5.099999999999999
7.1
5.100000000000001
7.100000000000002
7.099999999999996
6.099999999999997
7.099999999999999
6.099999999999999
4.099999999999999
6.1
7.099999999999999
6.100000000000003
6.099999999999999
6.099999999999999
6.099999999999998
8.100000000000001
5.099999999999999
8.1
6.099999999999999
7.099999999999999
6.099999999999998
6.1
7.1
8.100000000000001
5.099999999999999
6.099999999999998
7.099999999999997
7.099999999999997
6.099999999999999
6.1000000000000005
6.099999999999997
6.099999999999999
5.099999999999998
7.099999999999998
6.099999999999998
6.100000000000001
6.099999999999999
6.099999999999997
4.099999999999999
7.099999999999998
3.099999999999999
7.099999999999997
6.1
6.099999999999999
6.1
5.099999999999999
6.099999999999998
6.1000000000000005
7.099999999999998
5.099999999999998
8.100000000000001
6.099999999999998
4.1000000000000005
7.099999999999998
5.099999999999997
7.099999999999999
5.099999999999997
6.099999999999998
6.1000000000000005
6.099999999999999
6.099999999999999
5.099999999999998
6.099999999999998
5.099999999999998
7.099999999999999
7.099999999999998
6.099999999999998
6.099999999999999
7.099999999999998
7.099999999999998
7.099999999999999
8.100000000000001
7.099999999999997
5.100000000000002
7.1
3.0999999999999996
6.099999999999998
6.099999999999999
7.099999999999998
6.099999999999998
6.099999999999998
5.099999999999999
8.099999999999996
7.099999999999998
7.1
6.099999999999997
6.1
4.099999999999999
6.099999999999998
6.099999999999999
7.099999999999999
6.099999999999999
5.099999999999998
6.1
5.100000000000003
6.099999999999998
6.099999999999999
6.099999999999999
5.100000000000002
6.099999999999999
7.099999999999995
5.099999999999999
8.100000000000001
6.1
7.099999999999999
5.099999999999999
6.099999999999999
7.1000000000000005
5.100000000000002
5.099999999999999
7.1
7.1
6.099999999999999
6.099999999999999
6.1
6.099999999999996
6.099999999999999
6.099999999999998
6.1
7.099999999999998
6.099999999999998
7.099999999999999
7.099999999999999
6.099999999999999
7.099999999999998
7.1000000000000005
6.1000000000000005
6.099999999999998
7.099999999999998
5.099999999999998
6.099999999999998
7.099999999999999
5.099999999999998
6.099999999999997
4.099999999999999
6.099999999999999
5.099999999999999
6.099999999999997
8.100000000000001
6.099999999999999
6.099999999999998
6.099999999999999
6.099999999999999
6.099999999999999
7.100000000000001
7.1
7.099999999999997
6.099999999999997
7.099999999999998
6.099999999999997
7.1
6.100000000000001
7.099999999999999
6.099999999999999
6.1
6.099999999999998
6.099999999999999
6.1000000000000005
8.100000000000001
8.100000000000001
6.099999999999997
6.100000000000001
6.099999999999998
7.099999999999999
6.099999999999998
5.099999999999998
5.1
6.099999999999999
6.099999999999998
6.099999999999999
6.099999999999999
6.099999999999999
5.099999999999999
7.1000000000000005
8.099999999999998
6.099999999999999
6.1
5.099999999999999
7.099999999999998
7.099999999999999
8.100000000000001
5.1
6.099999999999999
5.099999999999999
6.099999999999998
5.1000000000000005
6.099999999999998
6.099999999999998
6.1000000000000005
6.099999999999998
5.099999999999998
6.1
5.1
8.100000000000001
7.100000000000001
7.099999999999998
6.099999999999999
4.099999999999999
4.099999999999999
6.099999999999999
5.099999999999999
6.099999999999999
7.099999999999999
5.099999999999999
4.099999999999999
6.099999999999999
6.099999999999999
6.1000000000000005
6.099999999999999
5.1
6.1
6.1
7.099999999999998
6.099999999999998
6.099999999999999
5.099999999999999
6.099999999999998
6.099999999999998
6.1
6.099999999999999
5.099999999999999
6.1
6.099999999999998
5.099999999999999
5.099999999999999
5.099999999999998
6.099999999999998
7.100000000000001
6.099999999999999
6.099999999999999
7.099999999999999
6.1
7.1000000000000005
6.1
6.1
7.099999999999997
7.099999999999999
6.099999999999999
6.099999999999997
7.1
7.099999999999999
8.100000000000003
6.1
7.1
4.099999999999999
6.099999999999998
5.099999999999997
7.099999999999999
4.099999999999999
6.099999999999999
6.099999999999999
6.099999999999999
5.1
6.099999999999997
5.099999999999998
6.099999999999998
6.099999999999998
7.099999999999998
6.099999999999998
5.099999999999997
7.1000000000000005
7.1
6.1
5.100000000000001
7.099999999999999
3.0999999999999996
5.1
6.1
6.099999999999999
6.1
6.099999999999997
6.099999999999999
6.099999999999999
6.099999999999998
7.099999999999999
6.099999999999998
6.1
9.100000000000001
6.099999999999998
6.099999999999999
8.100000000000003
6.099999999999999
6.100000000000001
8.100000000000001
6.1
6.099999999999999
8.100000000000003
8.1
5.099999999999999
5.099999999999999
6.100000000000003
5.099999999999999
5.099999999999999
4.100000000000003
6.099999999999998
7.099999999999996
6.099999999999999
6.1000000000000005
7.099999999999998
5.099999999999998
7.1000000000000005
6.099999999999999
6.099999999999999
6.1
6.099999999999997
6.099999999999999
7.099999999999999
6.099999999999999
5.100000000000003
6.1
7.099999999999997
6.099999999999998
6.099999999999999
6.099999999999999
8.100000000000001
6.099999999999999
7.1
6.099999999999998
6.099999999999998
6.099999999999999
6.1
7.100000000000001
6.099999999999998
5.100000000000001
6.099999999999999
6.099999999999999
5.1
5.099999999999998
7.1
5.1
7.099999999999999
6.099999999999999
6.099999999999997
6.1
6.099999999999999
7.099999999999999
4.099999999999999
7.100000000000001
8.100000000000001
5.1
8.1
6.099999999999998
5.099999999999999
5.099999999999998
4.099999999999999
4.099999999999999
8.100000000000003
6.099999999999999
6.1
4.099999999999999
5.1000000000000005
8.100000000000001
6.099999999999999
6.099999999999998
6.099999999999999
7.099999999999999
6.099999999999999
6.099999999999999
6.099999999999998
8.100000000000003
7.099999999999998
5.099999999999998
7.099999999999997
7.099999999999998
6.099999999999999
6.1
7.1000000000000005
6.099999999999999
5.1
6.099999999999997
6.099999999999999
6.1000000000000005
5.1
6.099999999999999
5.1
6.1
5.099999999999998
6.099999999999997
6.099999999999999
4.099999999999998
6.099999999999999
8.100000000000003
4.1
7.099999999999999
7.099999999999998
7.099999999999999
8.100000000000001
5.1000000000000005
7.099999999999997
6.1
7.099999999999998
4.100000000000003
6.099999999999999
8.1
6.099999999999998
5.099999999999999
7.099999999999999
7.099999999999999
4.099999999999999
7.099999999999998
6.099999999999999
6.099999999999998
7.099999999999997
6.100000000000001
6.099999999999998
6.1000000000000005
6.099999999999998
6.099999999999998
5.1
6.099999999999999
7.099999999999999
6.099999999999999
7.1000000000000005
6.099999999999998
5.099999999999998
6.099999999999999
6.099999999999998
6.1000000000000005
5.099999999999999
5.1
6.099999999999999
6.099999999999998
6.1000000000000005
6.099999999999998
7.099999999999999
4.099999999999999
7.099999999999996
7.1
6.1
7.099999999999998
7.1
7.1
7.099999999999999
6.099999999999998
4.100000000000003
7.099999999999997
6.1
6.1000000000000005
6.099999999999999
5.099999999999999
5.099999999999999
6.1
8.100000000000003
6.099999999999997
7.1
6.099999999999998
6.099999999999998
5.099999999999999
6.099999999999997
6.1000000000000005
5.1
7.100000000000001
6.099999999999999
4.099999999999999
5.099999999999998
6.099999999999999
6.1000000000000005
4.099999999999998
6.1000000000000005
7.099999999999998
7.1000000000000005
5.099999999999997
8.100000000000001
7.099999999999997
8.100000000000003
7.1
8.100000000000003
5.099999999999998
8.100000000000001
7.099999999999998
6.099999999999998
6.099999999999998
7.099999999999999
7.099999999999998
6.099999999999998
6.099999999999998
6.099999999999999
7.1
5.099999999999999
7.099999999999998
7.099999999999998
7.099999999999999
6.099999999999999
6.1000000000000005
7.099999999999998
6.1
5.099999999999999
6.099999999999998
6.099999999999999
7.099999999999998
7.099999999999999
5.1
5.099999999999998
7.099999999999998
8.100000000000003
4.1
5.099999999999999
6.100000000000001
7.099999999999999
8.100000000000003
8.100000000000003
6.099999999999999
5.1
7.099999999999999
7.099999999999999
6.100000000000001
6.099999999999999
8.100000000000003
6.099999999999999
6.099999999999998
6.099999999999997
7.099999999999999
7.099999999999999
7.099999999999999
6.1
7.099999999999998
6.1
7.099999999999998
7.1
7.099999999999998
7.099999999999998
8.1
6.099999999999997
5.1000000000000005
5.099999999999998
6.099999999999998
7.099999999999999
6.100000000000002
6.099999999999999
7.099999999999998
5.099999999999999
8.100000000000003
8.100000000000001
8.100000000000001
6.099999999999999
6.099999999999998
5.099999999999999
5.099999999999999
6.1
7.1
6.099999999999999
8.100000000000003
6.099999999999999
8.100000000000001
8.099999999999998
6.100000000000001
7.099999999999999
6.099999999999998
7.099999999999999
7.099999999999998
6.1
6.099999999999998
7.099999999999999
6.099999999999999
6.099999999999997
6.099999999999998
6.099999999999998
7.099999999999999
6.100000000000001
7.099999999999999
6.099999999999999
8.100000000000001
6.099999999999997
6.099999999999999
5.099999999999999
8.100000000000003
5.099999999999998
7.1
7.099999999999997
7.099999999999998
7.099999999999999
7.099999999999998
6.099999999999999
8.099999999999998
4.099999999999999
7.099999999999994
6.099999999999998
6.099999999999998
6.099999999999999
7.099999999999999
7.099999999999999
5.099999999999999
6.099999999999999
8.100000000000001
6.099999999999999
7.099999999999996
8.100000000000001
6.099999999999997
7.1
4.099999999999999
6.099999999999999
7.1
7.099999999999997
7.099999999999998
2.099999999999999
7.099999999999998
7.1000000000000005
8.100000000000001
8.100000000000001
6.100000000000001
7.099999999999998
6.1000000000000005
7.099999999999998
7.099999999999999
6.1000000000000005
6.099999999999999
6.099999999999998
6.099999999999998
7.099999999999999
6.1
5.1
6.099999999999998
5.099999999999999
6.099999999999998
7.099999999999997
4.099999999999997
6.099999999999999
9.099999999999998
7.099999999999998
7.1000000000000005
6.099999999999999
7.099999999999999
7.099999999999999
7.1
6.099999999999998
6.099999999999999
4.1
4.099999999999998
7.099999999999997
6.099999999999999
8.100000000000001
5.099999999999998
5.099999999999999
6.1
5.099999999999998
6.099999999999999
6.099999999999999
6.099999999999997
8.099999999999998
6.100000000000001
6.099999999999998
6.099999999999998
5.099999999999998
5.099999999999998
6.099999999999999
5.099999999999999
8.100000000000003
8.100000000000003
3.099999999999999
6.1
6.099999999999999
6.099999999999999
7.1000000000000005
8.100000000000001
5.100000000000003
6.099999999999999
7.099999999999998
7.099999999999998
8.100000000000003
7.099999999999999
6.099999999999998
7.099999999999999
5.099999999999997
7.099999999999998
7.099999999999999
7.1
8.100000000000003
7.099999999999998
8.100000000000001
6.099999999999999
7.099999999999999
6.099999999999998
8.100000000000003
7.099999999999998
7.099999999999997
7.099999999999999
6.1000000000000005
6.1
6.099999999999998
5.1
7.099999999999999
7.099999999999997
5.099999999999999
8.100000000000003
6.099999999999999
8.100000000000001
6.099999999999998
6.099999999999998
6.099999999999999
5.099999999999998
6.099999999999999
6.099999999999998
6.1000000000000005
8.100000000000001
6.099999999999999
6.099999999999997
8.100000000000001
8.1
8.100000000000003
8.099999999999998
8.100000000000003
5.099999999999999
8.100000000000003
5.100000000000001
5.099999999999998
8.1
8.100000000000001
6.099999999999999
7.099999999999998
7.099999999999999
8.100000000000001
6.099999999999999
6.099999999999999
5.1
7.1
8.100000000000001
7.100000000000001
6.099999999999998
8.100000000000001
7.100000000000001
7.099999999999998
8.1
3.0999999999999996
7.100000000000001
6.099999999999999
8.100000000000001
8.100000000000001
8.099999999999996
8.100000000000001
5.099999999999999
7.099999999999998
6.099999999999999
7.099999999999999
3.099999999999999
5.1000000000000005
8.100000000000003
8.100000000000003
6.099999999999998
8.1
6.1000000000000005
7.099999999999998
8.1
6.099999999999998
5.099999999999999
7.099999999999998
5.1
6.099999999999999
7.099999999999997
7.099999999999998
6.099999999999998
6.099999999999999
8.100000000000001
9.100000000000003
7.099999999999997
6.099999999999999
8.1
8.1
5.099999999999998
7.099999999999999
5.1000000000000005
7.099999999999997
8.1
8.100000000000003
8.100000000000001
7.099999999999999
7.099999999999999
8.100000000000003
5.099999999999999
7.099999999999999
6.099999999999995
7.1
6.099999999999999
6.099999999999999
7.1000000000000005
8.100000000000003
5.1
8.100000000000001
7.099999999999997
8.100000000000001
7.099999999999999
7.1000000000000005
7.1
6.099999999999999
6.1000000000000005
6.099999999999998
6.099999999999998
7.099999999999998
6.099999999999999
7.099999999999998
5.099999999999998
7.099999999999999
7.099999999999998
8.100000000000003
8.100000000000001
7.1
7.100000000000002
6.099999999999997
8.1
8.1
7.099999999999999
5.099999999999999
8.1
7.099999999999998
6.1
6.099999999999999
7.099999999999999
7.099999999999998
4.100000000000003
7.1
6.099999999999999
7.099999999999998
7.099999999999999
7.099999999999998
6.099999999999996
7.099999999999997
5.1
5.1000000000000005
7.099999999999997
5.1
8.100000000000001
8.100000000000003
7.099999999999999
7.099999999999999
6.099999999999999
6.1
7.099999999999998
6.099999999999997
7.099999999999999
7.1000000000000005
7.099999999999999
5.099999999999999
6.1000000000000005
7.099999999999999
7.099999999999999
6.1
7.099999999999997
5.099999999999999
5.099999999999998
7.099999999999998
5.099999999999998
8.100000000000003
8.100000000000001
6.1000000000000005
7.099999999999998
7.099999999999997
8.1
6.1
7.099999999999998
6.1
7.1
6.099999999999999
7.099999999999999
6.099999999999996
6.099999999999998
8.100000000000001
7.099999999999997
6.099999999999997
8.1
7.1
5.100000000000001
6.099999999999999
6.099999999999995
6.099999999999998
8.1
8.099999999999998
5.099999999999999
8.100000000000001
7.099999999999999
5.1
7.099999999999998
5.099999999999998
4.099999999999999
5.099999999999999
8.1
5.099999999999998
6.099999999999999
7.1
8.100000000000003
7.099999999999999
6.099999999999998
5.099999999999999
6.099999999999998
7.100000000000001
8.100000000000003
7.100000000000001
6.099999999999997
6.1
8.100000000000003
8.100000000000003
6.099999999999999
6.099999999999998
6.1
6.099999999999996
7.100000000000001
6.099999999999999
5.099999999999999
4.099999999999998
6.099999999999999
5.099999999999998
8.100000000000001
5.099999999999998
7.099999999999999
6.099999999999999
6.099999999999999
7.099999999999999
7.1
6.099999999999999
7.1
8.1
7.100000000000001
7.099999999999999
4.099999999999999
7.099999999999999
8.100000000000001
7.099999999999998
7.099999999999997
6.099999999999999
6.099999999999999
5.099999999999998
8.100000000000003
8.1
7.099999999999998
8.1
5.1
6.099999999999999
8.100000000000001
7.099999999999998
7.099999999999997
6.099999999999999
7.099999999999999
8.100000000000003
7.099999999999999
6.099999999999999
8.100000000000003
7.100000000000001
8.100000000000001
6.1
7.099999999999999
6.100000000000001
4.099999999999999
7.099999999999998
7.099999999999999
6.100000000000003
1.0999999999999999
6.099999999999999
8.1
5.099999999999997
6.1
7.099999999999999
8.100000000000001
5.099999999999998
8.100000000000001
6.099999999999997
5.1000000000000005
6.099999999999999
7.1
7.099999999999996
7.099999999999998
6.099999999999998
6.099999999999999
8.100000000000003
6.099999999999998
8.1
7.099999999999998
6.099999999999998
4.099999999999998
6.099999999999999
6.099999999999999
6.099999999999997
6.099999999999998
7.099999999999998
7.099999999999997
6.099999999999999
7.1
7.099999999999998
7.099999999999999
7.099999999999999
7.099999999999997
8.1
8.100000000000001
4.099999999999999
6.099999999999998
6.099999999999999
4.1
8.100000000000003
8.100000000000001
6.099999999999999
7.099999999999999
9.100000000000001
4.1
8.100000000000003
6.099999999999998
7.1000000000000005
6.099999999999999
8.100000000000001
8.100000000000001
6.099999999999999
8.1
4.1
8.100000000000003
7.099999999999999
8.1
7.1
5.1
5.099999999999998
7.099999999999998
6.100000000000003
8.100000000000001
8.100000000000003
7.1
8.100000000000001
8.100000000000001
6.099999999999998
6.099999999999998
7.099999999999999
6.1
6.099999999999998
5.100000000000001
7.099999999999999
5.099999999999999
9.100000000000003
7.099999999999997
7.099999999999999
7.099999999999999
8.100000000000003
6.1
7.099999999999999
6.1000000000000005
5.099999999999999
9.100000000000003
8.100000000000003
7.099999999999999
8.1
8.1
7.099999999999999
7.1000000000000005
6.099999999999999
8.100000000000001
7.099999999999998
6.099999999999998
5.1
8.100000000000003
8.100000000000001
6.099999999999997
6.099999999999999
7.099999999999999
8.1
7.099999999999999
5.099999999999999
7.099999999999999
8.100000000000001
8.100000000000003
6.099999999999997
8.100000000000001
6.099999999999998
7.099999999999999
8.100000000000001
6.099999999999998
6.099999999999996
5.099999999999997
7.100000000000002
8.100000000000001
6.099999999999999
5.099999999999999
5.099999999999998
6.099999999999999
7.099999999999999
5.099999999999998
7.100000000000003
8.100000000000003
7.100000000000001
7.099999999999998
8.099999999999998
8.100000000000001
6.099999999999999
8.100000000000003
7.1
7.099999999999999
3.099999999999999
9.100000000000001
7.099999999999999
8.100000000000001
6.099999999999998
8.1
7.1
8.100000000000001
7.1
7.099999999999999
7.099999999999998
6.099999999999999
4.1
5.099999999999999
6.1
7.099999999999998
6.099999999999999
8.100000000000001
7.099999999999999
7.099999999999999
6.1
5.1
7.099999999999999
4.1
7.1000000000000005
5.1
5.1
7.099999999999996
8.1
8.1
8.100000000000001
7.099999999999999
5.099999999999998
6.099999999999998
5.1
8.100000000000001
7.099999999999998
8.1
7.099999999999998
9.1
7.099999999999999
8.100000000000001
4.099999999999999
8.1
7.099999999999999
7.099999999999999
9.100000000000003
7.099999999999999
8.100000000000001
6.1
6.099999999999999
5.099999999999999
8.1
8.1
7.099999999999999
8.1
7.099999999999997
6.099999999999999
8.100000000000003
8.100000000000003
6.099999999999998
7.099999999999999
8.100000000000001
8.100000000000001
7.099999999999999
7.099999999999998
6.1
6.099999999999998
8.100000000000003
8.1
5.1
9.100000000000001
8.100000000000001
6.099999999999999
6.099999999999999
6.099999999999998
7.100000000000001
8.100000000000003
6.099999999999999
6.1000000000000005
5.099999999999997
8.100000000000001
8.100000000000001
7.100000000000001
8.100000000000001
6.099999999999999
6.099999999999997
6.099999999999999
8.100000000000001
7.099999999999999
8.100000000000001
8.100000000000001
6.1
6.099999999999999
8.100000000000001
7.099999999999999
8.100000000000001
8.100000000000001
6.1000000000000005
7.099999999999998
8.100000000000003
8.100000000000001
6.1
8.100000000000003
8.100000000000001
6.099999999999999
7.099999999999999
9.100000000000001
7.099999999999999
8.100000000000003
6.099999999999999
7.099999999999998
7.099999999999998
7.1
7.100000000000003
8.100000000000003
8.100000000000001
8.100000000000003
7.099999999999999
8.100000000000003
5.099999999999999
8.1
7.1
8.1
7.099999999999997
7.099999999999999
7.099999999999998
7.099999999999997
8.100000000000001
7.1000000000000005
8.100000000000001
7.1
7.099999999999998
6.099999999999999
8.100000000000001
7.1
8.100000000000003
6.099999999999997
6.099999999999998
8.100000000000003
7.099999999999995
8.1
7.099999999999999
5.099999999999998
8.100000000000001
7.099999999999997
7.1000000000000005
7.099999999999997
8.100000000000003
9.100000000000003
6.099999999999999
8.100000000000001
9.1
8.100000000000003
7.1
7.1000000000000005
9.1
8.100000000000001
7.099999999999996
8.100000000000003
8.100000000000003
6.099999999999999
7.1
9.099999999999998
7.099999999999998
8.100000000000001
8.1
6.1
8.100000000000001
8.100000000000003
8.100000000000003
8.100000000000001
9.100000000000001
5.1
5.099999999999999
8.1
6.1
8.1
5.099999999999999
6.099999999999999
8.100000000000001
7.1000000000000005
8.100000000000001
8.100000000000003
8.100000000000003
5.099999999999999
8.100000000000003
8.100000000000001
6.099999999999998
5.099999999999999
7.1000000000000005
7.099999999999998
8.100000000000001
8.100000000000003
5.099999999999998
7.099999999999998
6.1
7.099999999999998
7.099999999999999
9.100000000000003
7.099999999999999
8.100000000000003
8.100000000000003
7.1000000000000005
3.0999999999999996
8.100000000000001
8.100000000000003
7.099999999999999
8.100000000000001
8.100000000000003
8.100000000000001
7.099999999999999
8.100000000000001
5.1
5.099999999999999
8.100000000000001
7.099999999999999
8.100000000000001
6.1
5.099999999999999
9.100000000000001
7.1
8.100000000000001
7.099999999999998
6.100000000000002
8.100000000000001
6.099999999999999
7.1000000000000005
8.100000000000001
7.099999999999999
8.1
8.100000000000001
5.099999999999999
8.100000000000003
8.100000000000003
6.099999999999997
5.1
7.1
8.100000000000003
8.100000000000001
6.1
6.099999999999999
8.100000000000001
8.100000000000001
8.1
7.099999999999999
7.099999999999998
8.1
8.1
8.100000000000001
6.1
7.099999999999997
7.099999999999999
5.099999999999998
9.100000000000001
8.100000000000003
7.099999999999999
8.100000000000001
5.099999999999999
8.100000000000003
8.100000000000003
8.100000000000001
7.1
7.099999999999999
9.100000000000003
7.1000000000000005
5.099999999999998
9.100000000000001
8.100000000000003
10.1
6.1
7.099999999999999
7.099999999999999
7.100000000000001
8.1
7.1
8.100000000000001
8.099999999999998
8.100000000000003
7.099999999999998
7.099999999999999
8.100000000000003
8.100000000000001
8.100000000000003
7.099999999999999
8.100000000000003
7.099999999999998
8.100000000000003
9.100000000000001
8.100000000000003
8.100000000000003
8.100000000000003
5.099999999999998
9.100000000000003
6.100000000000003
8.100000000000001
7.1
7.1
7.1
8.1
10.100000000000001
8.100000000000003
0.09999999999999992
8.100000000000001
8.1
8.100000000000001
8.100000000000001
7.099999999999999
7.099999999999999
9.100000000000003
6.099999999999999
8.100000000000003
7.099999999999998
8.100000000000001
7.099999999999999
7.099999999999997
5.099999999999998
8.1
8.100000000000003
6.099999999999998
7.099999999999999
7.1
6.099999999999998
8.100000000000003
6.1
6.099999999999999
9.1
8.100000000000001
5.099999999999999
8.100000000000001
6.099999999999999
8.100000000000001
7.099999999999999
7.099999999999998
7.099999999999999
7.099999999999998
7.100000000000003
8.1
6.099999999999999
8.100000000000003
7.099999999999998
8.100000000000001
8.100000000000001
8.100000000000001
7.099999999999998
6.099999999999999
4.1
8.100000000000003
8.1
7.100000000000001
9.100000000000001
8.100000000000003
7.099999999999999
8.100000000000003
6.1
6.099999999999999
5.1
8.100000000000003
9.100000000000001
8.1
7.099999999999999
9.100000000000001
5.1
8.1
4.099999999999999
6.099999999999998
8.1
6.099999999999997
8.100000000000003
6.099999999999998
8.100000000000003
8.100000000000001
8.100000000000003
8.100000000000001
7.099999999999999
7.099999999999998
8.100000000000001
8.1
7.1
8.1
8.100000000000003
7.1000000000000005
8.100000000000001
7.099999999999998
8.100000000000001
9.100000000000003
8.100000000000003
6.1
8.100000000000001
8.100000000000003
7.1
7.099999999999999
6.099999999999999
6.099999999999998
7.1
8.100000000000001
8.099999999999998
6.099999999999998
8.100000000000001
7.099999999999998
7.099999999999999
8.100000000000003
8.100000000000001
7.099999999999998
7.1
7.099999999999999
6.099999999999999
6.099999999999999
8.100000000000001
8.100000000000001
7.099999999999998
7.099999999999999
8.100000000000003
8.100000000000001
8.1
8.100000000000001
6.099999999999999
8.100000000000003
6.099999999999999
6.099999999999999
8.100000000000001
8.100000000000003
8.100000000000001
7.099999999999999
8.100000000000003
7.1
8.100000000000003
8.1
7.1
6.1000000000000005
8.100000000000001
8.100000000000001
8.1
6.100000000000001
9.100000000000003
8.100000000000003
6.099999999999999
8.100000000000001
7.099999999999999
8.1
8.100000000000001
6.099999999999998
7.099999999999999
4.099999999999999
7.1
7.099999999999999
6.1
7.099999999999999
8.1
6.099999999999999
7.1
8.100000000000003
8.1
8.100000000000001
6.099999999999999
8.100000000000001
7.099999999999999
7.1
7.099999999999998
9.100000000000003
8.100000000000001
4.099999999999999
8.100000000000001
8.100000000000003
7.099999999999998
10.100000000000003
8.100000000000001
5.1
7.099999999999998
8.100000000000003
9.100000000000001
8.1
7.099999999999999
6.099999999999998
8.100000000000003
8.1
8.100000000000003
7.099999999999999
8.100000000000003
9.100000000000001
6.1
8.100000000000003
8.100000000000001
7.099999999999998
8.100000000000001
8.1
8.100000000000003
9.100000000000001
8.100000000000001
7.099999999999999
7.099999999999999
7.1000000000000005
7.099999999999998
8.100000000000003
7.1
8.100000000000003
8.100000000000001
6.099999999999997
8.100000000000001
7.099999999999999
7.099999999999999
8.100000000000003
9.100000000000001
8.1
8.100000000000001
6.099999999999999
7.1
8.100000000000003
8.100000000000001
6.099999999999999
8.100000000000003
7.1
8.100000000000003
8.1
8.100000000000001
9.100000000000001
8.1
8.100000000000001
8.100000000000001
6.099999999999999
7.099999999999999
8.100000000000001
7.099999999999999
7.1
8.100000000000001
8.100000000000003
8.100000000000001
8.1
6.099999999999998
8.100000000000003
7.099999999999999
9.100000000000003
7.1
8.100000000000001
6.099999999999999
8.100000000000001
8.100000000000001
9.100000000000001
7.099999999999997
8.100000000000003
7.1
8.099999999999998
8.099999999999998
5.099999999999999
8.100000000000003
8.100000000000001
5.099999999999999
8.100000000000003
7.1
8.1
7.099999999999997
8.100000000000003
10.100000000000003
8.100000000000001
8.1
7.099999999999999
8.1
8.100000000000003
7.100000000000001
9.100000000000003
5.099999999999999
7.099999999999998
9.100000000000003
8.100000000000001
6.1000000000000005
7.099999999999999
8.099999999999996
7.099999999999999
7.099999999999999
7.1000000000000005
8.100000000000003
8.1
8.100000000000003
8.100000000000001
8.100000000000001
8.100000000000001
8.100000000000001
8.1
7.100000000000001
7.099999999999998
7.099999999999999
8.100000000000003
7.099999999999995
8.100000000000003
8.100000000000003
7.1
5.099999999999999
9.100000000000003
8.100000000000001
5.099999999999999
8.100000000000001
8.100000000000001
6.099999999999999
9.099999999999998
8.100000000000003
7.099999999999998
9.100000000000003
9.100000000000001
8.1
7.099999999999998
8.100000000000003
8.100000000000003
8.100000000000003
7.099999999999998
8.100000000000003
8.100000000000001
8.100000000000001
8.100000000000003
8.100000000000001
8.100000000000003
6.099999999999999
8.100000000000001
7.1
9.1
8.100000000000003
9.100000000000001
9.100000000000003
7.099999999999999
7.099999999999999
8.1
8.100000000000003
7.099999999999998
8.1
7.099999999999999
8.1
8.099999999999998
8.100000000000001
8.100000000000001
8.100000000000003
7.099999999999999
6.099999999999998
9.100000000000003
8.100000000000003
8.100000000000001
9.100000000000001
8.100000000000001
8.100000000000003
6.099999999999999
7.099999999999995
4.1
8.1
7.099999999999998
8.100000000000001
8.100000000000003
9.100000000000001
6.100000000000003
8.100000000000001
6.099999999999998
8.100000000000001
8.100000000000003
9.100000000000003
5.1
7.099999999999998
8.100000000000003
8.100000000000001
8.100000000000003
8.1
8.100000000000001
8.100000000000001
7.099999999999998
10.100000000000001
8.100000000000003
8.1
5.099999999999999
7.1
8.100000000000001
8.1
7.099999999999998
6.099999999999999
8.1
4.1
8.100000000000003
7.1
8.100000000000001
7.099999999999997
8.1
8.100000000000001
8.100000000000003
7.099999999999999
6.099999999999999
6.099999999999998
8.100000000000003
9.100000000000001
7.099999999999999
7.099999999999998
8.100000000000001
8.100000000000003
8.100000000000001
7.099999999999999
8.1
8.100000000000001
7.1000000000000005
5.099999999999998
8.100000000000001
7.099999999999999
7.1
9.1
3.099999999999999
8.100000000000003
8.100000000000003
8.100000000000003
9.100000000000003
8.100000000000003
7.099999999999999
6.1
8.100000000000003
9.100000000000001
3.099999999999999
7.099999999999999
8.100000000000003
9.100000000000003
8.100000000000003
8.100000000000001
8.100000000000003
7.099999999999999
8.100000000000003
8.100000000000003
4.1
8.100000000000001
8.100000000000001
8.100000000000003
7.099999999999999
8.100000000000001
8.100000000000001
7.099999999999998
3.099999999999999
8.1
8.1
8.100000000000003
8.100000000000001
8.100000000000003
8.1
8.100000000000001
7.099999999999999
7.1
8.1
7.099999999999998
8.100000000000003
7.099999999999998
8.100000000000001
8.1
9.1
7.099999999999999
6.099999999999998
6.099999999999996
8.100000000000001
7.099999999999999
5.099999999999999
8.100000000000003
8.1
7.099999999999999
8.100000000000001
8.100000000000003
8.100000000000001
8.100000000000003
8.1
8.100000000000003
7.099999999999999
8.100000000000001
8.100000000000003
8.100000000000001
8.1
6.099999999999998
8.100000000000001
8.100000000000001
7.099999999999999
7.1
8.100000000000003
8.100000000000001
8.100000000000003
10.1
7.099999999999999
7.099999999999999
10.100000000000003
8.100000000000003
7.1
8.100000000000001
9.100000000000001
8.1
7.099999999999998
8.100000000000001
7.099999999999997
8.100000000000001
8.1
8.100000000000001
8.100000000000003
8.100000000000001
8.100000000000001
8.100000000000003
8.100000000000003
6.099999999999996
8.100000000000001
7.099999999999999
7.099999999999999
7.099999999999999
8.1
8.100000000000003
5.099999999999999
8.1
8.100000000000001
8.100000000000001
7.099999999999998
8.1
9.100000000000003
8.100000000000001
8.100000000000001
8.1
8.099999999999996
7.099999999999999
8.100000000000001
4.099999999999999
8.100000000000003
5.1
7.099999999999998
8.100000000000003
8.100000000000001
8.100000000000001
7.100000000000001
7.1
8.100000000000003
8.100000000000003
8.100000000000003
8.100000000000003
9.1
7.099999999999997
8.1
7.099999999999999
8.100000000000003
9.100000000000003
8.100000000000003
8.100000000000003
8.100000000000001
8.100000000000003
8.100000000000001
8.100000000000003
8.100000000000001
8.100000000000001
8.100000000000003
6.099999999999999
8.1
8.099999999999998
8.1
8.100000000000003
8.100000000000003
5.099999999999999
8.100000000000001
9.100000000000001
8.100000000000003
7.099999999999998
11.100000000000003
7.099999999999998
8.100000000000003
8.100000000000001
8.100000000000001
8.100000000000003
7.1000000000000005
6.099999999999999
9.100000000000001
6.099999999999998
8.100000000000003
8.100000000000001
3.099999999999999
9.099999999999998
6.099999999999999
8.100000000000003
7.099999999999999
9.100000000000003
8.100000000000003
8.100000000000003
4.1
9.100000000000001
8.100000000000003
5.099999999999998
8.100000000000001
2.099999999999999
8.100000000000001
8.1
8.100000000000001
8.1
9.100000000000001
9.100000000000003
6.1
8.100000000000001
8.100000000000003
7.099999999999997
8.100000000000003
4.1
6.099999999999998
8.100000000000001
8.100000000000003
10.100000000000003
6.099999999999998
8.100000000000001
6.099999999999999
6.1
8.100000000000001
8.100000000000001
6.099999999999998
8.100000000000001
8.100000000000003
7.1
8.100000000000003
8.1
8.100000000000001
8.100000000000003
6.100000000000001
7.099999999999999
8.100000000000003
8.1
8.100000000000001
8.100000000000003
8.100000000000003
7.1000000000000005
7.100000000000002
8.100000000000001
8.100000000000001
6.099999999999999
7.099999999999998
8.100000000000003
8.100000000000001
6.099999999999999
8.100000000000001
3.099999999999999
7.099999999999999
8.100000000000003
8.100000000000001
8.100000000000003
8.1
8.100000000000001
7.099999999999999
9.100000000000003
6.1
7.100000000000003
6.099999999999999
8.100000000000003
8.100000000000003
7.099999999999998
8.100000000000003
9.100000000000001
4.099999999999999
7.099999999999999
7.099999999999996
8.100000000000001
5.1000000000000005
8.100000000000003
8.100000000000003
6.1
8.1
8.100000000000003
5.1000000000000005
8.100000000000003
8.100000000000001
8.100000000000001
8.100000000000001
9.100000000000001
6.1000000000000005
8.100000000000001
8.099999999999998
8.100000000000001
8.100000000000001
6.100000000000003
9.100000000000001
7.099999999999998
8.100000000000001
7.099999999999998
9.100000000000003
9.100000000000003
6.099999999999999
8.100000000000003
8.1
8.099999999999998
8.100000000000001
5.099999999999999
7.099999999999998
9.100000000000003
8.100000000000003
8.100000000000001
6.099999999999999
8.100000000000001
8.100000000000001
8.1
7.099999999999999
8.1
8.1
8.100000000000003
8.100000000000003
8.100000000000001
7.099999999999999
9.100000000000001
8.100000000000003
7.099999999999999
8.100000000000003
8.100000000000001
8.100000000000003
8.100000000000003
8.1
8.1
8.100000000000001
7.099999999999998
9.100000000000001
8.1
7.099999999999999
7.1
9.100000000000001
4.099999999999998
8.100000000000001
9.1
8.100000000000003
9.100000000000003
8.100000000000003
6.100000000000003
8.1
8.100000000000001
9.100000000000001
9.100000000000001
8.100000000000001
9.100000000000001
7.099999999999999
8.100000000000003
8.100000000000001
7.099999999999999
8.100000000000003
8.100000000000003
8.100000000000003
8.100000000000001
8.100000000000001
10.100000000000001
8.099999999999998
7.099999999999999
7.099999999999998
9.100000000000003
8.100000000000003
7.099999999999999
8.099999999999998
8.100000000000003
8.100000000000003
10.1
8.100000000000001
7.1
8.100000000000003
7.099999999999998
8.100000000000003
6.099999999999997
8.100000000000001
7.1
7.099999999999999
7.099999999999998
9.100000000000003
7.099999999999999
7.1
8.100000000000003
9.100000000000001
8.100000000000001
9.100000000000001
6.1
10.1
6.099999999999999
7.099999999999999
7.099999999999999
7.099999999999999
7.100000000000003
9.100000000000001
8.100000000000001
9.100000000000003
8.100000000000001
8.100000000000001
8.100000000000003
8.1
6.1
8.100000000000003
5.099999999999999
8.100000000000001
8.1
8.1
8.100000000000001
8.1
7.1
5.1
9.100000000000003
8.100000000000003
7.1
8.100000000000001
8.1
7.099999999999998
7.099999999999999
8.100000000000003
8.100000000000001
10.100000000000003
9.100000000000003
8.1
7.100000000000001
8.100000000000003
7.099999999999999
9.100000000000003
8.1
4.1
8.100000000000003
9.100000000000003
8.1
8.100000000000003
7.099999999999998
8.100000000000003
7.099999999999998
8.100000000000001
8.100000000000003
7.1000000000000005
10.100000000000003
8.100000000000003
6.099999999999999
9.099999999999998
8.100000000000003
9.100000000000001
8.100000000000001
8.100000000000003
8.100000000000003
10.100000000000003
8.100000000000003
7.100000000000001
8.100000000000001
8.100000000000003
8.100000000000003
9.100000000000003
8.100000000000003
8.100000000000001
7.100000000000003
9.1
2.099999999999999
8.100000000000001
8.100000000000001
7.099999999999999
4.099999999999998
9.100000000000001
7.099999999999999
7.099999999999999
7.099999999999998
9.099999999999998
8.100000000000001
7.1000000000000005
9.100000000000003
7.099999999999999
8.100000000000001
8.100000000000003
7.099999999999998
8.100000000000001
2.0999999999999996
8.1
5.099999999999998
8.099999999999998
8.100000000000001
5.099999999999999
6.1000000000000005
8.100000000000003
8.100000000000003
8.100000000000001
6.099999999999998
9.100000000000003
8.1
7.1
6.099999999999998
7.099999999999998
8.100000000000003
8.100000000000003
8.100000000000001
5.099999999999999
5.099999999999999
7.099999999999998
7.099999999999998
7.099999999999999
7.099999999999998
8.100000000000001
8.100000000000001
8.100000000000001
8.100000000000003
9.100000000000003
8.100000000000001
7.099999999999998
5.099999999999999
8.1
5.100000000000001
7.099999999999998
9.100000000000003
8.100000000000001
7.100000000000003
7.099999999999997
7.099999999999999
9.100000000000001
8.100000000000003
7.099999999999999
8.100000000000001
6.1000000000000005
9.100000000000001
7.1
8.100000000000003
6.1
8.100000000000003
8.100000000000001
8.100000000000003
9.100000000000001
8.100000000000001
8.100000000000001
6.099999999999999
5.099999999999999
8.100000000000003
3.099999999999999
8.100000000000001
9.100000000000001
8.100000000000001
6.099999999999999
8.100000000000003
9.100000000000001
9.100000000000003
8.100000000000001
8.100000000000003
9.100000000000001
7.099999999999998
9.100000000000003
8.1
8.100000000000001
8.100000000000001
9.100000000000001
8.100000000000001
7.1
8.100000000000003
10.100000000000001
6.099999999999999
7.1
5.099999999999999
8.100000000000001
8.100000000000001
9.100000000000003
8.100000000000003
8.100000000000001
8.100000000000003
9.100000000000003
7.099999999999998
9.100000000000003
8.1
8.100000000000003
4.1
7.099999999999999
8.100000000000001
9.100000000000003
8.1
6.099999999999997
8.100000000000003
8.100000000000003
7.099999999999999
9.100000000000003
7.099999999999999
7.099999999999998
6.099999999999999
8.100000000000003
7.099999999999999
8.100000000000001
10.100000000000003
9.100000000000003
8.100000000000001
8.100000000000003
8.100000000000001
8.100000000000001
8.1
10.100000000000003
7.099999999999999
8.100000000000001
9.1
9.100000000000003
8.100000000000003
9.100000000000001
8.1
9.100000000000003
8.100000000000001
8.100000000000001
8.100000000000003
7.099999999999998
8.100000000000001
7.099999999999999
7.099999999999999
10.100000000000001
5.1
8.100000000000001
7.1
8.100000000000003
7.099999999999999
8.100000000000001
8.100000000000003
7.099999999999999
6.099999999999999
8.100000000000003
10.100000000000003
8.100000000000001
8.100000000000001
9.1
8.100000000000001
8.1
7.099999999999999
9.1
8.100000000000003
9.1
10.100000000000003
8.100000000000003
7.100000000000001
7.099999999999998
7.1
9.100000000000001
8.1
8.100000000000001
7.1
8.1
9.100000000000001
9.100000000000001
9.100000000000001
6.1
10.100000000000001
9.099999999999996
7.099999999999999
8.100000000000001
7.099999999999998
9.1
7.1000000000000005
8.100000000000001
9.100000000000001
8.100000000000003
7.1
8.100000000000003
7.099999999999998
8.100000000000001
8.100000000000003
5.099999999999999
7.099999999999999
8.100000000000001
8.100000000000003
8.100000000000003
8.1
8.1
8.100000000000001
6.099999999999999
5.099999999999997
9.100000000000003
7.099999999999999
8.100000000000003
8.1
9.100000000000001
7.099999999999999
7.099999999999998
9.100000000000003
7.099999999999999
9.100000000000003
9.100000000000003
8.100000000000001
5.100000000000003
7.099999999999999
9.100000000000001
8.100000000000001
8.100000000000003
6.099999999999999
6.1
5.099999999999998
8.100000000000003
8.100000000000003
7.099999999999998
7.099999999999999
9.100000000000001
9.100000000000003
8.100000000000001
8.100000000000001
8.100000000000003
7.099999999999999
6.099999999999998
9.100000000000003
10.1
8.100000000000001
8.100000000000001
7.099999999999998
8.100000000000001
9.100000000000003
9.100000000000003
8.100000000000001
8.100000000000001
8.100000000000001
6.099999999999999
8.100000000000003
8.100000000000001
8.1
8.100000000000001
9.100000000000001
8.100000000000001
8.100000000000003
6.1
8.100000000000001
9.100000000000001
8.100000000000003
8.100000000000001
7.099999999999998
8.100000000000003
7.1
7.1
8.100000000000001
8.1
8.100000000000003
8.100000000000001
8.100000000000003
8.100000000000001
8.100000000000001
8.100000000000003
8.100000000000001
8.100000000000001
8.100000000000003
10.100000000000003
8.100000000000003
8.100000000000001
7.099999999999999
10.100000000000001
9.1
7.1
7.099999999999999
5.099999999999999
6.099999999999998
9.100000000000003
9.100000000000003
8.100000000000003
6.1000000000000005
8.100000000000003
8.100000000000003
6.1
7.1
7.099999999999998
8.100000000000003
7.099999999999998
8.100000000000003
8.100000000000003
8.100000000000003
8.100000000000001
7.099999999999997
8.100000000000003
9.099999999999998
8.100000000000001
8.100000000000003
8.100000000000003
9.100000000000003
8.100000000000001
8.100000000000003
7.1
8.100000000000001
9.100000000000003
9.100000000000001
9.100000000000003
7.099999999999999
7.099999999999999
8.100000000000001
8.100000000000003
8.100000000000003
8.100000000000001
7.099999999999998
9.100000000000003
8.100000000000001
9.100000000000003
9.1
9.099999999999998
7.1
8.100000000000003
8.100000000000001
8.100000000000003
4.099999999999999
5.099999999999998
8.100000000000003
9.1
9.100000000000003
8.100000000000003
7.099999999999998
8.100000000000001
4.099999999999999
8.100000000000001
8.100000000000001
9.100000000000003
8.100000000000001
8.100000000000001
8.100000000000003
8.100000000000003
9.100000000000003
9.100000000000001
8.1
8.100000000000003
8.100000000000003
8.100000000000003
7.1
9.100000000000001
8.100000000000001
9.1
9.100000000000003
7.1
8.100000000000003
4.099999999999999
8.100000000000003
8.100000000000003
3.099999999999999
8.100000000000003
6.099999999999999
5.1
9.100000000000003
8.100000000000003
7.099999999999999
8.100000000000003
8.100000000000001
7.099999999999999
8.1
4.099999999999999
8.100000000000001
8.1
8.100000000000003
9.100000000000001
9.100000000000003
8.100000000000003
8.100000000000001
8.100000000000003
8.1
9.100000000000001
7.099999999999999
7.099999999999999
10.100000000000003
8.100000000000001
8.100000000000001
9.100000000000003
8.100000000000003
8.100000000000001
8.1
8.1
10.100000000000003
9.1
7.1
9.100000000000003
9.100000000000003
8.100000000000001
8.100000000000001
6.100000000000001
6.099999999999999
8.100000000000001
10.100000000000001
8.1
8.100000000000003
9.100000000000003
7.099999999999999
8.100000000000003
8.1
9.100000000000003
7.1
9.100000000000001
8.100000000000003
8.100000000000003
5.099999999999999
8.1
7.1
7.099999999999998
7.099999999999998
9.100000000000003
10.1
7.099999999999999
8.100000000000001
10.100000000000003
8.100000000000003
8.100000000000003
8.100000000000001
9.100000000000003
7.099999999999998
8.100000000000003
7.099999999999999
7.099999999999999
8.100000000000001
7.099999999999999
11.100000000000001
8.100000000000003
9.100000000000001
8.100000000000001
7.1000000000000005
8.100000000000001
8.100000000000001
9.100000000000001
10.100000000000003
8.100000000000001
9.100000000000003
7.099999999999999
8.100000000000001
10.100000000000003
7.099999999999999
8.100000000000003
9.100000000000003
8.100000000000003
8.1
8.100000000000003
8.100000000000003
8.100000000000001
10.100000000000003
8.100000000000003
8.100000000000001
9.100000000000001
8.100000000000001
8.100000000000001
7.1
8.1
8.100000000000003
7.099999999999999
8.100000000000001
8.1
8.1
5.099999999999997
9.100000000000001
9.1
8.1
8.100000000000001
6.099999999999999
6.099999999999999
7.099999999999999
8.100000000000001
8.100000000000003
8.100000000000003
8.100000000000001
7.099999999999998
6.099999999999999
8.100000000000003
10.100000000000003
1.0999999999999999
8.100000000000001
8.100000000000001
8.100000000000001
8.100000000000001
9.100000000000003
8.100000000000001
8.100000000000001
8.100000000000001
8.100000000000003
9.100000000000001
9.100000000000001
7.099999999999998
9.100000000000003
8.100000000000003
8.100000000000001
9.100000000000003
8.100000000000003
8.1
8.100000000000001
7.1
8.100000000000001
8.100000000000003
8.1
8.100000000000001
8.100000000000001
8.100000000000001
8.1
10.100000000000001
7.1
7.1
9.100000000000003
7.099999999999999
7.099999999999999
9.100000000000001
8.100000000000001
10.100000000000003
7.099999999999997
7.099999999999998
8.100000000000003
8.099999999999998
8.100000000000003
8.100000000000001
7.100000000000001
8.100000000000003
8.100000000000001
9.100000000000003
8.100000000000003
8.100000000000001
8.100000000000001
8.100000000000001
8.100000000000001
8.100000000000001
8.100000000000003
8.100000000000001
6.100000000000002
9.1
8.100000000000003
7.100000000000001
9.100000000000001
8.100000000000001
10.100000000000003
7.099999999999999
9.100000000000001
9.100000000000001
8.100000000000003
8.100000000000001
8.100000000000001
8.100000000000003
9.100000000000003
8.100000000000003
9.100000000000001
10.100000000000003
8.1
8.100000000000001
8.100000000000003
7.099999999999999
6.1
8.100000000000003
8.100000000000003
8.100000000000001
9.100000000000003
8.100000000000001
9.100000000000001
8.100000000000003
9.100000000000003
11.100000000000003
9.100000000000003
9.1
7.1000000000000005
7.099999999999999
7.1
8.100000000000001
9.100000000000003
7.099999999999997
9.100000000000001
10.100000000000003
9.100000000000001
9.100000000000001
7.099999999999997
8.100000000000001
8.100000000000001
10.100000000000003
7.099999999999999
6.099999999999998
8.100000000000003
8.100000000000001
8.100000000000001
9.100000000000003
9.100000000000003
8.1
9.100000000000003
8.100000000000003
9.1
8.1
8.100000000000003
6.099999999999998
9.100000000000001
8.100000000000003
7.1000000000000005
9.100000000000003
7.099999999999999
7.099999999999999
9.100000000000003
9.100000000000003
8.1
7.100000000000003
8.1
7.099999999999999
6.1000000000000005
8.100000000000001
9.100000000000003
8.100000000000003
6.099999999999997
9.100000000000001
9.100000000000001
9.100000000000003
6.100000000000002
8.100000000000001
9.100000000000003
9.100000000000003
8.1
9.100000000000001
8.100000000000001
9.100000000000003
8.1
7.099999999999999
9.100000000000003
5.099999999999998
9.100000000000003
8.100000000000003
8.1
9.100000000000003
9.100000000000001
9.100000000000003
8.1
8.1
5.099999999999999
9.100000000000003
8.100000000000001
8.099999999999998
8.100000000000003
7.099999999999998
8.100000000000003
9.100000000000003
9.100000000000003
7.099999999999999
6.1
8.100000000000003
8.100000000000001
8.100000000000003
8.100000000000001
8.100000000000003
8.1
9.100000000000003
9.100000000000001
7.099999999999999
6.099999999999999
8.100000000000003
7.099999999999999
5.099999999999998
9.100000000000001
9.100000000000003
8.100000000000003
7.1
8.100000000000003
7.099999999999999
8.100000000000003
9.1
9.100000000000001
9.100000000000003
9.100000000000003
9.100000000000003
6.099999999999999
8.099999999999998
8.100000000000001
7.099999999999999
9.100000000000003
9.100000000000003
8.100000000000001
9.100000000000003
8.1
8.100000000000001
9.100000000000001
8.100000000000001
7.1
9.100000000000003
6.1
9.100000000000003
6.099999999999999
7.1
8.099999999999998
8.100000000000003
8.100000000000003
8.100000000000003
5.099999999999999
8.100000000000001
7.099999999999999
7.099999999999999
9.100000000000003
8.100000000000001
8.100000000000003
8.1
8.1
8.100000000000003
9.100000000000001
8.100000000000001
10.1
8.100000000000003
9.100000000000003
8.100000000000003
8.1
9.100000000000003
5.099999999999999
8.100000000000003
10.100000000000001
6.099999999999999
8.100000000000001
9.100000000000003
8.100000000000001
10.1
9.100000000000001
10.100000000000003
9.100000000000003
7.099999999999999
6.099999999999997
9.100000000000001
8.100000000000003
7.1
9.100000000000001
8.100000000000001
8.099999999999998
8.100000000000003
8.100000000000003
9.100000000000001
7.1
9.1
8.100000000000003
8.1
7.099999999999998
8.100000000000003
9.1
7.099999999999999
7.099999999999999
8.100000000000003
7.099999999999998
8.100000000000003
9.100000000000003
5.099999999999999
9.100000000000003
9.100000000000001
9.100000000000003
8.100000000000001
7.1
8.100000000000003
9.100000000000001
8.100000000000003
8.100000000000003
8.1
8.100000000000003
9.100000000000001
8.100000000000003
8.100000000000001
9.100000000000003
9.100000000000001
8.100000000000003
8.100000000000001
10.100000000000001
8.100000000000003
5.099999999999999
9.100000000000003
7.1
8.100000000000003
10.100000000000001
9.100000000000001
10.100000000000003
9.1
8.100000000000003
6.099999999999999
10.100000000000001
7.099999999999999
8.100000000000003
9.100000000000001
9.100000000000001
8.100000000000001
6.099999999999999
10.100000000000003
10.100000000000003
8.100000000000001
6.099999999999999
8.100000000000001
7.099999999999999
6.099999999999999
10.100000000000003
7.1
11.100000000000001
9.100000000000001
9.1
8.100000000000003
8.100000000000003
8.100000000000001
8.100000000000001
9.100000000000003
7.099999999999998
9.100000000000001
8.100000000000003
8.100000000000001
9.100000000000003
8.100000000000001
6.100000000000001
8.100000000000001
7.099999999999999
9.100000000000003
8.100000000000003
8.100000000000003
7.099999999999997
10.100000000000003
5.1000000000000005
6.099999999999998
7.099999999999999
7.099999999999998
9.100000000000003
9.100000000000003
9.100000000000003
9.100000000000003
8.100000000000003
9.100000000000001
8.100000000000001
6.099999999999999
8.100000000000003
7.100000000000003
11.100000000000003
8.100000000000001
8.1
8.1
11.100000000000003
8.100000000000001
11.100000000000003
3.099999999999999
8.100000000000003
8.100000000000001
9.100000000000003
9.1
9.1
11.100000000000001
3.099999999999999
7.099999999999998
9.100000000000003
8.100000000000001
9.100000000000001
9.1
10.100000000000003
10.100000000000003
8.100000000000003
9.100000000000003
7.099999999999998
9.100000000000003
7.099999999999998
8.100000000000001
8.100000000000001
8.100000000000003
8.100000000000003
8.100000000000003
9.100000000000001
7.099999999999999
9.100000000000003
9.100000000000003
7.099999999999999
8.1
8.100000000000003
8.1
10.1
11.100000000000001
11.100000000000003
8.100000000000001
8.100000000000003
8.100000000000003
8.1
7.099999999999998
8.100000000000001
10.100000000000003
8.1
8.100000000000003
6.099999999999999
10.100000000000001
8.100000000000001
8.100000000000003
8.1
9.100000000000003
8.100000000000003
7.1
8.100000000000003
8.100000000000001
9.100000000000003
8.100000000000001
9.100000000000003
8.100000000000001
8.100000000000001
10.100000000000003
8.100000000000001
10.100000000000003
7.100000000000003
9.100000000000003
8.100000000000003
8.100000000000001
6.099999999999999
9.100000000000003
9.100000000000001
11.100000000000003
8.100000000000003
8.100000000000003
9.100000000000003
8.1
9.100000000000001
5.099999999999999
8.099999999999998
8.1
9.100000000000003
3.099999999999999
10.100000000000003
10.100000000000003
9.100000000000003
10.100000000000003
8.100000000000001
8.100000000000003
9.100000000000003
8.100000000000001
8.100000000000001
8.100000000000003
6.100000000000003
8.100000000000003
8.1
9.100000000000003
8.100000000000003
8.100000000000003
10.100000000000003
8.100000000000003
9.099999999999998
8.099999999999996
9.100000000000001
5.099999999999999
8.100000000000003
9.100000000000003
8.100000000000003
8.100000000000001
6.1
8.100000000000001
10.100000000000003
8.099999999999998
8.100000000000003
9.1
9.1
9.100000000000003
11.100000000000003
8.100000000000003
6.1
5.1
7.100000000000003
10.1
7.1
9.100000000000003
9.100000000000003
8.100000000000001
9.100000000000001
10.100000000000003
9.100000000000003
8.100000000000003
7.1
8.100000000000001
4.099999999999997
8.1
9.100000000000001
9.100000000000001
9.100000000000003
6.099999999999999
8.1
8.100000000000001
9.100000000000003
9.100000000000003
9.100000000000001
7.099999999999998
7.099999999999998
8.100000000000001
9.100000000000001
9.1
8.100000000000003
2.1
9.100000000000001
8.1
9.100000000000003
7.099999999999999
7.1
9.100000000000003
10.100000000000001
8.100000000000001
6.099999999999997
8.100000000000003
7.099999999999999
9.1
8.1
9.100000000000003
8.100000000000001
8.100000000000003
10.100000000000003
8.100000000000003
8.100000000000003
8.100000000000001
8.100000000000003
8.100000000000001
8.100000000000003
8.100000000000003
8.100000000000001
9.100000000000003
8.100000000000003
8.100000000000003
8.100000000000001
8.100000000000003
9.1
9.100000000000003
9.100000000000003
8.100000000000003
8.100000000000003
9.100000000000003
9.100000000000003
9.100000000000003
9.100000000000003
8.100000000000003
7.099999999999999
4.099999999999999
8.100000000000003
8.100000000000001
8.100000000000003
8.100000000000003
7.1
9.100000000000003
10.100000000000003
9.100000000000003
8.1
7.1
9.100000000000003
10.100000000000001
9.100000000000003
8.1
10.100000000000001
6.099999999999998
9.1
8.100000000000001
7.1000000000000005
9.100000000000003
10.1
7.100000000000003
10.100000000000003
9.100000000000003
7.1000000000000005
10.100000000000001
9.100000000000003
9.100000000000003
10.100000000000003
8.100000000000001
8.100000000000003
9.100000000000003
9.100000000000003
7.099999999999999
9.100000000000003
8.100000000000001
7.099999999999999
7.1
4.100000000000003
9.100000000000003
6.100000000000001
8.100000000000003
4.100000000000003
8.100000000000003
9.100000000000001
9.100000000000001
10.100000000000003
8.100000000000003
8.100000000000001
8.100000000000001
10.100000000000003
9.100000000000001
9.100000000000003
8.100000000000003
9.100000000000001
8.1
8.100000000000001
6.099999999999999
10.1
7.1
9.100000000000003
8.100000000000003
6.099999999999999
9.100000000000001
9.1
9.1
9.100000000000003
7.099999999999999
8.099999999999998
9.1
8.100000000000003
10.100000000000001
9.100000000000003
5.099999999999998
9.100000000000003
7.1000000000000005
9.100000000000003
6.099999999999999
10.100000000000003
9.100000000000003
8.100000000000001
9.100000000000003
7.099999999999999
8.1
8.100000000000003
7.099999999999999
8.1
8.100000000000003
10.100000000000001
8.100000000000001
9.1
8.1
7.100000000000003
6.099999999999998
9.100000000000003
9.100000000000001
9.100000000000003
8.100000000000001
9.100000000000003
8.100000000000001
9.100000000000003
5.1
8.100000000000003
9.100000000000001
8.100000000000003
10.100000000000003
7.099999999999999
7.1
10.100000000000003
5.1
7.099999999999996
8.100000000000001
9.100000000000003
10.100000000000001
8.100000000000003
10.1
9.100000000000003
8.100000000000003
3.099999999999999
6.1
8.100000000000001
9.100000000000003
9.100000000000001
10.100000000000001
7.100000000000003
8.100000000000001
3.099999999999999
6.099999999999998
10.100000000000001
8.100000000000001
8.100000000000003
8.100000000000003
10.100000000000003
9.100000000000003
8.100000000000001
9.100000000000003
8.100000000000001
7.1
11.100000000000003
8.100000000000003
10.100000000000003
9.100000000000001
7.1
9.100000000000001
9.100000000000001
8.1
7.1
8.099999999999998
9.100000000000003
2.0999999999999996
9.100000000000003
8.100000000000003
7.099999999999999
7.100000000000003
8.100000000000001
9.100000000000003
7.099999999999999
10.100000000000003
8.100000000000003
8.100000000000003
9.099999999999998
9.100000000000001
10.1
8.100000000000003
10.100000000000003
8.1
8.1
9.099999999999998
10.100000000000003
9.100000000000003
11.100000000000001
10.100000000000001
9.100000000000003
6.099999999999997
9.100000000000003
8.100000000000003
10.100000000000001
8.100000000000003
7.1000000000000005
8.100000000000001
7.099999999999998
10.100000000000003
8.100000000000001
4.1
7.1
10.100000000000003
10.100000000000003
7.1000000000000005
11.100000000000001
4.1
8.100000000000003
9.100000000000001
8.100000000000001
10.100000000000003
8.100000000000001
9.100000000000001
8.100000000000003
9.100000000000003
8.100000000000001
6.099999999999999
9.100000000000001
10.100000000000003
10.100000000000001
10.100000000000003
5.099999999999999
10.100000000000003
9.100000000000003
8.100000000000001
8.100000000000003
8.100000000000003
8.100000000000001
9.100000000000001
10.100000000000001
3.099999999999999
8.100000000000001
7.1
10.100000000000001
8.1
7.100000000000001
8.1
10.100000000000001
5.099999999999999
9.100000000000003
8.100000000000003
8.100000000000003
7.1
8.100000000000001
9.100000000000003
10.100000000000003
8.100000000000003
8.1
9.100000000000001
9.100000000000001
10.100000000000003
8.100000000000003
9.100000000000003
9.100000000000001
9.100000000000001
8.100000000000001
8.1
7.099999999999999
10.100000000000003
6.099999999999999
8.100000000000003
11.100000000000001
9.100000000000003
5.1
9.100000000000003
10.1
9.1
7.099999999999999
8.100000000000003
8.100000000000001
7.099999999999999
8.100000000000003
10.100000000000003
8.100000000000001
5.1
8.100000000000003
6.099999999999998
8.100000000000003
8.100000000000001
10.100000000000001
8.100000000000001
8.100000000000001
10.100000000000003
9.100000000000003
8.100000000000001
8.100000000000003
8.100000000000001
9.100000000000003
8.100000000000003
7.1
7.099999999999998
7.099999999999998
8.100000000000001
9.100000000000003
8.100000000000003
8.1
8.100000000000003
10.100000000000001
9.100000000000001
6.1000000000000005
8.100000000000003
6.099999999999998
8.100000000000003
10.100000000000001
8.100000000000001
9.100000000000001
8.1
10.100000000000003
8.1
9.100000000000001
9.100000000000001
8.100000000000003
7.1
8.1
9.100000000000001
8.100000000000001
8.100000000000001
9.100000000000003
10.100000000000003
9.100000000000003
9.100000000000001
9.100000000000003
10.100000000000001
10.100000000000003
8.100000000000003
9.100000000000003
10.100000000000003
8.1
8.100000000000003
9.100000000000003
6.099999999999998
8.100000000000001
10.100000000000003
8.1
7.099999999999999
8.100000000000001
9.100000000000003
9.100000000000003
9.100000000000003
8.100000000000003
9.100000000000003
9.100000000000003
9.100000000000003
9.100000000000001
9.100000000000001
11.100000000000003
10.100000000000001
8.100000000000003
9.100000000000001
12.100000000000003
8.1
9.100000000000001
10.100000000000003
9.100000000000001
10.100000000000003
10.100000000000003
9.100000000000003
8.100000000000003
9.100000000000003
8.100000000000003
4.1
10.100000000000003
9.100000000000003
10.100000000000003
10.100000000000001
10.100000000000001
8.100000000000001
9.100000000000003
9.1
8.100000000000001
11.100000000000001
11.100000000000001
8.1
9.100000000000003
8.100000000000001
6.099999999999999
10.1
7.099999999999998
6.099999999999999
10.100000000000003
7.1
8.1
8.100000000000003
8.100000000000001
9.100000000000001
9.100000000000003
7.099999999999998
10.100000000000001
8.100000000000001
8.099999999999998
8.100000000000003
8.100000000000003
11.099999999999998
9.100000000000001
9.1
9.100000000000003
11.100000000000001
9.100000000000001
9.100000000000003
10.100000000000001
9.100000000000003
10.100000000000001
10.100000000000001
9.100000000000003
8.100000000000003
10.100000000000003
8.100000000000003
9.100000000000003
9.100000000000003
10.100000000000003
8.100000000000001
10.100000000000003
9.100000000000003
9.100000000000001
8.100000000000001
7.099999999999999
10.100000000000003
11.100000000000003
8.100000000000001
8.100000000000001
10.100000000000003
12.100000000000001
9.100000000000003
8.100000000000001
8.100000000000003
10.100000000000001
8.1
7.099999999999998
10.100000000000003
7.1000000000000005
7.099999999999999
10.100000000000001
8.1
4.100000000000001
9.100000000000001
8.100000000000001
9.100000000000001
9.100000000000003
8.100000000000003
9.100000000000003
10.1
9.100000000000003
8.100000000000001
9.100000000000003
4.099999999999999
9.100000000000003
8.100000000000003
10.100000000000001
9.1
8.100000000000001
5.099999999999998
10.100000000000003
7.100000000000003
10.100000000000001
9.100000000000001
7.099999999999997
9.100000000000003
10.1
6.099999999999999
8.100000000000001
9.100000000000003
6.1
8.100000000000003
10.100000000000001
8.100000000000001
7.099999999999997
8.1
8.100000000000003
8.100000000000001
10.100000000000003
7.1
8.100000000000001
7.100000000000001
9.100000000000001
6.099999999999997
8.100000000000001
8.100000000000003
10.100000000000001
8.100000000000001
11.100000000000003
6.099999999999998
7.099999999999998
8.100000000000001
9.100000000000001
8.100000000000001
8.100000000000001
6.099999999999998
11.100000000000003
9.100000000000003
7.100000000000003
11.100000000000003
12.100000000000003
9.100000000000001
10.100000000000003
11.100000000000003
9.100000000000003
9.100000000000003
8.100000000000001
10.100000000000003
8.100000000000003
3.099999999999999
8.100000000000003
9.100000000000003
8.100000000000001
11.100000000000003
10.100000000000003
8.100000000000003
8.100000000000003
10.100000000000003
10.100000000000001
7.1
9.100000000000003
8.100000000000003
10.100000000000001
10.100000000000001
10.100000000000003
8.100000000000003
9.100000000000003
7.099999999999999
8.100000000000001
6.1
10.100000000000003
9.100000000000003
8.100000000000001
6.099999999999997
9.100000000000001
6.100000000000003
9.100000000000003
8.100000000000001
8.100000000000001
8.100000000000003
7.099999999999999
9.100000000000001
11.100000000000003
11.100000000000003
10.100000000000003
10.100000000000003
9.100000000000003
11.100000000000003
8.1
10.100000000000003
8.1
10.100000000000003
8.100000000000003
11.100000000000001
8.100000000000001
9.100000000000001
11.100000000000001
5.099999999999999
10.100000000000003
11.100000000000001
11.100000000000001
10.1
9.100000000000003
9.100000000000003
9.100000000000001
10.100000000000001
11.100000000000003
10.100000000000003
8.100000000000001
8.100000000000001
9.100000000000003
7.099999999999999
10.100000000000003
4.1000000000000005
12.100000000000003
10.100000000000003
7.099999999999999
7.100000000000002
7.100000000000003
10.100000000000001
7.099999999999999
8.100000000000001
8.100000000000003
10.100000000000003
5.099999999999999
10.100000000000003
8.100000000000001
11.100000000000003
10.100000000000003
6.099999999999999
12.100000000000003
10.100000000000003
10.100000000000003
10.1
10.100000000000003
8.100000000000003
10.100000000000003
8.100000000000003
7.1
10.100000000000003
8.100000000000001
10.100000000000003
9.100000000000001
12.100000000000003
6.100000000000001
9.100000000000003
11.100000000000003
10.100000000000003
11.100000000000003
9.100000000000003
10.100000000000003
9.100000000000003
9.100000000000003
10.100000000000003
9.100000000000003
10.100000000000001
12.100000000000003
8.100000000000003
5.099999999999999
9.100000000000003
6.1
7.100000000000003
8.100000000000001
10.100000000000003
11.100000000000003
10.100000000000001
7.099999999999998
8.100000000000001
4.1
10.100000000000003
9.100000000000001
8.100000000000001
5.1
8.100000000000001
8.100000000000003
10.100000000000003
8.100000000000003
10.100000000000003
8.100000000000003
9.1
10.100000000000001
10.100000000000003
8.1
11.100000000000001
10.100000000000001
8.100000000000001
10.100000000000001
8.100000000000003
9.100000000000003
10.100000000000003
8.100000000000003
8.1
9.100000000000003
8.100000000000001
8.100000000000001
11.100000000000003
10.100000000000003
8.100000000000003
10.100000000000003
7.1
7.099999999999997
10.100000000000001
8.100000000000001
8.100000000000001
10.100000000000001
10.100000000000003
2.099999999999999
10.100000000000001
8.100000000000001
8.100000000000003
9.100000000000003
8.100000000000003
8.100000000000003
9.100000000000003
9.1
10.100000000000003
11.100000000000003
10.100000000000003
9.100000000000003
11.100000000000003
9.1
8.100000000000003
8.100000000000003
6.099999999999999
10.100000000000003
10.100000000000003
11.100000000000003
9.100000000000001
10.100000000000001
7.099999999999999
9.100000000000003
11.100000000000003
12.100000000000003
9.100000000000003
8.100000000000001
8.100000000000001
7.100000000000001
10.100000000000003
10.100000000000003
9.100000000000003
5.099999999999999
10.100000000000003
9.100000000000001
6.1
8.100000000000003
8.099999999999998
10.100000000000001
9.100000000000003
6.1
8.100000000000003
4.1
5.099999999999999
5.1000000000000005
10.100000000000003
7.1000000000000005
7.099999999999999
10.100000000000003
11.100000000000003
9.100000000000003
8.100000000000003
10.100000000000003
11.100000000000003
9.100000000000003
9.100000000000003
10.100000000000003
8.100000000000003
10.100000000000001
10.100000000000003
12.100000000000003
10.1
4.099999999999999
5.099999999999999
10.100000000000003
10.100000000000003
8.100000000000001
9.100000000000003
11.100000000000003
9.100000000000003
6.099999999999998
11.1
9.1
12.100000000000001
12.100000000000003
8.100000000000003
11.100000000000003
11.100000000000001
9.100000000000003
10.100000000000001
10.100000000000003
10.100000000000003
7.099999999999999
7.1000000000000005
12.100000000000003
10.100000000000003
8.1
10.100000000000003
11.100000000000003
4.099999999999999
9.100000000000001
10.100000000000003
8.1
13.100000000000003
5.1000000000000005
6.100000000000001
6.1
6.099999999999999
8.1
11.100000000000003
10.100000000000003
10.100000000000001
9.100000000000001
8.100000000000001
6.1000000000000005
11.100000000000003
10.100000000000003
8.100000000000003
11.100000000000001
11.100000000000003
11.100000000000003
9.100000000000003
10.100000000000003
10.100000000000003
9.100000000000003
9.100000000000003
10.100000000000003
8.100000000000001
11.100000000000001
9.100000000000003
7.100000000000003
11.100000000000003
6.099999999999998
11.100000000000003
10.100000000000001
10.100000000000003
7.099999999999999
8.100000000000003
9.100000000000003
10.100000000000003
7.099999999999999
10.100000000000001
8.100000000000001
12.100000000000003
12.100000000000003
9.100000000000001
11.100000000000003
9.100000000000003
10.100000000000003
10.100000000000001
12.100000000000003
10.100000000000001
7.100000000000003
6.099999999999999
8.100000000000003
10.100000000000003
5.1
11.100000000000003
7.1000000000000005
9.100000000000001
8.1
10.100000000000003
6.099999999999998
8.100000000000001
8.100000000000003
7.1
8.100000000000001
9.1
7.1
12.100000000000003
10.100000000000003
7.099999999999997
10.100000000000003
8.100000000000003
9.100000000000003
7.099999999999999
10.100000000000003
8.100000000000003
11.100000000000003
9.1
5.099999999999999
9.100000000000001
8.100000000000001
7.1
8.100000000000001
8.100000000000001
10.1
10.100000000000003
11.100000000000003
10.100000000000003
7.1
10.100000000000003
10.100000000000003
8.100000000000001
12.100000000000003
8.100000000000003
8.100000000000003
11.100000000000003
9.100000000000003
7.099999999999999
10.100000000000003
9.100000000000003
6.1
9.100000000000001
5.1
11.100000000000003
8.1
10.100000000000003
7.1000000000000005
10.100000000000003
10.100000000000003
11.100000000000003
8.100000000000003
10.100000000000001
6.1
11.100000000000003
7.099999999999998
8.100000000000003
4.099999999999999
10.100000000000003
10.100000000000001
8.100000000000003
9.100000000000003
9.100000000000003
5.1
11.1
10.100000000000003
11.100000000000003
9.100000000000001
4.099999999999999
10.100000000000001
9.100000000000001
11.100000000000003
8.100000000000001
9.100000000000003
6.099999999999999
5.099999999999999
8.100000000000003
10.100000000000001
10.100000000000003
10.100000000000003
11.100000000000003
11.100000000000003
8.100000000000003
5.099999999999998
10.100000000000001
9.100000000000001
11.100000000000003
5.1000000000000005
7.099999999999999
11.100000000000003
12.100000000000003
12.100000000000003
7.099999999999999
11.100000000000003
6.099999999999999
10.100000000000003
12.100000000000003
9.100000000000003
10.100000000000003
9.100000000000001
11.100000000000001
4.099999999999999
5.1000000000000005
6.099999999999999
11.100000000000003
10.100000000000001
10.100000000000003
10.100000000000003
10.1
8.1
8.1
7.1
11.100000000000003
10.100000000000003
12.100000000000001
11.100000000000001
11.100000000000003
10.100000000000003
8.100000000000003
11.100000000000003
11.100000000000001
11.100000000000001
9.100000000000001
11.100000000000003
8.100000000000001
8.099999999999998
12.100000000000003
10.100000000000001
9.100000000000003
6.099999999999999
12.100000000000003
9.1
8.1
9.1
9.1
7.099999999999999
10.100000000000001
10.100000000000003
9.100000000000003
9.100000000000001
10.100000000000003
9.1
11.100000000000003
8.100000000000003
10.100000000000001
10.100000000000003
7.100000000000002
12.100000000000003
10.100000000000003
7.099999999999999
8.100000000000003
9.100000000000001
8.1
12.100000000000001
11.100000000000003
10.100000000000001
12.100000000000003
9.100000000000003
10.100000000000001
10.1
8.100000000000003
11.100000000000003
8.100000000000001
10.100000000000001
10.100000000000003
11.100000000000003
10.100000000000001
11.100000000000003
5.099999999999998
10.1
9.100000000000003
8.099999999999998
9.100000000000001
10.100000000000001
9.100000000000003
9.100000000000003
10.100000000000003
10.100000000000001
8.100000000000003
10.100000000000001
9.100000000000001
10.100000000000001
10.100000000000001
8.100000000000003
5.099999999999999
11.100000000000003
7.1
10.100000000000001
11.100000000000003
11.100000000000003
8.1
11.100000000000003
8.100000000000001
10.100000000000003
12.100000000000001
10.100000000000001
7.099999999999997
8.100000000000003
11.100000000000003
10.100000000000003
11.100000000000003
8.100000000000001
6.1000000000000005
8.100000000000003
11.100000000000001
8.100000000000003
9.100000000000003
9.100000000000001
10.1
11.100000000000003
6.1
13.100000000000003
8.1
10.100000000000003
11.100000000000003
9.100000000000003
8.100000000000001
11.100000000000003
8.100000000000001
10.100000000000003
10.100000000000003
10.100000000000001
11.100000000000001
10.100000000000003
12.100000000000003
11.100000000000003
9.100000000000003
8.1
7.099999999999998
11.100000000000003
8.100000000000001
11.100000000000003
11.100000000000003
9.100000000000003
10.100000000000003
9.1
9.100000000000003
10.100000000000001
9.100000000000001
9.099999999999998
11.100000000000003
9.100000000000003
7.1
10.100000000000001
11.100000000000001
11.100000000000003
7.1
8.100000000000003
8.100000000000003
7.1
8.100000000000001
8.100000000000003
11.100000000000003
10.100000000000003
10.100000000000001
6.1
10.100000000000003
8.1
8.100000000000001
6.1000000000000005
8.100000000000001
9.099999999999998
10.100000000000003
10.100000000000003
11.100000000000003
7.1
10.100000000000001
8.1
10.100000000000003
7.100000000000001
7.099999999999999
7.1
7.099999999999997
8.100000000000003
6.099999999999999
10.100000000000001
9.099999999999998
10.100000000000003
7.1
9.100000000000003
6.099999999999999
8.1
7.099999999999999
12.100000000000003
11.100000000000003
9.100000000000003
7.099999999999998
8.100000000000003
9.100000000000001
10.100000000000003
7.099999999999999
8.100000000000001
8.100000000000003
11.100000000000001
8.100000000000003
10.100000000000003
12.100000000000003
10.100000000000001
9.1
9.100000000000003
11.100000000000003
11.100000000000003
10.1
9.100000000000003
10.100000000000003
10.100000000000003
9.1
8.099999999999998
10.100000000000003
10.100000000000001
5.1
9.100000000000003
11.100000000000003
12.100000000000003
11.100000000000003
10.100000000000001
11.100000000000003
9.100000000000003
9.100000000000003
12.100000000000003
8.100000000000003
11.100000000000003
9.100000000000003
9.100000000000003
8.100000000000001
10.100000000000003
9.100000000000003
10.100000000000003
9.100000000000003
9.100000000000003
8.100000000000003
6.1
10.100000000000003
9.100000000000003
9.100000000000003
11.100000000000003
9.100000000000003
9.100000000000001
11.100000000000001
8.100000000000003
9.100000000000003
11.100000000000001
9.100000000000003
11.100000000000001
10.100000000000003
11.100000000000001
10.100000000000003
10.100000000000003
9.1
11.100000000000003
8.100000000000003
11.100000000000003
10.1
9.100000000000003
9.100000000000003
9.100000000000003
9.100000000000003
10.100000000000003
9.100000000000001
11.100000000000003
10.1
11.100000000000001
7.099999999999999
10.100000000000003
10.100000000000003
9.100000000000003
8.100000000000001
10.100000000000003
10.100000000000003
9.100000000000003
10.100000000000003
10.100000000000001
9.100000000000001
7.099999999999998
6.099999999999999
9.100000000000001
9.100000000000001
8.100000000000001
10.100000000000003
9.100000000000003
10.100000000000003
8.100000000000003
11.100000000000001
10.100000000000001
10.100000000000003
10.100000000000003
8.100000000000001
9.100000000000003
9.100000000000001
8.100000000000003
9.1
9.1
10.100000000000001
11.100000000000003
10.100000000000003
11.100000000000001
11.100000000000003
9.100000000000001
7.099999999999999
9.100000000000003
7.099999999999999
8.100000000000001
9.100000000000003
12.100000000000003
11.100000000000003
9.100000000000003
4.099999999999999
10.100000000000001
10.100000000000003
8.100000000000001
9.100000000000003
11.100000000000003
6.1
9.100000000000003
11.100000000000003
9.100000000000003
9.100000000000001
10.100000000000001
9.100000000000001
7.099999999999998
11.100000000000003
11.100000000000003
8.100000000000003
9.100000000000003
12.100000000000003
9.100000000000001
10.100000000000003
8.100000000000003
10.100000000000003
9.1
10.100000000000001
7.099999999999998
11.100000000000003
11.100000000000003
9.100000000000003
10.100000000000001
9.100000000000001
8.100000000000003
11.100000000000003
9.100000000000003
10.100000000000003
11.100000000000003
9.100000000000003
11.100000000000003
9.100000000000003
10.100000000000003
11.100000000000001
11.100000000000003
9.100000000000003
12.100000000000003
8.100000000000001
10.100000000000001
10.100000000000003
9.100000000000003
9.1
9.100000000000003
11.100000000000003
10.100000000000001
7.099999999999999
11.100000000000003
10.100000000000001
8.100000000000003
9.100000000000001
9.100000000000001
9.100000000000003
10.100000000000001
8.100000000000001
11.100000000000003
9.100000000000003
7.099999999999998
9.100000000000001
7.099999999999999
10.100000000000001
9.1
11.100000000000003
8.100000000000001
11.100000000000001
8.1
9.100000000000001
9.100000000000001
8.1
8.100000000000001
4.1
8.100000000000003
8.100000000000003
9.100000000000001
9.100000000000001
10.100000000000003
7.099999999999998
11.100000000000001
9.100000000000003
11.100000000000001
11.100000000000003
8.099999999999998
10.100000000000003
9.100000000000003
8.100000000000001
11.100000000000001
9.100000000000003
9.1
11.100000000000003
10.100000000000003
10.100000000000001
9.100000000000003
9.100000000000003
9.100000000000001
9.100000000000003
12.100000000000003
7.100000000000002
11.1
11.100000000000003
9.100000000000003
10.100000000000003
10.100000000000003
8.1
8.100000000000003
11.100000000000001
10.100000000000003
11.100000000000003
8.100000000000003
11.1
11.100000000000003
11.100000000000003
9.100000000000001
9.100000000000003
9.100000000000003
12.100000000000001
9.100000000000003
10.100000000000001
8.1
11.100000000000003
10.100000000000003
8.100000000000003
9.100000000000003
6.1
10.100000000000003
9.1
11.100000000000003
9.100000000000001
9.100000000000003
11.100000000000001
11.100000000000003
9.100000000000001
11.100000000000001
10.100000000000003
10.100000000000001
10.1
9.100000000000003
11.100000000000003
6.1
11.100000000000003
10.100000000000001
10.100000000000001
10.100000000000001
9.100000000000003
11.100000000000001
7.099999999999999
9.100000000000003
12.100000000000003
11.100000000000003
6.099999999999996
6.1
11.100000000000003
11.100000000000003
11.100000000000001
11.100000000000003
9.100000000000003
11.100000000000003
5.099999999999997
7.099999999999999
8.100000000000003
7.1
8.100000000000001
10.100000000000003
12.100000000000003
8.100000000000001
8.100000000000003
10.100000000000003
11.100000000000003
12.100000000000003
10.100000000000003
9.1
9.100000000000003
9.100000000000003
8.100000000000003
10.100000000000001
8.100000000000001
9.100000000000001
9.100000000000003
9.100000000000003
10.100000000000001
5.1
8.1
12.100000000000003
10.100000000000003
9.100000000000003
11.100000000000001
11.100000000000003
11.100000000000003
10.100000000000001
10.100000000000003
12.100000000000003
12.100000000000003
10.100000000000001
11.100000000000003
9.100000000000001
8.100000000000003
7.099999999999997
11.100000000000003
11.100000000000003
13.100000000000003
11.100000000000003
11.100000000000003
9.100000000000001
10.100000000000003
9.100000000000003
10.100000000000001
7.099999999999998
11.100000000000003
10.100000000000003
11.100000000000003
11.100000000000003
11.100000000000003
9.100000000000003
6.099999999999999
11.100000000000003
13.100000000000003
10.100000000000003
10.100000000000003
6.1
11.100000000000003
8.100000000000001
11.100000000000001
11.100000000000001
9.100000000000003
8.100000000000003
6.099999999999999
10.100000000000001
11.100000000000003
9.100000000000001
9.100000000000003
10.100000000000003
9.100000000000003
10.100000000000003
11.100000000000003
9.100000000000003
9.100000000000003
10.100000000000003
9.100000000000003
11.100000000000003
9.100000000000003
8.100000000000003
12.100000000000003
9.100000000000003
10.100000000000003
6.099999999999999
10.100000000000003
11.100000000000003
12.100000000000003
11.100000000000003
13.100000000000003
7.1
7.1
5.099999999999998
10.100000000000001
9.100000000000003
10.100000000000003
8.100000000000003
10.100000000000003
10.100000000000003
11.100000000000003
10.100000000000003
8.100000000000003
11.100000000000003
12.100000000000003
12.100000000000001
10.100000000000003
11.100000000000003
6.099999999999999
12.100000000000003
3.099999999999999
11.100000000000003
9.100000000000001
11.100000000000003
8.1
5.1
9.1
11.100000000000003
8.100000000000003
9.100000000000001
11.100000000000003
10.100000000000003
5.099999999999998
10.100000000000001
9.100000000000003
11.100000000000003
11.100000000000003
9.1
9.100000000000003
10.1
9.100000000000003
3.0999999999999996
12.100000000000003
11.100000000000003
10.100000000000003
9.100000000000001
11.1
12.100000000000003
10.100000000000001
7.099999999999999
10.100000000000003
11.100000000000003
10.100000000000003
7.099999999999999
8.100000000000003
11.100000000000001
12.100000000000003
8.100000000000003
8.100000000000001
11.100000000000001
6.099999999999998
10.100000000000003
9.100000000000003
9.100000000000003
5.100000000000002
10.100000000000003
10.100000000000001
10.100000000000003
10.100000000000003
9.100000000000003
10.100000000000003
12.100000000000003
9.1
8.100000000000001
10.100000000000003
8.100000000000003
11.100000000000001
11.100000000000003
9.100000000000003
10.100000000000001
10.100000000000001
11.100000000000003
11.100000000000003
11.100000000000001
11.100000000000001
11.100000000000003
10.100000000000003
10.100000000000003
10.100000000000003
10.100000000000003
8.100000000000003
9.100000000000003
10.100000000000003
11.1
12.100000000000003
12.100000000000003
12.100000000000003
9.100000000000003
12.100000000000003
9.100000000000003
9.100000000000003
9.1
10.100000000000001
10.100000000000003
11.100000000000003
11.100000000000001
8.100000000000003
11.100000000000001
8.1
9.100000000000001
7.1
6.099999999999999
10.100000000000001
11.100000000000001
11.100000000000001
10.100000000000003
9.100000000000003
9.100000000000001
8.100000000000001
11.100000000000003
9.1
10.1
10.100000000000003
8.100000000000003
7.099999999999999
8.1
8.100000000000003
9.1
8.100000000000001
11.100000000000003
10.100000000000003
10.100000000000003
10.1
12.100000000000003
11.100000000000001
8.099999999999998
11.100000000000003
7.099999999999999
10.1
10.100000000000003
7.1
10.100000000000003
7.099999999999999
12.100000000000003
12.100000000000001
11.1
11.100000000000001
11.100000000000003
11.100000000000001
12.100000000000003
11.100000000000001
9.100000000000003
9.099999999999996
11.100000000000003
8.100000000000003
7.099999999999999
10.100000000000003
8.100000000000003
11.100000000000003
12.100000000000003
10.100000000000001
10.100000000000003
9.1
9.100000000000003
9.100000000000001
11.100000000000003
11.100000000000003
10.100000000000003
9.100000000000003
11.100000000000003
11.100000000000003
9.100000000000001
12.100000000000003
10.100000000000003
9.100000000000003
9.100000000000003
10.100000000000001
9.100000000000001
11.100000000000001
10.100000000000003
12.100000000000003
10.100000000000003
11.100000000000003
9.1
6.099999999999999
8.100000000000003
8.100000000000003
11.100000000000003
11.100000000000003
11.100000000000003
11.100000000000003
6.1
11.100000000000003
7.099999999999998
7.099999999999999
5.1
11.100000000000003
8.1
11.100000000000003
9.100000000000001
10.100000000000003
10.100000000000003
8.100000000000001
11.100000000000003
10.100000000000003
9.100000000000001
8.100000000000001
11.1
10.100000000000003
8.1
10.100000000000003
10.100000000000001
5.099999999999999
11.100000000000003
10.100000000000003
12.100000000000003
10.100000000000003
11.100000000000003
10.100000000000003
10.100000000000003
11.100000000000003
11.100000000000003
9.1
9.100000000000001
11.100000000000003
9.100000000000001
13.100000000000003
11.100000000000003
10.100000000000003
10.100000000000003
11.100000000000003
8.100000000000001
8.100000000000003
7.099999999999997
10.1
11.100000000000003
10.100000000000003
9.100000000000003
10.100000000000003
11.100000000000003
9.100000000000001
9.100000000000003
8.100000000000003
10.100000000000003
11.100000000000003
11.100000000000003
10.100000000000003
10.100000000000003
4.099999999999997
11.100000000000003
10.100000000000003
10.100000000000003
8.100000000000003
6.099999999999999
10.100000000000003
10.100000000000003
6.1
11.100000000000003
11.100000000000003
10.100000000000001
10.100000000000001
9.100000000000003
9.100000000000003
9.100000000000003
9.1
10.100000000000001
9.1
10.100000000000003
9.100000000000003
7.099999999999999
10.100000000000003
9.100000000000003
11.100000000000003
9.100000000000003
9.100000000000003
9.100000000000001
6.099999999999998
11.100000000000001
11.100000000000003
8.100000000000003
13.100000000000003
10.100000000000003
12.100000000000003
6.1
12.100000000000003
10.100000000000003
10.100000000000003
9.100000000000003
12.100000000000003
11.100000000000003
8.100000000000001
10.100000000000003
8.1
12.100000000000001
6.099999999999998
7.099999999999998
11.100000000000003
8.100000000000001
8.1
10.1
8.100000000000003
10.100000000000001
6.099999999999999
12.100000000000003
8.100000000000003
11.100000000000003
12.1
9.100000000000001
8.100000000000003
9.100000000000003
10.100000000000001
11.100000000000003
11.100000000000003
10.100000000000003
11.100000000000003
10.100000000000003
11.100000000000003
8.100000000000003
11.100000000000001
10.100000000000003
11.099999999999998
10.100000000000003
9.1
11.1
10.100000000000003
9.1
10.100000000000003
8.100000000000003
10.100000000000001
10.100000000000003
11.100000000000003
10.100000000000003
11.100000000000003
10.100000000000003
9.1
7.099999999999999
9.1
12.100000000000003
9.100000000000003
7.099999999999999
9.100000000000003
11.100000000000003
7.099999999999999
9.100000000000001
10.100000000000001
12.100000000000003
10.100000000000003
9.100000000000003
10.100000000000003
11.100000000000001
9.100000000000001
10.100000000000001
8.100000000000003
11.100000000000003
10.100000000000003
11.100000000000003
11.100000000000001
9.100000000000001
12.100000000000001
8.100000000000001
8.099999999999998
12.100000000000003
6.099999999999999
13.1
9.100000000000003
10.100000000000003
9.100000000000003
9.100000000000001
8.100000000000001
8.100000000000001
13.100000000000003
10.100000000000003
11.100000000000003
5.099999999999999
11.100000000000003
11.100000000000001
10.100000000000003
10.100000000000003
9.100000000000003
11.100000000000003
10.1
10.100000000000003
11.100000000000001
11.100000000000001
10.100000000000003
11.100000000000003
10.100000000000003
8.100000000000003
9.100000000000001
11.100000000000003
7.099999999999998
11.100000000000003
6.099999999999998
13.100000000000003
12.100000000000003
12.100000000000001
8.100000000000003
10.100000000000003
7.099999999999998
10.100000000000003
7.099999999999999
7.099999999999999
10.100000000000001
11.100000000000003
8.100000000000003
10.100000000000003
10.100000000000003
10.100000000000003
7.099999999999999
11.100000000000003
10.100000000000003
10.100000000000003
6.1
8.100000000000001
12.100000000000003
12.100000000000003
8.1
10.100000000000003
11.100000000000003
9.100000000000003
11.100000000000003
9.100000000000001
10.1
11.100000000000003
8.100000000000001
11.100000000000003
9.100000000000003
11.100000000000003
11.100000000000003
11.100000000000003
11.100000000000003
11.100000000000001
12.100000000000003
11.100000000000003
10.100000000000001
8.100000000000001
9.100000000000003
11.100000000000003
11.100000000000001
10.100000000000003
10.100000000000001
11.100000000000003
6.099999999999999
10.100000000000001
11.100000000000001
12.100000000000003
8.100000000000003
9.100000000000003
11.100000000000003
11.100000000000003
9.1
9.100000000000003
8.1
9.100000000000003
11.100000000000003
10.100000000000001
8.100000000000001
10.100000000000003
12.100000000000003
10.100000000000003
11.100000000000003
12.100000000000003
11.100000000000003
11.100000000000003
9.100000000000001
12.100000000000003
9.100000000000003
10.100000000000001
11.100000000000003
10.100000000000003
11.100000000000003
9.100000000000003
8.100000000000001
9.100000000000003
8.100000000000001
8.100000000000001
9.100000000000001
8.100000000000003
6.1
8.100000000000001
11.100000000000003
3.099999999999999
9.100000000000003
10.100000000000003
10.100000000000001
9.100000000000003
9.100000000000001
11.100000000000003
9.100000000000003
10.100000000000003
11.100000000000001
11.100000000000003
11.100000000000003
11.100000000000003
9.100000000000003
10.1
11.100000000000003
7.1
9.100000000000003
8.100000000000003
11.100000000000001
4.099999999999999
10.100000000000003
9.100000000000001
6.099999999999996
10.100000000000003
5.1
12.100000000000001
10.100000000000001
9.100000000000003
10.100000000000003
12.100000000000003
13.100000000000001
11.100000000000003
9.100000000000003
11.1
8.100000000000001
10.100000000000003
10.100000000000003
11.100000000000003
9.100000000000003
11.100000000000003
13.100000000000003
12.100000000000003
9.100000000000003
10.100000000000003
11.100000000000003
10.100000000000001
10.100000000000003
12.100000000000003
10.100000000000003
12.100000000000003
9.100000000000003
11.100000000000003
10.100000000000001
11.100000000000003
8.1
12.100000000000003
12.100000000000003
10.100000000000003
210,-0.9
452,-0.9
620,-0.8999999999999999
728,-0.8999999999999999
900,-0.8999999999999999
1206,-0.8999999999999999
1379,-0.9
1531,-0.9000000000000001
1683,-0.9
1816,-0.9000000000000001
2037,-0.8999999999999999
2223,-0.9000000000000001
2255,-0.9000000000000001
2486,-0.8999999999999999
2654,-0.9000000000000001
2859,-0.8999999999999999
3084,-0.9000000000000001
3270,-0.9000000000000001
3473,-0.8999999999999999
3683,-0.9
3850,-0.9
4004,-0.8999999999999999
4171,-0.9000000000000001
4351,-0.8999999999999999
4497,-0.9
4642,-0.8999999999999999
4735,-0.8999999999999999
4982,-0.9000000000000001
5214,-0.9000000000000001
5277,-0.9
5474,-0.8999999999999999
5674,-0.9
5883,-0.9
6053,-0.8999999999999999
6128,-0.9
6301,-0.8999999999999999
6507,-0.9
6717,-0.9
6924,-0.9
7099,-0.8999999999999999
7240,-0.8999999999999999
7433,-0.9000000000000001
7584,-0.8999999999999999
7760,-0.9
7923,-0.8999999999999999
8091,-0.8999999999999999
8243,-0.8999999999999999
8516,-0.9
8628,-0.9
8774,-0.8999999999999999
8984,-0.9
9137,-0.8999999999999999
9291,-0.8999999999999999
9336,-0.8999999999999999
9544,-0.9
9749,-0.8999999999999999
9968,-0.8999999999999999
10157,-0.9000000000000001
10303,-0.8999999999999999
10505,-0.8999999999999999
10843,-0.8999999999999999
11008,-0.9000000000000001
11179,-0.9
11225,-0.9
11377,-0.8999999999999999
11499,-0.8999999999999999
11652,-0.8999999999999999
11865,-0.9000000000000001
12006,-0.8999999999999999
12186,-0.9
12367,-0.8999999999999999
12557,-0.9000000000000001
12692,-0.8999999999999999
12936,-0.9000000000000001
13175,-0.9
13331,-0.9
13547,-0.8999999999999999
13577,-0.9000000000000001
13743,-0.8999999999999999
13921,-0.9
14010,-0.8999999999999999
14113,-0.9
14301,-0.9000000000000001
14359,-0.9000000000000001
14510,-0.8999999999999999
14848,-0.8999999999999999
15150,-0.9
15422,-0.9
15572,-0.8999999999999999
15749,-0.9
15975,-0.8999999999999999
16137,-0.9000000000000001
16300,-0.8999999999999999
16440,-0.8999999999999999
16608,-0.9000000000000001
16771,-0.9
16933,-0.8999999999999999
17134,-0.8999999999999999
17338,-0.9
17517,-0.9
17697,-0.8999999999999999
17852,-0.8999999999999999
17916,-0.9000000000000001
17979,-0.8999999999999999
18123,-0.8999999999999999
18286,-0.9
18468,-0.9
18584,-0.9000000000000001
18768,-0.9000000000000001
18914,-0.9000000000000001
19107,-0.9000000000000001
19275,-0.8999999999999999
19447,-0.8999999999999999
19665,-0.8999999999999999
19826,-0.9000000000000001
19939,-0.8999999999999999
20108,-0.9000000000000001
20285,-0.8999999999999999
20440,-0.9
20476,-0.8999999999999999
20627,-0.8999999999999999
20812,-0.9000000000000001
21020,-0.9
21230,-0.9
21381,-0.8999999999999999
21582,-0.8999999999999999
21711,-0.9
21870,-0.9000000000000001
22044,-0.9
22209,-0.9000000000000001
22308,-0.9
22490,-0.9
22653,-0.9000000000000001
22855,-0.8999999999999999
23089,0.10000000000000003
23265,-0.9
23338,-0.8999999999999999
23676,-0.8999999999999999
23849,-0.9
24031,-0.9
24190,-0.9000000000000001
24413,-0.9
24618,-0.8999999999999999
24785,-0.8999999999999999
24957,-0.8999999999999999
25133,-0.9
25330,-0.9
25373,-0.8999999999999999
25582,-0.9
25737,-0.9
25975,-0.9
26134,-0.9
26472,-0.8999999999999999
26634,-0.9000000000000001
26783,-0.8999999999999999
27001,-0.9
27158,-0.9000000000000001
27217,-0.9000000000000001
27403,-0.9000000000000001
27513,-0.9000000000000002
27851,-0.8999999999999999
28039,-0.9000000000000001
28241,-0.8999999999999999
28475,0.09999999999999995
28672,-0.8999999999999999
28873,-0.8999999999999999
29060,-0.9000000000000001
29254,-0.8999999999999999
29408,-0.9
29561,-0.8999999999999999
29757,-0.9
29898,-0.8999999999999999
30074,-0.9000000000000001
30176,-0.9
30340,0.09999999999999998
30481,-0.8999999999999999
30644,-0.9000000000000001
30839,-0.8999999999999999
31058,-0.8999999999999999
31223,-0.8999999999999999
31440,-0.8999999999999999
31593,-0.8999999999999999
31750,-0.9000000000000001
31977,0.09999999999999992
32039,-0.8999999999999999
32190,-0.8999999999999999
32353,-0.9000000000000001
32519,-0.9000000000000001
32673,-0.9
32857,-0.9000000000000001
33048,-0.9000000000000001
33200,-0.8999999999999999
33300,-0.9
33427,-0.9
33593,-0.9000000000000001
33726,-0.9000000000000001
33790,-0.8999999999999999
33957,-0.9000000000000001
34167,-0.9
34334,-0.9000000000000001
34542,-0.9
34723,-0.9
34890,1.1000000000000003
35090,-0.8999999999999999
35283,-0.9000000000000001
35476,-0.8999999999999999
35750,-0.9
35953,-0.9000000000000001
36146,-0.9000000000000001
36402,-0.8999999999999999
36594,-0.9000000000000001
36748,-0.9
36948,-0.8999999999999999
37108,-0.9000000000000001
37292,-0.9000000000000001
37460,-0.9000000000000001
37628,-0.9
37832,-0.8999999999999999
38021,-0.9
38132,-0.9000000000000001
38322,-0.9000000000000001
38516,-0.9000000000000001
38678,-0.9000000000000001
38888,-0.9
39103,-0.9000000000000001
39268,-0.9000000000000001
39438,-0.8999999999999999
39602,-0.9000000000000001
39659,-0.9000000000000001
39820,-0.9000000000000001
39995,-0.9
40191,-0.9
40360,-0.8999999999999999
40575,-0.9000000000000001
40663,-0.8999999999999999
40738,-0.9
40943,-0.8999999999999999
41149,-0.8999999999999999
41300,-0.8999999999999999
41468,-0.9000000000000001
41499,-0.9000000000000001
41653,-0.9
41807,-0.9000000000000001
42004,-0.9000000000000001
42196,-0.9000000000000001
42360,-0.9000000000000001
42503,-0.8999999999999999
42684,-0.9
42903,-0.8999999999999999
42992,-0.9000000000000001
43247,-0.9
43353,-0.9000000000000001
43510,-0.9000000000000001
43720,-0.9
43945,-0.8999999999999999
44283,-0.8999999999999999
44454,-0.9
44638,-0.9000000000000001
44840,-0.9
45043,-0.8999999999999999
45195,-0.8999999999999999
45431,-0.9
45602,-0.9
45804,-0.9
46046,-0.9
46131,-0.9000000000000001
46245,-0.9000000000000001
46377,-0.9000000000000001
46542,-0.9000000000000001
46781,-0.9
46983,-0.8999999999999999
47130,-0.8999999999999999
47372,-0.9
47616,-0.9000000000000001
47771,-0.8999999999999999
47970,-0.8999999999999999
48159,-0.9000000000000001
48313,-0.9
48504,-0.9000000000000001
48684,-0.8999999999999999
48895,-0.9000000000000001
49096,-0.8999999999999999
49247,0.09999999999999992
49283,-0.9000000000000001
49441,-0.9000000000000001
49629,-0.9000000000000001
49808,-0.8999999999999999
49980,-0.9000000000000001
50176,-0.8999999999999999
50358,-0.9
50576,-0.9000000000000001
50751,-0.9
50902,-0.8999999999999999
51075,-0.8999999999999999
51241,-0.9000000000000001
51420,-0.8999999999999999
51576,-0.9000000000000002
51793,-0.8999999999999999
52026,-0.9
52203,-0.9
52393,-0.9
52578,-0.9000000000000001
52738,-0.9000000000000001
53044,-0.9
53195,-0.9
53379,-0.8999999999999999
53557,-0.9
53687,-0.9
54025,-0.8999999999999999
54199,-0.9
54352,-0.8999999999999999
54520,-0.9000000000000001
54683,-0.8999999999999999
54853,-0.9
55027,1.1000000000000003
55194,0.09999999999999992
55390,-0.8999999999999999
55573,-0.9000000000000001
55739,-0.9000000000000001
55962,-0.9
56132,-0.8999999999999999
56309,-0.8999999999999999
56596,-0.8999999999999999
56805,-0.9000000000000001
56975,-0.8999999999999999
57155,-0.8999999999999999
57340,-0.9000000000000001
57493,-0.8999999999999999
57646,-0.8999999999999999
57816,-0.8999999999999999
58090,-0.9000000000000001
58396,-0.8999999999999999
58631,-0.9
58723,-0.8999999999999999
58960,-0.9
59101,-0.8999999999999999
59439,-0.8999999999999999
59571,-0.9000000000000004
59845,1.0999999999999996
59995,0.09999999999999998
60164,-0.8999999999999999
60353,-0.8999999999999999
60525,-0.8999999999999999
60792,-0.8999999999999999
60958,0.10000000000000003
61117,0.10000000000000003
61282,-0.9
61460,-0.9
61666,0.10000000000000006
61840,-0.8999999999999999
62022,-0.9
62162,-0.9
62329,-0.9000000000000001
62495,1.1000000000000003
62690,-0.8999999999999999
62863,-0.9
62966,-0.9000000000000001
63108,-0.8999999999999999
63314,1.1
63468,0.09999999999999992
63631,0.10000000000000009
63867,-0.9
64022,1.1
64141,-0.8999999999999999
64289,0.10000000000000006
64487,0.09999999999999998
64651,0.09999999999999998
64845,0.09999999999999992
65015,0.09999999999999998
65212,1.1000000000000003
65390,1.1
65582,1.1000000000000003
65754,1.1000000000000003
65918,1.1000000000000003
66072,0.09999999999999992
66276,1.1
66534,0.10000000000000014
66673,1.1
66845,0.10000000000000003
67087,0.09999999999999992
67221,1.1000000000000005
67382,1.1000000000000003
67618,1.0999999999999999
67800,1.1
67978,0.10000000000000006
68154,0.09999999999999992
68327,-0.8999999999999999
68495,0.10000000000000009
68776,1.0999999999999996
68928,1.1000000000000003
69091,1.1000000000000003
69295,1.1000000000000003
69491,0.09999999999999992
69652,0.10000000000000003
69842,1.1000000000000003
70013,1.1
70157,1.1000000000000003
70339,1.1
70465,1.1000000000000003
70698,1.0999999999999999
70874,1.1000000000000003
71064,0.10000000000000009
71219,0.09999999999999992
71404,2.099999999999999
71583,0.09999999999999992
71762,2.0999999999999996
71966,0.1
72148,0.10000000000000006
72333,0.10000000000000003
72395,0.10000000000000003
72548,0.09999999999999992
72752,2.099999999999999
72987,1.0999999999999999
73134,0.10000000000000009
73344,0.10000000000000009
73586,2.0999999999999996
73762,0.09999999999999992
73972,1.1
74197,0.10000000000000009
74361,0.10000000000000009
74529,1.1000000000000003
74777,0.10000000000000009
74941,0.0999999999999999
75103,1.1000000000000003
75278,0.09999999999999992
75494,0.10000000000000009
75767,2.099999999999999
75969,0.09999999999999998
76140,1.1
76311,0.10000000000000009
76461,1.1000000000000003
76637,0.09999999999999992
76793,0.09999999999999995
76981,0.10000000000000009
77124,0.10000000000000006
77305,1.1
77482,1.1
77697,0.10000000000000003
77868,1.0999999999999999
78034,0.10000000000000003
78198,0.0999999999999999
78364,1.1
78515,0.09999999999999992
78696,1.1000000000000003
78934,1.0999999999999999
79129,2.1
79296,2.1000000000000005
79493,1.1
79659,1.1000000000000003
79787,1.1
79900,1.1000000000000003
80088,0.09999999999999992
80266,1.1
80435,0.10000000000000009
80625,2.1
80820,2.0999999999999996
81043,1.1
81298,2.099999999999999
81464,2.0999999999999996
81657,0.10000000000000009
81866,2.0999999999999996
82061,2.099999999999999
82233,0.09999999999999998
82400,0.0999999999999999
82599,1.1000000000000003
82752,1.1000000000000003
82937,2.099999999999999
83194,1.0999999999999999
83321,1.1000000000000003
83382,0.10000000000000009
83559,0.10000000000000009
83649,0.10000000000000009
83897,0.10000000000000003
84061,0.10000000000000009
84281,0.10000000000000009
84435,0.09999999999999992
84605,0.09999999999999995
84758,0.10000000000000006
84912,0.09999999999999992
85107,0.10000000000000009
85272,1.1000000000000003
85482,1.1
85670,0.09999999999999992
85839,1.1000000000000003
85981,1.0999999999999999
86173,0.1
86364,0.10000000000000009
86574,1.1
86772,0.09999999999999998
86982,2.0999999999999996
87127,1.1000000000000005
87337,0.10000000000000006
87456,1.1000000000000003
87605,1.1000000000000003
87794,0.0999999999999999
88099,0.10000000000000012
88309,1.1
88502,0.09999999999999998
88668,0.0999999999999999
88856,0.10000000000000009
89007,0.09999999999999992
89160,0.09999999999999992
89351,1.1000000000000003
89625,1.0999999999999999
89778,0.09999999999999992
89993,1.1
90203,0.0999999999999999
90386,1.1000000000000003
90561,1.0999999999999999
90744,0.10000000000000003
90922,0.10000000000000006
91100,0.09999999999999992
91394,1.0999999999999999
91565,0.10000000000000009
91757,0.09999999999999998
91945,0.10000000000000003
92118,1.1000000000000003
92325,1.1000000000000003
92465,0.1
92622,0.09999999999999992
92822,0.10000000000000009
92974,1.1000000000000003
93248,1.0999999999999996
93440,1.1
93650,0.10000000000000006
93814,1.1000000000000003
93993,1.1
94166,1.1000000000000003
94374,1.1000000000000003
94566,1.1000000000000003
94799,1.0999999999999999
94967,2.099999999999999
95130,0.10000000000000003
95310,0.09999999999999998
95573,0.09999999999999998
95798,1.1
95993,0.10000000000000009
96147,0.10000000000000006
96335,3.0999999999999996
96578,1.1
96761,0.10000000000000003
96916,0.10000000000000006
97222,2.099999999999999
97403,0.09999999999999998
97486,0.09999999999999998
97655,1.1
97816,0.10000000000000003
98075,4.1000000000000005
98248,1.1000000000000003
98410,1.1
98620,0.10000000000000006
98878,1.0999999999999999
99024,0.09999999999999981
99272,1.0999999999999999
99433,0.10000000000000003
99613,0.09999999999999998
99787,0.10000000000000006
100008,1.1
100132,1.1
100319,1.1
100484,1.1000000000000003
100647,1.1000000000000003
100820,1.1000000000000003
101018,1.1
101187,1.1
101397,3.099999999999999
101551,0.10000000000000006
101769,1.1000000000000005
101898,1.1000000000000003
102084,1.1000000000000003
102345,1.0999999999999996
102555,0.10000000000000006
102818,0.10000000000000003
103027,1.1
103254,0.10000000000000009
103478,1.1000000000000003
103693,1.1
103820,1.1000000000000005
104000,0.10000000000000006
104199,2.0999999999999996
104361,1.1
104538,1.1
104742,1.1
104934,1.1000000000000003
105137,1.1
105309,1.1
105484,0.09999999999999998
105694,2.099999999999999
105908,1.1
106049,1.1000000000000003
106248,1.1000000000000003
106323,0.09999999999999992
106579,2.0999999999999996
106739,0.10000000000000003
106949,1.1
107138,2.099999999999999
107309,1.1000000000000003
107551,0.09999999999999981
107722,1.1000000000000003
107915,1.1000000000000003
108101,0.10000000000000009
108277,2.1
108583,1.0999999999999996
108778,1.1000000000000003
108936,0.10000000000000003
109114,0.09999999999999992
109335,1.1
109578,1.1
109876,0.10000000000000012
110064,0.10000000000000003
110239,1.1
110437,0.09999999999999998
110610,1.1
110815,1.1
111020,1.1000000000000003
111190,0.09999999999999998
111229,0.10000000000000009
111387,0.0999999999999999
111573,1.1
111781,0.10000000000000006
111934,0.09999999999999992
112132,0.09999999999999995
112324,0.10000000000000009
112529,0.09999999999999992
112692,1.1
112886,1.0999999999999999
113120,1.1
113297,0.10000000000000006
113525,0.09999999999999998
113714,2.099999999999999
113911,0.10000000000000003
114074,0.0999999999999999
114237,1.1000000000000003
114419,0.10000000000000006
114621,2.1
114794,1.1000000000000003
114960,2.099999999999999
115161,1.1000000000000005
115353,1.1
115531,1.1
115702,1.1
115875,1.1
116052,1.1000000000000003
116219,0.10000000000000009
116387,0.09999999999999998
116556,1.1000000000000003
116894,2.099999999999999
117068,0.09999999999999998
117310,1.1
117501,2.099999999999999
117676,1.1000000000000003
117894,1.1000000000000003
118232,1.0999999999999996
118400,1.1
118557,1.1000000000000003
118700,1.1000000000000003
118891,2.099999999999999
119074,2.099999999999999
119247,1.1000000000000003
119417,1.1000000000000003
119590,2.1
119928,1.0999999999999992
120106,1.1
120444,1.0999999999999992
120637,1.1000000000000003
120918,1.0999999999999996
121150,0.09999999999999992
121259,0.10000000000000003
121457,1.1000000000000003
121579,0.10000000000000009
121735,1.1
121900,2.0999999999999996
122096,1.1000000000000003
122258,2.099999999999999
122466,1.1000000000000003
122630,1.1000000000000003
123000,2.099999999999999
123170,0.09999999999999998
123238,0.09999999999999992
123404,2.099999999999999
123596,0.10000000000000009
123769,0.09999999999999981
123954,2.0999999999999996
124147,2.0999999999999996
124318,1.1000000000000003
124488,1.1000000000000003
124698,1.1
124851,0.09999999999999992
125016,1.1000000000000003
125197,1.1
125361,1.1000000000000003
125597,1.1
125793,2.099999999999999
125942,0.1
126132,1.1000000000000003
126343,1.1
126441,0.10000000000000003
126630,1.1
126936,0.10000000000000012
127097,1.1000000000000003
127269,1.1000000000000003
127475,2.099999999999999
127654,2.099999999999999
127818,2.099999999999999
128016,1.1000000000000003
128354,0.10000000000000003
128566,2.0999999999999996
128729,1.1
128919,2.0999999999999996
129109,1.1000000000000003
129313,1.1000000000000003
129597,2.099999999999999
129811,1.1
129982,1.1000000000000003
130172,1.1000000000000003
130340,2.0999999999999996
130561,2.099999999999999
130756,1.1000000000000003
130943,1.1000000000000003
131199,1.1
131435,1.1
131677,0.09999999999999995
131936,2.099999999999999
132185,2.099999999999999
132360,1.0999999999999999
132538,1.1
132748,2.099999999999999
132934,1.1000000000000005
133075,1.1000000000000003
133300,0.09999999999999998
133467,2.1
133695,1.1000000000000003
133858,0.10000000000000009
134039,0.09999999999999992
134251,1.1000000000000003
134429,1.1000000000000003
134626,1.1000000000000003
134796,2.0999999999999996
134967,2.099999999999999
135152,1.1000000000000003
135340,1.1
135524,0.10000000000000003
135677,1.1
135929,1.1
136137,1.1000000000000005
136365,0.09999999999999998
136529,1.1000000000000003
136711,1.0999999999999999
136877,1.1
137040,1.1000000000000003
137201,1.1000000000000003
137396,1.1000000000000003
137512,0.09999999999999998
137733,1.1
137825,0.09999999999999998
138089,0.1
138248,1.1000000000000003
138422,1.1000000000000003
138643,2.1
138814,0.09999999999999998
138987,1.1000000000000003
139220,2.0999999999999996
139399,1.1
139602,1.1000000000000003
139795,1.1000000000000003
139993,2.0999999999999996
140193,0.09999999999999998
140405,0.10000000000000003
140601,0.10000000000000009
140750,1.1000000000000003
140954,2.099999999999999
141016,1.1000000000000003
141186,2.0999999999999996
141361,2.099999999999999
141514,1.1000000000000003
141690,1.1000000000000003
141853,2.099999999999999
142076,1.1000000000000003
142350,1.1
142501,0.09999999999999992
142663,2.1
142887,2.099999999999999
143024,0.09999999999999981
143202,2.099999999999999
143388,2.1
143541,1.1000000000000003
143717,2.099999999999999
143776,0.10000000000000009
143939,1.1000000000000003
144139,1.1
144396,2.099999999999999
144635,2.099999999999999
144793,1.1000000000000003
144987,2.099999999999999
145194,2.1
145475,1.0999999999999996
145632,0.10000000000000003
145845,1.1
146072,2.099999999999999
146410,1.0999999999999992
146643,2.099999999999999
146822,1.1000000000000003
147160,0.10000000000000014
147443,1.1
147696,1.0999999999999999
147960,0.0999999999999999
148002,0.09999999999999998
148155,1.1000000000000003
148354,3.099999999999999
148561,0.10000000000000006
148735,1.1000000000000003
148913,0.09999999999999992
149091,0.09999999999999992
149284,3.099999999999999
149454,1.1
149544,0.09999999999999981
149946,0.10000000000000014
150138,1.1000000000000003
150324,1.1000000000000003
150480,1.1000000000000003
150639,1.1
150860,1.1
150986,2.0999999999999996
151137,1.1
151391,2.099999999999999
151485,0.09999999999999992
151684,1.1000000000000003
151841,1.1000000000000005
152133,2.099999999999999
152362,2.099999999999999
152523,1.1000000000000003
152692,1.1000000000000003
152864,1.1
153202,1.0999999999999992
153289,1.1000000000000003
153487,2.1
153667,0.09999999999999998
153845,1.1000000000000003
154080,1.1
154249,1.1000000000000003
154464,0.10000000000000003
154614,0.09999999999999992
154952,0.10000000000000014
155169,1.1000000000000003
155336,0.10000000000000009
155536,1.1000000000000003
155708,0.09999999999999998
155891,2.0999999999999996
156099,1.1000000000000005
156259,2.0999999999999996
156501,0.09999999999999995
156719,2.0999999999999996
156904,1.1000000000000003
157067,1.1000000000000003
157217,0.10000000000000009
157398,2.0999999999999996
157553,1.1
157712,1.1000000000000003
157877,1.1000000000000003
157935,1.1
158137,1.1000000000000003
158340,1.1000000000000003
158535,2.099999999999999
158729,1.1
158890,1.1000000000000003
159093,1.1
159186,1.1
159441,1.1
159605,2.099999999999999
159756,2.0999999999999996
159918,0.10000000000000003
160092,1.1000000000000003
160371,1.0999999999999996
160619,1.1
160796,1.1000000000000003
160946,0.09999999999999992
161156,2.099999999999999
161396,0.09999999999999995
161577,2.099999999999999
161819,2.1
161990,1.1
162148,1.1
162422,0.10000000000000012
162572,1.1000000000000003
162910,1.0999999999999992
163136,1.1000000000000003
163328,2.099999999999999
163425,1.1
163593,2.0999999999999996
163798,0.10000000000000006
163906,1.1000000000000003
164184,2.0999999999999996
164348,1.1000000000000008
164523,1.1000000000000003
164677,0.10000000000000006
165015,2.099999999999999
165134,0.0999999999999999
165410,1.1
165601,2.099999999999999
165776,1.1000000000000003
165965,1.1000000000000003
166156,2.099999999999999
166316,0.10000000000000009
166516,0.09999999999999998
166579,0.10000000000000009
166768,1.1000000000000003
167010,0.09999999999999995
167045,0.10000000000000009
167236,1.1
167427,1.1000000000000003
167509,0.10000000000000003
167709,2.099999999999999
167872,0.10000000000000009
168042,1.1000000000000003
168247,0.09999999999999992
168511,2.099999999999999
168680,0.09999999999999998
168844,1.1000000000000003
169071,1.1000000000000003
169241,3.0999999999999996
169461,1.1
169518,0.09999999999999998
169856,2.099999999999999
170071,0.10000000000000003
170309,2.099999999999999
170492,2.099999999999999
170631,1.1000000000000003
170852,1.0999999999999999
171000,0.09999999999999992
171235,1.1
171482,0.10000000000000003
171702,3.099999999999999
171804,2.1000000000000005
171965,1.1000000000000003
172156,0.09999999999999992
172388,3.0999999999999996
172599,3.0999999999999996
172771,1.1000000000000003
173072,1.0999999999999999
173280,3.0999999999999996
173394,0.09999999999999998
173576,1.1
173798,1.1
173959,2.1
174183,0.09999999999999998
174349,1.1000000000000003
174751,1.0999999999999992
175089,2.099999999999999
175273,2.1
175459,3.099999999999999
175647,2.0999999999999996
175930,1.1
176098,0.10000000000000009
176315,1.1000000000000003
176547,2.099999999999999
176737,3.099999999999999
176904,1.1000000000000003
177126,1.1
177307,1.1000000000000003
177450,0.10000000000000009
177667,4.1
177859,3.0999999999999996
178050,1.1000000000000003
178222,1.1000000000000003
178408,0.10000000000000003
178461,0.10000000000000003
178676,2.099999999999999
178759,1.1000000000000003
178927,0.10000000000000009
179135,0.10000000000000006
179327,0.10000000000000009
179468,2.099999999999999
179632,2.1
179805,0.09999999999999992
180012,0.10000000000000009
180166,2.099999999999999
180339,2.0999999999999996
180564,1.1000000000000003
180718,2.0999999999999996
180974,1.1
181159,0.10000000000000003
181300,2.1
181516,0.10000000000000009
181624,0.10000000000000003
181674,0.1
181848,0.09999999999999998
182094,2.099999999999999
182355,0.09999999999999998
182580,1.1000000000000008
182760,3.0999999999999996
182938,0.09999999999999992
183151,1.1000000000000005
183326,1.1
183495,0.10000000000000009
183686,1.1000000000000003
183876,0.10000000000000009
184099,1.1
184264,2.099999999999999
184500,2.0999999999999996
184678,1.1000000000000003
184832,0.09999999999999984
185034,1.1000000000000003
185187,0.09999999999999992
185466,2.0999999999999996
185630,2.1
186000,1.0999999999999994
186169,1.1000000000000003
186320,1.1000000000000003
186485,2.099999999999999
186660,1.1
186847,1.1000000000000003
187047,0.09999999999999998
187227,1.1
187434,3.099999999999999
187596,1.1
187747,0.09999999999999992
187902,1.1000000000000003
187954,0.10000000000000006
188160,1.1
188330,1.1000000000000005
188554,2.099999999999999
188768,1.1
188978,1.1000000000000003
189209,0.09999999999999992
189370,1.1000000000000003
189663,1.0999999999999999
189817,1.1000000000000003
190020,2.0999999999999996
190234,2.099999999999999
190477,1.1
190646,2.099999999999999
190906,3.099999999999999
191148,1.0999999999999999
191312,1.1000000000000003
191714,1.0999999999999992
191920,0.09999999999999992
192258,2.099999999999999
192613,2.099999999999999
192784,2.099999999999999
193057,0.10000000000000006
193233,0.09999999999999992
193395,0.10000000000000003
193569,1.1
193800,0.09999999999999992
194017,0.10000000000000003
194212,1.1000000000000003
194473,1.0999999999999996
194653,1.1
194828,0.10000000000000006
195028,0.09999999999999998
195277,1.1
195366,0.10000000000000009
195524,1.1000000000000003
195710,2.099999999999999
195761,1.1
195956,1.1000000000000003
196119,0.10000000000000009
196290,0.09999999999999998
196487,0.10000000000000006
196669,2.1
196836,1.1000000000000003
197003,0.10000000000000009
197195,0.10000000000000009
197405,0.10000000000000006
197587,0.10000000000000006
197738,1.1000000000000003
197937,1.1000000000000003
198275,2.099999999999999
198386,2.0999999999999996
198523,1.1000000000000003
198716,1.1000000000000003
198879,0.09999999999999992
199067,0.10000000000000003
199217,2.1
199303,0.09999999999999998
199476,1.1000000000000003
199645,2.0999999999999996
199837,0.0999999999999999
200091,1.1
200207,2.099999999999999
200388,2.0999999999999996
200575,2.0999999999999996
200762,1.1000000000000003
200925,2.099999999999999
201196,0.1
201374,0.09999999999999998
201571,1.1000000000000003
201704,0.10000000000000003
201873,2.099999999999999
202046,1.1
202296,1.1
202470,1.1000000000000003
202619,1.1000000000000003
202776,2.0999999999999996
202939,2.1
203106,2.0999999999999996
203303,2.1
203375,1.1
203577,0.09999999999999992
203729,2.099999999999999
203939,0.10000000000000006
204083,0.09999999999999987
204315,1.0999999999999999
204528,0.10000000000000003
204705,0.09999999999999998
204859,1.1000000000000003
205181,0.10000000000000014
205583,1.0999999999999992
205789,0.10000000000000006
206032,0.10000000000000003
206251,1.1000000000000003
206405,1.1
206591,2.099999999999999
206825,2.1
206989,2.1
207199,2.099999999999999
207397,2.099999999999999
207565,1.1000000000000003
207609,0.09999999999999992
207851,0.10000000000000006
208074,2.1
208229,1.1
208393,2.1
208551,1.1000000000000003
208704,1.1
208848,1.1000000000000005
209181,1.0999999999999996
209333,0.09999999999999992
209482,0.09999999999999992
209748,1.1
209909,2.1
210083,2.0999999999999996
210298,0.10000000000000003
210519,1.1
210754,2.099999999999999
210928,1.1
211151,2.099999999999999
211324,2.1000000000000005
211461,1.1000000000000003
211630,1.1
211822,3.0999999999999996
211993,2.099999999999999
212155,0.10000000000000003
212324,2.0999999999999996
212609,2.099999999999999
212807,1.1000000000000003
213045,1.0999999999999996
213189,1.1000000000000003
213347,1.1000000000000003
213531,1.1000000000000003
213725,2.0999999999999996
213786,1.1000000000000003
213989,2.1
214188,2.1
214425,1.1
214599,0.09999999999999998
214803,0.09999999999999992
214979,2.0999999999999996
215151,3.1
215350,2.0999999999999996
215521,0.09999999999999998
215763,2.1
215938,2.0999999999999996
216137,1.1000000000000003
216348,0.10000000000000003
216446,1.1
216606,2.1
216773,1.1000000000000003
216954,0.10000000000000006
217240,0.10000000000000009
217451,0.09999999999999992
217628,3.099999999999999
217826,1.1
218204,2.099999999999999
218382,0.10000000000000006
218592,2.1
218719,1.1
218891,1.1000000000000003
219063,2.1000000000000005
219229,1.1000000000000003
219318,0.10000000000000009
219511,1.1000000000000008
219787,1.1
219969,2.1
220144,2.1
220367,1.1
220428,1.1000000000000003
220636,1.1
220844,0.09999999999999992
220998,0.10000000000000006
221174,2.1
221390,3.099999999999999
221526,1.1
221698,1.1000000000000003
221885,2.1
222046,0.10000000000000003
222384,2.099999999999999
222626,1.1
222830,2.1
223115,1.0999999999999996
223453,0.10000000000000014
223611,2.1
223864,0.10000000000000009
224032,0.10000000000000009
224249,1.1
224522,2.1
224745,1.1000000000000003
224939,1.1
225068,0.10000000000000009
225233,2.1
225422,2.1
225824,1.0999999999999992
226020,2.1000000000000005
226201,2.1
226450,1.0999999999999999
226603,1.1000000000000003
226840,2.1
227058,0.10000000000000009
227293,1.1
227488,1.1
227654,2.0999999999999996
227804,1.1000000000000003
227868,0.10000000000000009
228078,0.10000000000000006
228254,1.1000000000000003
228433,3.099999999999999
228646,0.10000000000000009
228874,1.1
228934,1.1000000000000003
229105,1.1000000000000003
229286,0.10000000000000006
229493,2.099999999999999
229650,1.1000000000000003
229818,1.1000000000000003
230052,0.0999999999999999
230254,0.10000000000000006
230491,0.0999999999999999
230539,0.09999999999999992
230748,1.1000000000000003
230948,1.1000000000000003
231139,2.099999999999999
231311,1.1000000000000003
231502,1.1000000000000003
231712,0.09999999999999987
231940,2.099999999999999
232117,0.09999999999999992
232163,0.09999999999999998
232364,2.0999999999999996
232521,1.1000000000000003
232656,0.10000000000000006
232862,1.1000000000000003
233007,1.1000000000000003
233173,1.1000000000000003
233297,1.1000000000000003
233505,1.1
233668,2.1
233817,1.1000000000000003
234014,1.1000000000000003
234217,0.09999999999999992
234479,1.0999999999999999
234680,1.1
234880,2.0999999999999996
235036,1.1
235235,1.1000000000000003
235407,1.1000000000000003
235589,2.1
235741,0.09999999999999992
235936,2.1
236107,2.0999999999999996
236287,2.1
236498,1.1000000000000003
236642,1.1000000000000003
236805,1.1000000000000003
237018,1.1000000000000003
237228,1.1
237395,1.1
237605,1.1000000000000003
237795,3.1
237859,1.1000000000000003
238058,2.1
238173,1.1
238415,0.10000000000000006
238753,3.0999999999999996
238917,1.1
239184,1.1
239410,0.09999999999999984
239611,0.10000000000000006
239776,1.1000000000000003
240003,0.09999999999999998
240341,1.0999999999999996
240409,0.09999999999999998
240600,2.0999999999999996
240761,0.10000000000000009
240977,1.1000000000000003
241205,1.1
241401,3.1
241475,0.09999999999999998
241638,0.10000000000000009
241805,1.1000000000000003
241855,0.10000000000000006
242013,1.1000000000000003
242298,0.10000000000000009
242481,1.1000000000000003
242676,1.1000000000000003
242878,2.099999999999999
243075,1.1000000000000003
243313,2.099999999999999
243462,0.09999999999999995
243626,1.1000000000000003
243699,0.09999999999999998
243880,0.09999999999999992
244069,2.099999999999999
244241,1.1000000000000003
244435,2.1
244596,1.1000000000000003
244797,0.09999999999999992
244946,2.1000000000000005
245152,0.09999999999999992
245434,0.10000000000000009
245591,1.1000000000000003
245799,3.0999999999999996
245849,1.1
246051,2.099999999999999
246095,1.1000000000000003
246273,2.099999999999999
246416,1.1
246605,1.1000000000000003
246914,1.0999999999999999
247135,2.1000000000000005
247317,1.1
247554,0.0999999999999999
247698,1.1000000000000003
247944,1.1
248071,1.1000000000000003
248232,2.0999999999999996
248286,0.10000000000000003
248447,0.10000000000000003
248696,2.099999999999999
248861,1.1000000000000003
249049,0.10000000000000009
249252,1.1000000000000003
249419,1.1000000000000003
249647,2.1
249695,1.1000000000000003
249891,1.1000000000000003
250085,1.1000000000000003
250285,1.1000000000000003
250434,0.09999999999999998
250581,0.10000000000000009
250761,1.1
250928,1.1000000000000003
250986,1.1000000000000003
251149,1.1000000000000003
251371,2.1000000000000005
251588,1.1
251773,2.1
251939,0.09999999999999998
252010,1.1000000000000003
252229,1.1000000000000003
252420,1.1
252563,2.1
252749,2.1
252859,0.0999999999999999
253087,1.1
253241,0.10000000000000006
253403,0.10000000000000009
253472,0.10000000000000009
253711,1.1
253860,1.0999999999999999
254007,1.1000000000000003
254209,3.099999999999999
254389,2.1
254474,0.10000000000000009
254638,2.099999999999999
254852,1.1
255046,2.099999999999999
255212,3.099999999999999
255403,3.0999999999999996
255805,2.099999999999999
255976,2.0999999999999996
256212,0.0999999999999999
256407,1.1000000000000003
256449,1.1000000000000003
256639,2.099999999999999
256714,1.1
256965,2.099999999999999
257120,1.1000000000000003
257319,3.099999999999999
257593,3.0999999999999996
257796,1.1000000000000003
257932,1.1
258207,0.1
258456,1.1
258800,0.10000000000000014
258986,1.1000000000000003
259162,2.1
259339,2.1
259549,0.10000000000000006
259806,1.1
259955,0.1
260186,2.1
260367,1.1000000000000003
260588,0.10000000000000009
260653,0.10000000000000009
260927,1.1
261175,1.1
261355,1.1
261524,0.10000000000000009
261718,2.1
261917,1.1
262128,0.10000000000000003
262392,2.0999999999999996
262482,1.1000000000000003
262672,3.099999999999999
262896,1.1000000000000003
263059,1.1
263209,2.1
263420,2.099999999999999
263596,1.1
263756,1.1
263946,3.0999999999999996
264093,0.10000000000000009
264314,0.10000000000000009
264566,1.1
264756,2.099999999999999
264797,1.1000000000000003
264987,2.099999999999999
265147,2.0999999999999996
265652,3.099999999999999
265808,2.1
266053,1.1
266093,0.10000000000000009
266325,2.099999999999999
266510,1.1000000000000003
266725,1.1000000000000003
266810,0.10000000000000009
267023,1.1000000000000003
267268,2.0999999999999996
267484,2.1
267674,1.1000000000000003
267834,2.0999999999999996
268021,1.1000000000000003
268213,3.099999999999999
268385,2.099999999999999
268787,2.0999999999999996
268973,3.099999999999999
269214,3.0999999999999996
269418,1.1
269574,1.1
269766,1.1000000000000003
270009,2.1
270195,1.1000000000000003
270379,2.099999999999999
270421,1.1000000000000003
270595,2.1
270997,1.0999999999999992
271171,1.1
271322,2.1
271542,2.099999999999999
271573,1.1
271837,2.099999999999999
272011,3.0999999999999996
272260,1.0999999999999999
272479,1.1000000000000003
272746,3.0999999999999996
273029,3.0999999999999996
273181,1.1
273357,2.0999999999999996
273549,1.1000000000000003
273746,1.0999999999999999
273798,0.10000000000000006
273871,2.1
274070,1.1
274145,2.1
274335,1.1000000000000003
274518,1.1000000000000003
274678,0.10000000000000003
274957,2.099999999999999
275117,2.099999999999999
275300,2.099999999999999
275492,2.099999999999999
275691,1.0999999999999999
275910,4.099999999999999
276139,2.0999999999999996
276394,1.0999999999999999
276468,0.10000000000000006
276647,1.1000000000000003
276869,2.0999999999999996
277051,3.099999999999999
277227,3.1
277275,0.09999999999999992
277469,1.1000000000000003
277510,1.1
277676,2.0999999999999996
277877,2.0999999999999996
278126,1.1
278276,2.099999999999999
278468,2.1
278575,2.0999999999999996
278780,1.1
279002,1.1000000000000003
279140,2.099999999999999
279457,2.099999999999999
279583,1.1000000000000003
279764,3.099999999999999
279948,2.1
280115,1.1
280296,1.1000000000000003
280533,2.0999999999999996
280691,2.0999999999999996
280903,2.099999999999999
281062,3.099999999999999
281216,1.1000000000000003
281447,1.0999999999999999
281635,1.1
281806,1.1000000000000003
281890,0.10000000000000003
282042,3.1
282241,3.1
282579,3.099999999999999
282849,1.1
282886,0.10000000000000006
283019,2.099999999999999
283097,2.1
283246,1.1
283425,1.1000000000000003
283594,1.1
283681,0.10000000000000009
283727,2.099999999999999
283953,1.1
284135,0.10000000000000006
284341,1.1000000000000003
284595,2.0999999999999996
284756,1.1000000000000003
284941,0.10000000000000003
285117,2.099999999999999
285191,1.1000000000000003
285354,2.099999999999999
285553,1.1000000000000003
285700,2.0999999999999996
286042,3.099999999999999
286231,1.1
286399,1.1
286555,1.1
286766,1.1000000000000003
286936,2.1
287119,1.1000000000000003
287219,1.0999999999999999
287405,1.1000000000000003
287558,2.0999999999999996
287725,2.099999999999999
287762,0.09999999999999998
287952,2.099999999999999
288392,2.099999999999999
288675,0.10000000000000009
288838,2.0999999999999996
288995,3.099999999999999
289146,1.1000000000000003
289348,1.1000000000000003
289503,1.1
289578,2.1000000000000005
289776,3.1
289943,1.1
290134,2.099999999999999
290360,1.1
290510,2.099999999999999
290784,2.099999999999999
290945,1.1000000000000003
291092,2.099999999999999
291416,4.1000000000000005
291647,1.1
291851,2.099999999999999
292058,1.1000000000000005
292259,1.1000000000000003
292554,2.099999999999999
292759,1.1000000000000005
292960,3.099999999999999
293208,1.0999999999999999
293392,3.099999999999999
293576,1.1000000000000003
293782,2.099999999999999
293935,1.1000000000000003
294085,1.1
294375,3.0999999999999996
294585,1.1000000000000003
294764,2.099999999999999
294957,0.09999999999999998
295025,1.1000000000000003
295225,1.1000000000000003
295279,1.1000000000000003
295489,3.0999999999999996
295611,1.1000000000000005
295813,3.099999999999999
296036,1.1
296296,1.1
296461,2.099999999999999
296647,1.1000000000000003
296759,3.099999999999999
296798,0.09999999999999998
296948,1.1000000000000003
297158,2.1
297403,2.099999999999999
297568,2.099999999999999
297753,2.099999999999999
297847,1.1000000000000003
298017,0.09999999999999992
298204,2.099999999999999
298415,1.1
298552,1.1
298762,2.0999999999999996
299001,1.1
299217,2.1
299385,1.1
299430,1.1000000000000003
299640,1.1
299832,1.1000000000000003
300023,2.099999999999999
300233,2.099999999999999
300387,1.1000000000000003
300566,1.1000000000000003
300728,2.099999999999999
300938,1.1000000000000003
301009,1.1000000000000003
301233,1.1000000000000003
301373,2.1000000000000005
301562,0.10000000000000009
301636,0.09999999999999992
301814,2.099999999999999
302055,2.099999999999999
302297,2.099999999999999
302477,1.1000000000000003
302692,1.1
302949,1.0999999999999999
303175,2.0999999999999996
303331,1.1
303511,3.099999999999999
303605,1.1000000000000003
303791,3.099999999999999
303959,3.099999999999999
304171,2.099999999999999
304248,1.1000000000000003
304401,1.1000000000000003
304580,2.0999999999999996
304811,1.0999999999999999
304973,1.1000000000000003
305154,4.1
305343,3.099999999999999
305505,1.1
305517,0.09999999999999998
305668,2.099999999999999
305842,1.1
306008,1.1000000000000003
306158,1.1000000000000003
306342,3.099999999999999
306540,0.09999999999999998
306687,1.1000000000000003
306900,1.1000000000000003
307089,1.1000000000000003
307179,0.09999999999999987
307211,1.1
307396,1.1
307539,1.1000000000000003
307797,3.099999999999999
308058,1.1
308186,1.1000000000000003
308402,0.10000000000000009
308596,2.099999999999999
308760,3.099999999999999
308901,1.1000000000000005
309063,3.099999999999999
309236,1.1
309406,1.1000000000000003
309557,1.1000000000000005
309745,3.099999999999999
309908,2.099999999999999
310074,2.1000000000000005
310224,2.099999999999999
310376,2.099999999999999
310586,2.099999999999999
310736,1.1000000000000003
310907,1.1000000000000003
311023,2.099999999999999
311201,1.1000000000000003
311390,1.1000000000000003
311600,2.099999999999999
311802,1.1000000000000003
311976,2.099999999999999
312207,2.099999999999999
312230,1.1
312455,1.1
312674,1.1000000000000003
312829,1.1000000000000003
313036,1.1
313211,1.1
313305,1.1000000000000003
313487,2.099999999999999
313669,3.099999999999999
313847,2.099999999999999
314011,2.099999999999999
314237,1.1
314399,1.1000000000000003
314561,1.1000000000000003
314723,1.1
314893,2.0999999999999996
315050,1.1000000000000003
315213,2.099999999999999
315367,2.0999999999999996
315557,1.1000000000000003
315712,2.0999999999999996
315887,2.099999999999999
316047,1.1000000000000003
316210,1.1000000000000005
316461,3.099999999999999
316682,3.099999999999999
316846,1.1000000000000003
316908,1.1000000000000003
317013,2.0999999999999996
317220,2.1
317558,1.0999999999999992
317779,1.1
317973,2.1
318153,1.1000000000000003
318312,2.099999999999999
318500,2.099999999999999
318645,2.099999999999999
318798,1.1000000000000003
318973,-0.9000000000000001
319086,1.1000000000000003
319424,1.0999999999999992
319650,3.099999999999999
319860,1.1
320056,2.0999999999999996
320265,3.0999999999999996
320442,1.1
320553,2.0999999999999996
320750,1.1000000000000003
320925,1.1000000000000003
321113,1.1
321275,1.1
321512,1.0999999999999999
321685,1.1000000000000003
321747,1.1000000000000003
321900,1.1000000000000003
322058,2.099999999999999
322275,2.099999999999999
322310,1.1000000000000003
322648,2.099999999999999
322814,1.1000000000000003
322992,2.099999999999999
323248,3.099999999999999
323411,1.1000000000000003
323574,2.099999999999999
323842,3.099999999999999
324062,1.1
324272,1.1
324464,4.099999999999999
324638,3.099999999999999
324947,1.0999999999999994
325147,3.0999999999999996
325353,1.1000000000000008
325521,1.1000000000000003
325694,2.1
325792,2.099999999999999
325953,1.1000000000000003
326192,2.1
326333,1.1000000000000005
326589,2.099999999999999
326831,2.0999999999999996
327031,2.099999999999999
327241,2.099999999999999
327394,1.1000000000000008
327552,1.1000000000000003
327705,1.1000000000000003
327890,2.099999999999999
327995,1.1000000000000005
328237,1.0999999999999999
328403,1.1000000000000003
328629,1.1
328891,1.0999999999999996
329002,2.099999999999999
329147,1.1
329344,1.1000000000000003
329511,1.1
329687,4.1
329878,2.099999999999999
330033,1.1000000000000003
330185,1.1000000000000003
330367,1.1
330602,2.099999999999999
330814,2.099999999999999
331070,2.099999999999999
331320,1.1000000000000003
331486,2.099999999999999
331704,2.099999999999999
331950,1.0999999999999999
332103,2.099999999999999
332276,2.099999999999999
332471,1.1
332547,1.1000000000000003
332740,3.099999999999999
332935,2.099999999999999
333165,2.0999999999999996
333360,1.1
333524,3.099999999999999
333742,2.0999999999999996
333933,2.0999999999999996
334135,2.099999999999999
334369,2.099999999999999
334619,1.0999999999999999
334790,1.1000000000000003
334944,1.1000000000000003
335133,2.099999999999999
335315,2.099999999999999
335493,2.099999999999999
335565,1.1000000000000003
335766,1.1000000000000003
335977,4.1
336157,1.1000000000000003
336333,1.1
336586,3.099999999999999
336745,2.099999999999999
336897,2.099999999999999
337098,1.1
337274,1.1000000000000003
337436,2.1000000000000005
337603,1.1000000000000003
337791,3.099999999999999
337886,1.1000000000000003
338044,1.1000000000000003
338226,1.1
338389,1.1000000000000003
338624,1.0999999999999999
338778,2.099999999999999
338928,2.099999999999999
339064,2.099999999999999
339230,1.1000000000000003
339473,3.099999999999999
339655,2.099999999999999
339820,1.1000000000000003
339940,1.1000000000000005
340060,1.1
340280,4.1
340449,1.1000000000000005
340729,2.0999999999999996
340913,2.099999999999999
341101,2.099999999999999
341210,2.099999999999999
341392,1.1
341583,2.0999999999999996
341681,2.1
341897,2.099999999999999
342109,1.1
342301,2.099999999999999
342571,1.0999999999999996
342641,1.1
342867,2.099999999999999
343065,2.099999999999999
343276,1.1000000000000003
343545,2.099999999999999
343817,2.099999999999999
343973,2.1
344169,2.099999999999999
344354,1.1000000000000003
344601,1.0999999999999999
344648,1.1000000000000003
344787,2.1
345001,1.1
345186,2.0999999999999996
345382,1.1000000000000005
345616,2.099999999999999
345803,2.0999999999999996
345965,1.1000000000000003
346110,2.099999999999999
346262,2.099999999999999
346387,1.1
346572,2.099999999999999
346974,2.099999999999999
347138,1.1000000000000003
347290,1.1000000000000003
347516,2.1000000000000005
347679,1.1000000000000003
347858,1.1000000000000005
348017,1.1000000000000003
348166,3.099999999999999
348355,1.1
348612,3.099999999999999
348783,1.1000000000000003
348996,2.0999999999999996
349144,1.1000000000000003
349347,2.099999999999999
349507,1.1000000000000003
349692,2.099999999999999
349897,1.1000000000000003
349963,1.1000000000000003
350178,2.0999999999999996
350355,2.0999999999999996
350514,2.099999999999999
350711,1.1000000000000005
350872,1.1000000000000003
351050,2.099999999999999
351217,2.099999999999999
351397,1.1
351627,1.0999999999999999
351799,2.099999999999999
352010,2.099999999999999
352120,1.1000000000000003
352353,4.1
352459,1.1000000000000003
352678,1.1
352949,5.1000000000000005
353103,1.1
353291,1.1
353490,2.0999999999999996
353651,2.099999999999999
353783,1.1000000000000005
353938,2.099999999999999
354106,1.1000000000000003
354217,1.1
354408,4.099999999999999
354553,1.1000000000000005
354752,1.1000000000000003
354919,2.0999999999999996
355091,2.099999999999999
355429,2.099999999999999
355604,1.1000000000000003
355789,1.1000000000000003
355972,1.1000000000000003
356135,1.1000000000000003
356293,1.1000000000000003
356468,1.1000000000000003
356641,1.1000000000000003
356812,2.099999999999999
356978,1.1
357222,3.099999999999999
357389,1.1000000000000003
357538,2.099999999999999
357786,2.0999999999999996
357942,1.1
358135,2.0999999999999996
358308,1.1000000000000003
358485,2.099999999999999
358772,3.099999999999999
358888,1.1000000000000003
359028,1.1
359230,2.099999999999999
359449,1.1
359643,1.1000000000000003
359876,1.0999999999999999
360061,1.1000000000000008
360286,2.1
360461,1.1000000000000003
360645,2.099999999999999
360855,2.0999999999999996
361046,1.1000000000000003
361196,1.1000000000000003
361492,2.0999999999999996
361663,1.1000000000000003
361867,2.0999999999999996
361909,1.1000000000000003
362095,2.099999999999999
362269,1.1
362436,2.0999999999999996
362656,1.1
362887,2.099999999999999
363043,1.1
363316,2.099999999999999
363479,1.1
363641,1.1000000000000003
363870,2.099999999999999
364024,1.1000000000000003
364266,2.099999999999999
364448,1.1
364638,1.1000000000000003
364808,2.099999999999999
364994,1.1000000000000003
365167,1.1000000000000003
365276,1.1
365432,1.1
365640,1.1
365698,1.1000000000000003
365848,2.099999999999999
366009,1.1000000000000003
366230,2.1
366419,1.1000000000000003
366523,1.1
366743,3.0999999999999996
366968,1.1
367117,2.0999999999999996
367359,1.0999999999999999
367601,1.0999999999999999
367785,1.1000000000000003
367825,1.1000000000000003
367982,1.1000000000000003
368160,1.1000000000000003
368413,1.0999999999999999
368588,2.099999999999999
368704,1.1000000000000003
368904,1.1
369242,1.0999999999999992
369296,1.1000000000000003
369502,2.099999999999999
369703,1.1
369892,2.099999999999999
370051,1.1000000000000003
370389,2.099999999999999
370575,1.1
370767,2.099999999999999
370991,2.0999999999999996
371166,1.1
371320,1.1
371540,1.1
371768,3.0999999999999996
371848,1.1000000000000003
372047,1.1
372144,1.1000000000000003
372354,1.1
372463,1.1
372626,2.099999999999999
372819,2.0999999999999996
372972,1.1000000000000003
373187,2.099999999999999
373374,1.1000000000000003
373545,1.1000000000000003
373708,1.1000000000000003
373881,1.1000000000000003
374013,1.1
374164,1.1000000000000003
374367,2.099999999999999
374524,1.1000000000000003
374734,2.099999999999999
374918,2.1
375134,3.099999999999999
375296,4.1
375506,1.1
375740,2.099999999999999
375899,2.0999999999999996
376083,1.1000000000000003
376308,1.1
376476,2.099999999999999
376629,1.1000000000000003
376840,3.099999999999999
376998,2.099999999999999
377171,3.099999999999999
377406,2.099999999999999
377628,2.0999999999999996
377722,2.099999999999999
377834,1.1000000000000003
378095,2.099999999999999
378283,1.1
378361,1.1
378635,2.099999999999999
378781,2.0999999999999996
378901,1.1000000000000003
379147,2.099999999999999
379298,1.1000000000000005
379529,1.0999999999999999
379723,2.099999999999999
379928,1.1
380144,2.099999999999999
380197,1.1000000000000003
380408,3.099999999999999
380596,1.1
380737,1.1000000000000003
380912,2.0999999999999996
381097,3.099999999999999
381322,1.1
381508,2.099999999999999
381693,2.099999999999999
381912,2.099999999999999
382074,1.1000000000000003
382267,1.1000000000000003
382347,1.1000000000000003
382542,2.099999999999999
382688,1.1
382851,2.099999999999999
383031,2.099999999999999
383369,2.099999999999999
383562,2.0999999999999996
383723,3.099999999999999
383940,1.1
384165,2.1000000000000005
384343,1.1
384603,3.099999999999999
384751,1.1
384850,1.1000000000000003
385006,2.099999999999999
385196,1.1000000000000003
385297,1.1000000000000003
385461,2.099999999999999
385662,2.099999999999999
385904,2.099999999999999
386031,1.1000000000000003
386168,1.1
386368,2.0999999999999996
386571,1.1000000000000003
386828,2.099999999999999
387013,3.099999999999999
387162,1.1000000000000003
387324,1.1
387488,1.1000000000000003
387795,1.0999999999999994
387915,1.1000000000000003
388084,1.1000000000000003
388263,1.1
388550,2.099999999999999
388636,1.1000000000000003
388788,1.1000000000000003
389002,2.099999999999999
389157,3.099999999999999
389359,2.099999999999999
389394,1.1
389557,2.099999999999999
389736,1.1
389971,1.0999999999999999
390007,1.1000000000000003
390195,2.1
390386,1.1000000000000003
390573,1.1000000000000003
390763,3.099999999999999
390926,1.1000000000000003
391099,1.1000000000000003
391252,1.1000000000000003
391427,1.1
391476,1.1000000000000003
391624,3.099999999999999
391791,1.1
391982,2.099999999999999
392122,2.099999999999999
392276,1.1000000000000003
392490,4.099999999999999
392663,1.1000000000000003
392731,1.1
392989,3.099999999999999
393180,3.0999999999999996
393454,2.1
393594,1.1000000000000003
393813,4.1
394007,1.1000000000000003
394157,1.1000000000000003
394463,2.099999999999999
394705,1.0999999999999999
394923,2.099999999999999
395116,2.099999999999999
395277,1.1000000000000003
395446,2.0999999999999996
395635,2.1
395848,1.1
395875,1.1000000000000003
396092,2.0999999999999996
396309,3.0999999999999996
396508,2.099999999999999
396723,2.0999999999999996
396953,2.099999999999999
397124,2.099999999999999
397214,1.1000000000000003
397471,2.0999999999999996
397702,2.099999999999999
397861,3.099999999999999
398052,1.1000000000000003
398238,2.0999999999999996
398464,3.0999999999999996
398693,1.1
398879,1.1
399086,2.0999999999999996
399241,1.1000000000000003
399280,1.1000000000000003
399468,4.1
399679,2.099999999999999
399862,2.099999999999999
400069,1.1000000000000003
400219,2.1
400423,1.1000000000000003
400579,2.1000000000000005
400776,2.099999999999999
400963,2.099999999999999
401128,3.099999999999999
401338,1.1
401522,4.1
401709,2.0999999999999996
401984,2.099999999999999
402172,2.099999999999999
402389,2.099999999999999
402608,4.099999999999998
402845,2.099999999999999
403017,1.1000000000000003
403177,1.1000000000000008
403305,3.0999999999999996
403547,3.099999999999999
403621,1.1
403790,1.1000000000000003
404064,2.099999999999999
404336,1.0999999999999996
404546,3.099999999999999
404868,1.0999999999999994
405037,3.099999999999999
405375,3.099999999999999
405494,2.099999999999999
405620,0.09999999999999981
405768,2.099999999999999
405909,1.1000000000000003
406064,3.099999999999999
406218,3.099999999999999
406428,3.099999999999999
406638,2.099999999999999
406885,1.0999999999999999
407037,1.1
407211,1.1000000000000003
407431,1.1
407576,1.1000000000000003
407721,4.099999999999999
407909,2.0999999999999996
408065,2.099999999999999
408313,3.099999999999999
408505,3.099999999999999
408541,1.1
408765,1.1
408984,2.099999999999999
409149,3.099999999999999
409288,2.099999999999999
409479,2.099999999999999
409660,1.1
409828,1.1000000000000003
409987,2.099999999999999
410204,3.099999999999999
410319,2.099999999999999
410452,2.099999999999999
410528,1.1000000000000003
410697,2.0999999999999996
410850,1.1000000000000003
411071,2.0999999999999996
411302,4.1
411515,2.099999999999999
411741,3.099999999999999
411940,1.1000000000000003
412105,1.1000000000000003
412259,2.099999999999999
412467,2.099999999999999
412633,1.1000000000000003
412885,2.0999999999999996
413076,1.1000000000000003
413246,1.1000000000000003
413406,2.099999999999999
413605,3.099999999999999
413788,3.0999999999999996
413982,2.0999999999999996
414199,2.0999999999999996
414369,2.099999999999999
414560,2.099999999999999
414760,2.099999999999999
414919,2.1
415061,1.1000000000000003
415213,1.1000000000000003
415519,3.0999999999999996
415676,2.099999999999999
415895,2.0999999999999996
416103,3.099999999999999
416247,1.1000000000000003
416405,1.1000000000000003
416572,1.1000000000000003
416830,2.0999999999999996
417033,2.0999999999999996
417198,3.099999999999999
417337,3.0999999999999996
417553,2.099999999999999
417732,3.099999999999999
417885,1.1000000000000003
418089,3.099999999999999
418244,1.1000000000000003
418292,1.1000000000000003
418577,2.099999999999999
418790,2.099999999999999
418952,3.099999999999999
419134,2.099999999999999
419360,1.1
419534,1.1000000000000003
419737,2.099999999999999
419892,2.0999999999999996
420198,3.099999999999999
420407,1.1000000000000005
420556,2.099999999999999
420816,3.099999999999999
420884,1.1000000000000003
421037,1.1
421224,4.1
421384,2.1
421565,2.099999999999999
421741,2.099999999999999
421909,2.099999999999999
422089,2.099999999999999
422257,2.099999999999999
422439,2.099999999999999
422582,1.1000000000000003
422802,2.099999999999999
422974,3.099999999999999
423153,3.099999999999999
423459,3.099999999999999
423674,5.099999999999999
423856,2.099999999999999
424049,2.099999999999999
424212,2.099999999999999
424466,3.099999999999999
424666,3.099999999999999
424819,2.099999999999999
425015,3.099999999999999
425241,2.099999999999999
425450,2.099999999999999
425650,2.0999999999999996
425812,2.1
426009,3.099999999999999
426190,2.0999999999999996
426462,3.099999999999999
426626,1.1
426856,5.1
427046,3.099999999999999
427227,2.0999999999999996
427418,2.0999999999999996
427642,1.1
427948,3.099999999999999
428149,2.0999999999999996
428318,3.0999999999999996
428517,2.099999999999999
428727,3.099999999999999
428907,2.099999999999999
429102,4.099999999999999
429261,2.099999999999999
429425,1.1000000000000003
429601,4.1
429668,1.1000000000000003
429930,1.0999999999999996
430125,2.099999999999999
430317,3.1
430483,2.099999999999999
430682,1.1
430858,2.099999999999999
431023,3.099999999999999
431233,1.1000000000000003
431414,2.099999999999999
431640,1.1
431805,1.1000000000000003
432016,2.099999999999999
432209,1.1000000000000003
432386,1.1000000000000003
432581,3.099999999999999
432783,2.099999999999999
433035,4.1
433309,3.1000000000000005
433462,3.0999999999999996
433692,3.099999999999999
433861,2.099999999999999
434049,2.1
434247,3.099999999999999
434456,2.099999999999999
434661,3.099999999999999
434862,3.099999999999999
434933,1.1000000000000003
435096,2.099999999999999
435314,4.099999999999999
435494,1.1
435748,3.0999999999999996
435957,1.1
436133,2.099999999999999
436343,4.1
436550,2.099999999999999
436781,2.099999999999999
436935,2.0999999999999996
437107,3.099999999999999
437276,2.099999999999999
437378,1.1
437588,2.0999999999999996
437748,3.099999999999999
437906,2.099999999999999
438085,1.1000000000000003
438277,2.099999999999999
438438,2.099999999999999
438716,3.099999999999999
438881,1.1000000000000003
439051,2.099999999999999
439282,3.099999999999999
439446,2.099999999999999
439607,2.099999999999999
439828,2.099999999999999
440078,3.099999999999999
440219,2.0999999999999996
440410,2.099999999999999
440812,3.099999999999999
440909,2.1
441107,2.0999999999999996
441319,2.099999999999999
441469,2.099999999999999
441643,2.099999999999999
441844,1.1000000000000003
442030,2.099999999999999
442203,2.1
442413,4.1
442583,1.1000000000000003
442772,2.099999999999999
442950,3.0999999999999996
443108,1.1000000000000005
443274,3.099999999999999
443446,1.1000000000000005
443602,1.1
443862,3.0999999999999996
444081,2.099999999999999
444322,3.099999999999999
444511,3.099999999999999
444645,1.1000000000000005
444807,2.0999999999999996
444978,3.0999999999999996
445142,2.099999999999999
445417,3.099999999999999
445597,3.0999999999999996
445807,2.099999999999999
446004,3.0999999999999996
446180,2.099999999999999
446300,3.099999999999999
446558,6.1000000000000005
446708,2.1
446940,3.099999999999999
447140,3.099999999999999
447343,1.1000000000000003
447549,3.099999999999999
447738,3.099999999999999
447908,2.099999999999999
448071,1.1
448239,3.099999999999999
448448,2.099999999999999
448611,2.099999999999999
448813,1.1000000000000003
448978,3.099999999999999
449195,3.099999999999999
449327,2.1
449504,3.099999999999999
449842,3.099999999999999
449987,2.0999999999999996
450197,4.1
450382,5.099999999999999
450544,2.0999999999999996
450695,3.099999999999999
450862,3.099999999999999
451044,3.099999999999999
451198,1.1
451401,2.099999999999999
451675,1.0999999999999996
451824,2.099999999999999
452006,3.099999999999999
452175,2.099999999999999
452360,2.099999999999999
452652,2.099999999999999
452801,2.099999999999999
453027,3.099999999999999
453237,3.099999999999999
453461,2.0999999999999996
453744,4.1000000000000005
453972,2.099999999999999
454233,3.099999999999999
454381,3.099999999999999
454537,2.099999999999999
454734,4.1
454952,3.099999999999999
455128,2.099999999999999
455326,1.1000000000000003
455512,2.099999999999999
455697,2.0999999999999996
455830,2.099999999999999
456088,3.099999999999999
456238,2.0999999999999996
456325,2.099999999999999
456399,2.0999999999999996
456578,2.099999999999999
456728,1.1000000000000003
456896,2.099999999999999
457094,3.099999999999999
457298,4.1
457572,2.099999999999999
457724,2.099999999999999
457899,2.099999999999999
458159,1.0999999999999996
458349,3.099999999999999
458538,3.099999999999999
458876,2.099999999999999
459254,2.099999999999999
459389,1.1000000000000003
459523,2.099999999999999
459706,3.099999999999999
459948,2.0999999999999996
460115,1.1000000000000003
460233,1.1000000000000003
460303,2.099999999999999
460510,2.099999999999999
460667,3.099999999999999
460863,2.099999999999999
461042,2.099999999999999
461332,1.0999999999999996
461509,3.099999999999999
461698,3.099999999999999
461878,3.0999999999999996
462072,3.099999999999999
462273,3.099999999999999
462483,3.099999999999999
462725,0.10000000000000006
462923,1.1000000000000003
463119,2.099999999999999
463313,3.099999999999999
463505,2.099999999999999
463722,2.099999999999999
463869,3.0999999999999996
463949,2.1
464153,3.099999999999999
464328,2.099999999999999
464490,1.1
464686,3.099999999999999
464849,2.099999999999999
465068,3.099999999999999
465232,2.099999999999999
465420,1.1
465690,3.099999999999999
465936,2.099999999999999
466133,3.099999999999999
466317,4.099999999999999
466454,3.099999999999999
466598,3.0999999999999996
466780,2.099999999999999
466914,1.1
466961,1.1000000000000003
467162,2.099999999999999
467446,3.099999999999999
467721,4.1
467903,1.1000000000000005
468101,2.099999999999999
468281,3.099999999999999
468491,2.099999999999999
468705,3.099999999999999
468864,2.1
469051,3.099999999999999
469261,3.099999999999999
469466,4.1
469708,3.099999999999999
469908,4.099999999999999
470150,3.099999999999999
470340,2.0999999999999996
470527,1.1000000000000005
470865,3.099999999999999
471022,1.1000000000000008
471216,3.099999999999999
471399,4.099999999999999
471573,2.099999999999999
471833,3.1
471978,2.099999999999999
472192,3.099999999999999
472359,1.1000000000000003
472518,2.099999999999999
472689,3.099999999999999
472902,3.099999999999999
473079,3.099999999999999
473316,3.099999999999999
473496,3.099999999999999
473691,3.099999999999999
473943,2.099999999999999
474221,3.099999999999999
474511,4.099999999999999
474691,3.099999999999999
474930,3.0999999999999996
475143,2.099999999999999
475314,2.0999999999999996
475397,3.099999999999999
475583,2.099999999999999
475795,4.1000000000000005
475973,3.099999999999999
476164,1.1000000000000003
476331,2.099999999999999
476523,3.0999999999999996
476770,3.099999999999999
476948,3.099999999999999
477183,3.099999999999999
477521,2.099999999999999
477712,3.099999999999999
477877,1.1000000000000003
478038,2.0999999999999996
478360,1.1
478535,2.099999999999999
478737,2.099999999999999
478939,2.0999999999999996
479211,5.1000000000000005
479400,4.099999999999999
479574,2.099999999999999
479822,2.0999999999999996
480117,5.099999999999999
480314,2.099999999999999
480652,3.099999999999999
480845,3.099999999999999
481055,3.0999999999999996
481203,2.099999999999999
481445,2.099999999999999
481675,4.099999999999999
481971,3.0999999999999996
482138,3.099999999999999
482308,3.099999999999999
482455,3.1
482640,2.099999999999999
482848,3.099999999999999
483058,1.1000000000000003
483283,2.099999999999999
483482,4.099999999999999
483640,3.099999999999999
483842,2.099999999999999
484067,3.099999999999999
484263,5.099999999999999
484434,2.099999999999999
484590,2.099999999999999
484878,5.1
485061,1.1000000000000003
485208,1.1000000000000003
485379,2.099999999999999
485637,5.1000000000000005
485804,1.1000000000000003
485981,2.099999999999999
486142,2.099999999999999
486356,2.0999999999999996
486566,2.0999999999999996
486904,2.099999999999999
487098,3.099999999999999
487289,4.099999999999999
487453,4.099999999999999
487656,0.10000000000000006
487852,2.099999999999999
488078,2.099999999999999
488262,3.099999999999999
488484,1.1
488698,2.099999999999999
488848,2.099999999999999
489012,3.0999999999999996
489286,3.099999999999999
489480,1.1000000000000003
489642,2.099999999999999
489799,4.1
489953,2.099999999999999
490151,1.1000000000000003
490315,3.099999999999999
490519,2.099999999999999
490685,3.099999999999999
490884,3.099999999999999
491099,4.099999999999999
491309,3.099999999999999
491484,2.099999999999999
491665,3.099999999999999
491839,2.099999999999999
492038,2.099999999999999
492197,3.099999999999999
492449,4.099999999999999
492651,2.099999999999999
492902,3.099999999999999
493053,4.099999999999999
493211,4.099999999999999
493410,3.0999999999999996
493730,3.099999999999999
493892,3.099999999999999
494038,2.1
494225,1.1000000000000003
494431,3.0999999999999996
494582,3.0999999999999996
494774,3.099999999999999
494941,2.0999999999999996
495162,2.099999999999999
495387,4.1
495557,4.1
495732,3.099999999999999
495935,4.1
496090,2.099999999999999
496257,5.099999999999999
496389,2.099999999999999
496575,2.099999999999999
496802,3.099999999999999
496955,1.1000000000000003
497156,3.0999999999999996
497346,2.099999999999999
497527,2.099999999999999
497783,2.099999999999999
497992,3.099999999999999
498148,3.099999999999999
498297,3.099999999999999
498448,3.099999999999999
498678,2.099999999999999
498965,2.099999999999999
499114,3.099999999999999
499298,2.099999999999999
499505,2.099999999999999
499665,4.099999999999999
499835,2.0999999999999996
499938,3.099999999999999
500092,2.099999999999999
500294,3.099999999999999
500467,2.099999999999999
500660,3.099999999999999
500902,3.099999999999999
501085,2.0999999999999996
501277,3.099999999999999
501421,2.1
501620,4.099999999999999
501830,3.099999999999999
501997,3.0999999999999996
502141,2.099999999999999
502355,5.1
502519,2.099999999999999
502688,2.099999999999999
502810,0.09999999999999998
502963,2.1
503301,2.099999999999999
503462,0.10000000000000009
503672,3.099999999999999
503887,4.1
504105,3.1
504269,4.1
504473,1.1000000000000003
504620,3.0999999999999996
504808,1.1
505050,3.099999999999999
505174,2.099999999999999
505346,2.099999999999999
505534,3.099999999999999
505696,2.099999999999999
505865,3.099999999999999
506044,2.099999999999999
506283,4.1
506499,4.099999999999999
506677,1.1000000000000003
506851,1.1
507065,3.099999999999999
507199,2.099999999999999
507466,2.1
507868,2.099999999999999
508009,2.1
508192,4.099999999999999
508384,3.099999999999999
508646,2.099999999999999
508842,2.0999999999999996
508997,3.099999999999999
509253,2.099999999999999
509474,4.1
509615,3.099999999999999
509853,5.099999999999999
510044,3.099999999999999
510228,3.0999999999999996
510396,3.099999999999999
510491,1.1000000000000003
510649,1.1
510870,5.099999999999999
511053,1.1000000000000003
511228,1.1000000000000003
511405,4.099999999999999
511664,3.099999999999999
511828,3.0999999999999996
511965,2.0999999999999996
512099,3.099999999999999
512250,2.1
512417,2.099999999999999
512569,4.099999999999999
512724,4.099999999999999
512895,1.1
513068,3.099999999999999
513233,3.099999999999999
513405,4.1
513559,4.1
513776,6.099999999999999
513908,2.1
514137,3.099999999999999
514350,4.1
514515,2.0999999999999996
514710,1.0999999999999999
514875,2.099999999999999
515136,5.099999999999999
515332,3.099999999999999
515506,2.099999999999999
515658,2.099999999999999
515837,4.099999999999999
515974,1.1000000000000003
516202,3.099999999999999
516356,2.099999999999999
516560,1.1000000000000003
516759,4.099999999999999
516990,3.099999999999999
517167,3.099999999999999
517327,4.099999999999999
517599,3.099999999999999
517857,3.099999999999999
518042,3.099999999999999
518230,2.099999999999999
518335,2.0999999999999996
518510,3.099999999999999
518706,5.099999999999999
518881,4.099999999999999
519091,3.099999999999999
519298,2.1
519475,3.099999999999999
519662,5.099999999999999
519834,3.099999999999999
519998,2.0999999999999996
520190,3.099999999999999
520417,4.1
520621,1.1000000000000003
520817,2.099999999999999
521059,3.0999999999999996
521208,1.1
521448,2.099999999999999
521613,3.099999999999999
521777,3.099999999999999
522115,2.099999999999999
522277,3.099999999999999
522435,4.099999999999999
522606,4.1
522768,3.099999999999999
522965,5.1
523187,3.099999999999999
523372,4.099999999999999
523578,3.0999999999999996
523801,3.099999999999999
524091,5.100000000000001
524337,4.1
524509,4.1
524690,5.099999999999999
524859,3.0999999999999996
525120,3.099999999999999
525331,4.099999999999999
525514,2.1
525633,1.1000000000000003
525831,3.099999999999999
526006,1.1
526201,2.099999999999999
526440,3.099999999999999
526646,3.099999999999999
526846,2.099999999999999
527018,2.099999999999999
527186,2.099999999999999
527379,2.099999999999999
527576,4.1
527743,1.1000000000000003
527900,3.099999999999999
528023,2.099999999999999
528178,2.0999999999999996
528402,4.099999999999999
528548,2.1
528720,2.099999999999999
528868,4.1
529058,4.099999999999999
529241,3.099999999999999
529589,4.100000000000002
529773,3.099999999999999
530028,4.1
530217,3.1
530441,3.099999999999999
530687,4.1000000000000005
531089,2.099999999999999
531266,3.099999999999999
531428,4.099999999999998
531601,4.1
531784,2.1
531938,3.099999999999999
532117,3.099999999999999
532328,3.099999999999999
532477,1.1000000000000003
532654,2.1000000000000005
532831,2.099999999999999
533062,3.0999999999999996
533251,3.099999999999999
533452,3.0999999999999996
533635,4.099999999999999
533803,2.099999999999999
534039,5.1000000000000005
534234,2.099999999999999
534416,4.099999999999999
534711,3.099999999999999
534865,4.1
535027,4.099999999999998
535126,2.0999999999999996
535300,1.1000000000000003
535498,3.0999999999999996
535674,2.0999999999999996
535879,4.1
536047,2.099999999999999
536199,3.099999999999999
536380,2.099999999999999
536565,3.099999999999999
536736,2.099999999999999
536898,4.099999999999997
537051,3.099999999999999
537325,5.1
537533,4.099999999999999
537839,4.1
538064,4.099999999999999
538199,3.0999999999999996
538332,2.099999999999999
538511,5.099999999999999
538728,3.099999999999999
538885,1.1000000000000003
539052,3.0999999999999996
539255,2.0999999999999996
539446,2.099999999999999
539735,4.100000000000001
540159,5.100000000000001
540398,4.099999999999999
540584,3.099999999999999
540736,3.099999999999999
540935,4.099999999999999
541104,3.099999999999999
541286,3.099999999999999
541469,4.099999999999999
541651,4.1
541849,2.099999999999999
542151,6.1
542333,4.1
542509,4.099999999999999
542668,3.0999999999999996
542923,3.099999999999999
543081,2.099999999999999
543263,1.1000000000000005
543536,3.099999999999999
543707,5.099999999999999
543910,5.099999999999999
544174,3.0999999999999996
544422,5.1
544630,4.099999999999998
544828,3.099999999999999
545008,2.0999999999999996
545179,4.099999999999999
545403,3.0999999999999996
545664,2.099999999999999
545840,3.099999999999999
545992,3.099999999999999
546394,4.100000000000003
546556,3.1
546719,3.099999999999999
546955,5.1
547139,2.099999999999999
547355,4.1
547467,2.099999999999999
547614,3.099999999999999
547813,3.099999999999999
548022,6.099999999999999
548188,2.099999999999999
548376,3.099999999999999
548578,3.099999999999999
548753,3.099999999999999
548925,4.099999999999999
549074,2.099999999999999
549380,3.099999999999999
549556,3.099999999999999
549735,2.1000000000000005
549934,3.099999999999999
550096,3.099999999999999
550282,3.099999999999999
550524,4.1000000000000005
550769,5.099999999999999
550913,2.099999999999999
551185,3.099999999999999
551383,3.099999999999999
551603,3.099999999999999
551772,2.0999999999999996
552087,3.099999999999999
552256,2.0999999999999996
552473,4.1
552706,3.099999999999999
552901,2.099999999999999
553146,5.099999999999998
553319,2.099999999999999
553508,4.099999999999999
553718,4.099999999999999
553928,3.0999999999999996
554079,3.0999999999999996
554253,2.099999999999999
554302,3.0999999999999996
554474,4.1
554789,5.100000000000002
554952,3.099999999999999
555124,3.099999999999999
555318,6.1
555528,3.099999999999999
555718,3.099999999999999
555909,3.0999999999999996
556057,3.0999999999999996
556133,3.099999999999999
556374,4.1
556607,3.099999999999999
556817,3.0999999999999996
557014,4.099999999999999
557170,4.1
557357,2.0999999999999996
557495,3.099999999999999
557716,3.0999999999999996
558054,4.100000000000003
558176,2.099999999999999
558356,3.099999999999999
558587,3.099999999999999
558805,1.1
558991,4.099999999999999
559166,4.099999999999999
559376,3.099999999999999
559554,4.1
559723,2.099999999999999
559942,2.099999999999999
560052,3.099999999999999
560302,4.1
560533,3.099999999999999
560735,2.099999999999999
560960,4.1
561158,3.099999999999999
561370,5.1
561612,5.1
561915,2.099999999999999
562182,3.099999999999999
562393,3.099999999999999
562663,3.1
562887,1.1
563081,3.099999999999999
563298,4.1
563506,2.099999999999999
563692,2.099999999999999
563764,1.1000000000000003
563960,2.099999999999999
564076,2.099999999999999
564296,5.099999999999999
564466,3.099999999999999
564676,3.099999999999999
564726,1.1000000000000003
564918,3.099999999999999
565128,3.099999999999999
565348,3.0999999999999996
565504,4.1000000000000005
565719,3.099999999999999
565870,3.099999999999999
566048,3.099999999999999
566234,2.099999999999999
566456,3.1000000000000005
566619,3.099999999999999
566845,2.099999999999999
567039,3.099999999999999
567218,2.099999999999999
567406,2.099999999999999
567606,3.099999999999999
567829,4.1
567991,2.0999999999999996
568151,4.099999999999999
568329,3.099999999999999
568595,5.1
568743,2.099999999999999
568945,1.1
569111,2.099999999999999
569354,3.099999999999999
569532,3.099999999999999
569712,1.1000000000000003
569852,3.0999999999999996
570040,2.099999999999999
570229,3.099999999999999
570384,1.1000000000000003
570578,3.099999999999999
570755,3.0999999999999996
571020,4.1
571167,2.0999999999999996
571330,3.099999999999999
571512,4.099999999999999
571673,3.099999999999999
571873,3.099999999999999
572038,4.1
572248,5.099999999999999
572490,5.1000000000000005
572697,3.099999999999999
572870,3.0999999999999996
572994,1.1
573163,4.1
573346,3.099999999999999
573608,6.099999999999999
573779,3.0999999999999996
573959,3.099999999999999
574150,3.099999999999999
574325,1.0999999999999999
574529,4.1
574687,3.099999999999999
574926,3.0999999999999996
575083,3.099999999999999
575270,3.099999999999999
575443,3.099999999999999
575601,3.099999999999999
575825,3.099999999999999
576049,5.1
576143,3.099999999999999
576369,4.1
576616,5.1
576794,3.099999999999999
577007,4.1
577181,5.099999999999999
577240,1.1000000000000003
577431,3.0999999999999996
577639,3.099999999999999
577784,3.099999999999999
577958,3.099999999999999
578142,4.099999999999999
578389,5.099999999999997
578564,3.099999999999999
578761,4.1
578939,3.099999999999999
579139,2.099999999999999
579361,4.1
579532,2.1
579708,4.1
579860,3.099999999999999
580023,2.0999999999999996
580196,2.1000000000000005
580331,2.1
580541,3.099999999999999
580719,4.099999999999999
580914,3.099999999999999
581162,2.099999999999999
581329,3.099999999999999
581578,2.099999999999999
581772,3.099999999999999
581930,4.099999999999999
582084,4.099999999999999
582250,3.099999999999999
582420,4.099999999999999
582555,3.1
582715,2.099999999999999
582927,4.1
583103,4.099999999999999
583298,3.099999999999999
583539,3.099999999999999
583734,3.099999999999999
583936,4.1
584123,4.099999999999999
584274,4.1
584495,4.1000000000000005
584705,3.0999999999999996
584957,5.1
585163,4.099999999999999
585317,3.1
585484,4.1
585718,4.1
585885,2.1
586057,5.099999999999999
586293,4.1000000000000005
586464,3.099999999999999
586609,4.1
586852,5.099999999999999
587051,3.099999999999999
587237,3.099999999999999
587456,3.0999999999999996
587646,4.1
587807,2.1
587989,3.099999999999999
588163,3.099999999999999
588338,4.1
588550,4.1
588746,3.099999999999999
588975,5.1
589166,2.099999999999999
589338,5.099999999999999
589518,4.099999999999999
589706,4.099999999999999
589863,3.099999999999999
590026,2.099999999999999
590215,3.099999999999999
590402,3.099999999999999
590574,4.1
590745,4.1
590955,4.099999999999999
591154,2.099999999999999
591359,4.099999999999999
591652,3.099999999999999
591882,5.1
592078,5.099999999999999
592265,4.099999999999999
592440,3.0999999999999996
592626,3.099999999999999
592836,3.099999999999999
593015,3.099999999999999
593199,4.1
593364,5.099999999999999
593450,2.099999999999999
593663,3.099999999999999
593831,4.099999999999999
593997,2.099999999999999
594233,6.099999999999999
594405,3.099999999999999
594593,5.099999999999999
594801,6.1
595043,4.1
595222,4.099999999999999
595388,3.099999999999999
595574,2.099999999999999
595789,5.1
595999,4.1
596189,3.099999999999999
596374,4.1
596549,2.099999999999999
596717,4.099999999999999
596877,3.099999999999999
597071,4.1
597222,4.1
597406,4.099999999999999
597564,1.1000000000000003
597883,4.100000000000002
598093,3.099999999999999
598289,3.099999999999999
598470,4.1
598632,4.099999999999999
598800,4.099999999999999
598968,4.1
599212,5.1000000000000005
599372,4.1
599569,1.1000000000000003
599846,4.100000000000001
600005,4.1
600184,4.099999999999999
600407,4.1
600620,4.1
600838,2.099999999999999
601107,4.1000000000000005
601160,1.1000000000000003
601350,5.1
601574,4.1
601816,4.1000000000000005
601995,6.099999999999999
602190,4.1
602344,2.1
602575,4.099999999999999
602763,3.0999999999999996
602944,5.099999999999999
603195,4.1000000000000005
603326,3.0999999999999996
603510,2.099999999999999
603694,4.099999999999998
603905,5.1
604128,4.099999999999999
604530,4.100000000000003
604736,5.099999999999999
605097,5.100000000000001
605305,5.099999999999999
605458,6.099999999999999
605621,6.099999999999999
605801,4.1
606011,3.099999999999999
606267,4.1000000000000005
606484,4.099999999999999
606635,4.099999999999999
606845,2.099999999999999
607014,3.099999999999999
607222,5.1
607417,4.099999999999999
607560,4.1
607739,4.1
607823,1.1000000000000003
608039,3.099999999999999
608133,3.0999999999999996
608308,1.1000000000000003
608379,2.0999999999999996
608628,3.099999999999999
608890,5.1
609126,4.1
609217,2.099999999999999
609431,3.0999999999999996
609578,3.1000000000000005
609788,5.099999999999999
610044,5.1
610199,4.099999999999999
610380,2.099999999999999
610565,4.1
610734,3.099999999999999
610886,4.1
611037,2.099999999999999
611210,6.099999999999999
611401,3.1
611620,4.099999999999999
611805,4.099999999999999
612051,7.099999999999999
612291,1.0999999999999999
612451,3.099999999999999
612529,3.099999999999999
612828,7.100000000000001
613045,4.099999999999999
613260,4.1
613442,3.099999999999999
613627,2.099999999999999
613818,5.099999999999999
614031,7.1
614241,5.099999999999999
614284,1.1000000000000003
614489,3.0999999999999996
614650,3.099999999999999
614897,3.0999999999999996
615053,2.1
615273,5.099999999999997
615331,1.1
615552,4.099999999999999
615781,4.1000000000000005
615949,4.1
616137,4.099999999999999
616325,5.1
616573,3.0999999999999996
616771,4.1
616935,2.0999999999999996
617137,4.099999999999999
617273,3.099999999999999
617430,2.0999999999999996
617605,4.1
617967,3.099999999999999
618170,5.099999999999999
618367,4.1
618551,5.099999999999999
618761,4.099999999999999
618919,1.1000000000000003
619089,5.099999999999999
619283,4.1
619484,6.099999999999998
619662,4.099999999999999
619844,5.099999999999999
620024,4.099999999999999
620190,4.099999999999998
620384,4.099999999999999
620528,3.099999999999999
620865,3.099999999999999
621128,5.1000000000000005
621275,4.1
621518,5.1
621710,3.0999999999999996
621906,3.099999999999999
622058,5.1
622223,3.099999999999999
622452,4.1
622612,4.099999999999999
622788,4.1000000000000005
622965,4.099999999999999
623137,6.099999999999999
623314,2.099999999999999
623538,2.099999999999999
623710,2.0999999999999996
623909,4.1
624057,2.0999999999999996
624194,2.0999999999999996
624357,3.099999999999999
624532,4.099999999999999
624690,4.1
624825,3.0999999999999996
625028,4.099999999999999
625207,5.099999999999999
625426,4.099999999999999
625573,2.0999999999999996
625753,4.1000000000000005
625909,3.0999999999999996
626065,5.1
626250,4.099999999999999
626490,4.1
626651,6.1
626785,3.099999999999999
627053,4.1000000000000005
627206,6.099999999999998
627418,4.1
627598,3.099999999999999
627869,3.099999999999999
628085,3.099999999999999
628297,4.1
628507,4.1
628783,3.099999999999999
629020,4.099999999999999
629148,2.099999999999999
629212,2.0999999999999996
629384,3.099999999999999
629570,4.099999999999999
629714,4.1
629852,2.099999999999999
629900,1.1000000000000003
630065,4.099999999999999
630154,4.099999999999999
630309,3.0999999999999996
630522,4.1
630713,3.099999999999999
630935,5.1
631072,4.1000000000000005
631216,3.0999999999999996
631411,3.099999999999999
631786,4.1
631987,4.1
632217,3.099999999999999
632372,3.099999999999999
632571,5.099999999999999
632789,2.099999999999999
632955,5.099999999999999
633259,5.100000000000001
633413,3.099999999999999
633554,5.099999999999999
633692,5.099999999999999
633863,4.1
634027,4.099999999999999
634220,3.099999999999999
634516,4.1
634750,3.0999999999999996
634924,4.099999999999999
635098,4.099999999999999
635272,3.0999999999999996
635529,4.099999999999999
635696,2.099999999999999
635876,4.099999999999999
636083,4.099999999999999
636341,3.1
636577,3.099999999999999
636758,3.0999999999999996
636962,4.099999999999998
637191,3.099999999999999
637355,2.0999999999999996
637523,5.099999999999999
637709,3.099999999999999
637853,3.0999999999999996
637989,3.0999999999999996
638142,2.099999999999999
638320,5.099999999999999
638508,5.099999999999999
638642,3.0999999999999996
638816,3.099999999999999
638977,4.099999999999999
639201,6.099999999999999
639378,4.099999999999999
639578,4.099999999999998
639742,5.099999999999999
639907,4.099999999999999
640093,5.099999999999998
640267,4.1
640430,4.1
640565,3.0999999999999996
640757,5.099999999999999
640805,2.0999999999999996
640976,2.099999999999999
641208,5.1
641390,3.099999999999999
641549,4.099999999999999
641801,3.099999999999999
642047,4.1
642236,3.099999999999999
642421,4.099999999999999
642625,4.099999999999999
642816,3.099999999999999
643005,6.099999999999999
643190,3.099999999999999
643343,3.099999999999999
643487,3.0999999999999996
643664,4.099999999999999
643822,4.099999999999999
643974,4.1
644162,3.099999999999999
644365,3.0999999999999996
644400,2.099999999999999
644620,2.0999999999999996
644865,4.1000000000000005
645032,3.099999999999999
645193,3.0999999999999996
645342,3.0999999999999996
645561,1.1000000000000003
645715,3.099999999999999
645894,3.099999999999999
646006,5.099999999999999
646159,2.099999999999999
646337,4.1
646515,3.0999999999999996
646679,4.1
646875,5.1
647044,4.099999999999999
647265,5.099999999999999
647384,4.099999999999999
647584,4.1
647744,4.1
647912,3.0999999999999996
648080,4.1
648262,4.099999999999999
648485,5.099999999999999
648652,3.0999999999999996
648778,3.0999999999999996
648942,3.099999999999999
649071,4.099999999999999
649211,4.1
649397,3.0999999999999996
649549,4.1
649600,2.1000000000000005
649732,3.0999999999999996
649890,2.0999999999999996
650053,4.1
650317,3.099999999999999
650503,5.1
650698,5.099999999999999
650891,3.099999999999999
650937,3.0999999999999996
651086,6.099999999999999
651197,2.1
651418,5.099999999999999
651590,3.0999999999999996
651782,2.0999999999999996
651985,4.099999999999999
652224,4.1
652389,4.099999999999999
652555,5.1
652747,3.099999999999999
652964,5.1
653223,3.099999999999999
653420,7.099999999999998
653560,5.1000000000000005
653761,4.099999999999999
653947,4.1
654170,3.099999999999999
654382,4.099999999999998
654535,4.099999999999999
654799,4.099999999999999
654987,4.1
655164,4.1
655326,2.0999999999999996
655470,2.099999999999999
655725,5.099999999999997
655895,4.1
656068,3.0999999999999996
656219,3.0999999999999996
656424,2.0999999999999996
656487,3.099999999999999
656689,3.0999999999999996
656832,4.099999999999999
657052,4.099999999999999
657225,4.1000000000000005
657387,3.099999999999999
657545,4.1
657686,4.1
657870,2.099999999999999
658007,3.0999999999999996
658185,4.099999999999999
658360,4.1
658540,3.1
658680,3.0999999999999996
658872,2.099999999999999
658953,3.0999999999999996
659210,4.1000000000000005
659378,5.1
659667,4.1
659821,3.099999999999999
659997,3.1
660160,3.099999999999999
660338,3.099999999999999
660511,4.099999999999999
660672,2.1
660908,6.099999999999999
661045,4.1
661202,3.0999999999999996
661260,1.1000000000000003
661360,3.0999999999999996
661519,3.099999999999999
661948,7.100000000000001
662136,3.099999999999999
662380,5.1
662564,4.099999999999998
662743,3.099999999999999
662913,4.099999999999999
662948,3.1
663119,3.1
663314,5.099999999999997
663501,5.1
663705,4.099999999999998
663852,3.099999999999999
664000,4.099999999999999
664206,4.099999999999999
664382,4.099999999999999
664616,4.1
664796,4.099999999999999
664997,3.0999999999999996
665165,3.0999999999999996
665356,4.1000000000000005
665587,3.099999999999999
665736,2.0999999999999996
665902,4.1
666062,4.1
666196,3.0999999999999996
666396,3.0999999999999996
666434,2.0999999999999996
666576,4.099999999999999
666761,4.099999999999999
666959,6.099999999999998
667121,4.1
667265,5.1
667440,4.1
667582,3.0999999999999996
667816,6.099999999999999
668036,3.099999999999999
668198,4.099999999999999
668362,4.099999999999999
668550,4.099999999999999
668761,3.099999999999999
668928,5.1
669069,3.0999999999999996
669267,3.0999999999999996
669417,3.0999999999999996
669558,5.099999999999999
669728,3.099999999999999
669934,5.099999999999999
670143,4.099999999999999
670309,2.099999999999999
670455,3.0999999999999996
670644,4.099999999999999
670790,5.1
670999,3.0999999999999996
671283,5.1000000000000005
671419,3.0999999999999996
671574,4.099999999999999
671737,4.1
671899,3.099999999999999
672056,5.099999999999999
672222,5.099999999999999
672580,4.1000000000000005
672729,5.1
672800,3.099999999999999
673005,5.099999999999998
673258,6.1
673485,2.099999999999999
673662,2.0999999999999996
673834,4.099999999999999
674027,7.099999999999998
674210,5.099999999999998
674369,4.099999999999999
674526,3.099999999999999
674743,4.1
674963,4.099999999999999
675131,4.099999999999999
675369,6.099999999999998
675576,4.1
675783,5.099999999999999
676019,4.1
676190,4.099999999999998
676371,4.1
676746,5.100000000000003
676966,7.099999999999999
677156,3.099999999999999
677329,5.099999999999999
677525,5.099999999999999
677694,3.099999999999999
677901,4.099999999999999
678094,5.099999999999999
678310,4.099999999999999
678531,2.099999999999999
678715,5.099999999999999
678877,6.099999999999998
679081,6.099999999999999
679244,4.1
679408,4.099999999999999
679634,5.099999999999998
679807,3.099999999999999
679998,6.1
680214,4.1
680428,2.0999999999999996
680629,5.1000000000000005
680777,3.1
680941,4.099999999999999
681128,2.099999999999999
681279,5.1000000000000005
681444,4.099999999999999
681653,5.099999999999998
681835,4.1
682025,4.099999999999999
682197,5.1
682369,3.0999999999999996
682586,5.099999999999999
682718,4.1
682902,4.099999999999999
683096,5.099999999999999
683190,3.099999999999999
683347,5.099999999999999
683394,2.099999999999999
683569,4.1
683746,5.099999999999998
683963,5.1
684099,3.0999999999999996
684315,3.0999999999999996
684481,5.1
684655,4.1
684865,6.099999999999999
685044,4.099999999999999
685216,3.099999999999999
685397,4.099999999999999
685554,4.1
685793,4.099999999999998
685976,3.099999999999999
686121,6.1
686310,5.099999999999999
686472,3.0999999999999996
686705,5.1
686992,6.1
687072,3.099999999999999
687227,2.0999999999999996
687408,4.099999999999999
687527,3.099999999999999
687720,4.1
687915,3.099999999999999
688085,6.099999999999999
688287,4.1
688327,3.0999999999999996
688547,4.1
688784,5.1
689005,6.099999999999999
689252,4.099999999999999
689415,3.0999999999999996
689590,5.099999999999999
689798,4.099999999999999
689963,3.099999999999999
690184,4.099999999999999
690345,2.0999999999999996
690524,4.099999999999999
690698,1.1000000000000003
690925,7.099999999999998
691117,6.099999999999998
691309,3.0999999999999996
691465,5.1
691660,6.099999999999999
691881,6.1
692080,5.099999999999999
692238,4.1
692437,7.1
692605,4.1
692791,4.099999999999999
692959,3.0999999999999996
693133,5.099999999999998
693286,4.099999999999999
693541,6.1
693600,2.1
693768,5.099999999999999
693907,5.1
694055,4.099999999999999
694243,3.099999999999999
694401,4.099999999999999
694575,4.1
694735,4.099999999999999
694934,6.099999999999999
695122,3.099999999999999
695167,2.099999999999999
695407,4.099999999999999
695573,5.099999999999999
695738,4.099999999999998
695979,5.099999999999999
696121,2.0999999999999996
696319,5.099999999999999
696573,5.099999999999998
696763,4.099999999999999
696931,5.1
697122,4.099999999999999
697396,7.099999999999998
697615,4.099999999999999
697763,4.1
697934,5.099999999999999
698175,5.1
698198,1.1
698366,6.099999999999999
698551,5.099999999999999
698696,4.1
698854,4.099999999999999
699051,4.099999999999999
699267,4.099999999999999
699337,3.1
699507,4.099999999999999
699702,5.099999999999999
699907,5.099999999999999
700377,6.1000000000000005
700543,4.099999999999999
700735,6.099999999999999
700896,1.1000000000000003
701117,4.1
701372,5.1000000000000005
701520,4.1
701674,4.099999999999999
701900,4.1
702047,4.1
702273,5.099999999999999
702426,5.1
702607,4.1
702770,6.1
703004,2.099999999999999
703164,3.099999999999999
703414,6.1
703612,5.099999999999999
703799,6.099999999999999
703962,5.1
704125,5.1
704344,5.1
704571,6.099999999999998
704763,5.099999999999999
704970,6.099999999999999
705144,3.099999999999999
705355,5.099999999999999
705523,2.0999999999999996
705741,4.099999999999999
705918,4.099999999999999
705964,2.099999999999999
706157,3.0999999999999996
706321,4.099999999999999
706520,5.1
706699,4.099999999999999
706926,6.099999999999999
707080,4.099999999999999
707302,5.099999999999999
707477,5.099999999999999
707698,6.1
707878,5.099999999999999
708164,5.1
708492,5.100000000000001
708650,3.0999999999999996
708873,5.099999999999997
709033,5.099999999999998
709247,5.099999999999999
709526,5.1000000000000005
709698,6.099999999999999
709945,5.099999999999999
710080,4.1
710227,6.099999999999999
710408,4.099999999999999
710654,4.099999999999998
710885,5.099999999999999
711026,3.0999999999999996
711185,3.099999999999999
711337,2.099999999999999
711508,5.099999999999998
711693,5.099999999999999
711863,4.099999999999999
712021,3.099999999999999
712164,3.0999999999999996
712390,4.1
712556,3.099999999999999
712716,4.1
712854,4.099999999999998
713018,3.099999999999999
713260,5.1000000000000005
713391,4.1
713561,4.099999999999999
713753,4.099999999999999
713957,5.1
714113,4.1
714267,4.1
714425,7.099999999999998
714594,6.099999999999999
714701,5.1
714908,3.099999999999999
715075,5.1
715306,5.099999999999999
715494,5.099999999999998
715692,5.1
715858,5.099999999999999
716072,4.099999999999999
716271,6.1
716555,6.1
716830,4.1
717062,5.099999999999998
717246,6.099999999999999
717473,5.099999999999997
717656,5.099999999999999
717815,4.1
718080,4.1000000000000005
718257,2.099999999999999
718442,5.099999999999999
718658,4.1
718854,5.099999999999999
719063,5.099999999999999
719556,7.1
719759,3.099999999999999
719954,5.099999999999999
720158,4.099999999999999
720355,5.099999999999999
720519,5.099999999999999
720714,4.1
721020,4.1
721196,5.099999999999999
721377,5.099999999999999
721548,7.099999999999998
721721,5.1
721931,5.099999999999999
722113,5.1
722339,4.1
722552,4.099999999999999
722756,5.099999999999999
722907,5.099999999999999
723115,5.099999999999999
723260,3.099999999999999
723428,4.099999999999999
723785,5.100000000000003
723982,5.099999999999998
724135,4.099999999999999
724321,4.1000000000000005
724532,6.099999999999999
724844,7.1
724991,4.1
725329,4.100000000000002
725594,6.1000000000000005
725751,4.099999999999998
726007,5.1
726206,5.1
726358,3.099999999999999
726508,4.099999999999999
726681,4.099999999999999
726719,2.0999999999999996
726897,5.099999999999999
727248,4.100000000000003
727514,7.1
727724,4.099999999999999
727894,5.099999999999999
728106,4.099999999999999
728260,4.1
728484,7.099999999999999
728642,3.099999999999999
728861,6.099999999999997
729079,4.099999999999999
729270,5.099999999999999
729438,4.099999999999999
729633,6.099999999999998
729837,3.099999999999999
729999,5.099999999999999
730199,4.099999999999999
730421,5.099999999999999
730477,4.1
730683,5.099999999999998
730834,4.099999999999998
730988,3.099999999999999
731329,4.100000000000002
731528,5.1
731762,6.099999999999999
731967,4.099999999999999
732125,3.099999999999999
732306,4.099999999999999
732505,6.099999999999999
732694,5.099999999999999
732956,4.1
733238,4.1000000000000005
733499,4.100000000000001
733751,6.099999999999999
733931,6.099999999999999
734107,4.099999999999998
734305,3.099999999999999
734497,5.099999999999999
734670,4.099999999999999
734803,3.0999999999999996
735017,4.1
735330,6.099999999999998
735507,6.099999999999999
735694,4.099999999999999
735941,5.099999999999999
736148,3.099999999999999
736437,4.1
736638,3.099999999999999
736842,5.1
737104,5.1000000000000005
737304,6.099999999999999
737477,4.099999999999999
737673,3.099999999999999
737880,4.099999999999999
738088,4.1
738255,3.099999999999999
738435,4.099999999999999
738610,4.099999999999999
738828,4.1
739117,4.1
739263,4.099999999999999
739476,5.099999999999999
739661,4.099999999999999
739820,6.099999999999999
740026,4.099999999999999
740276,5.099999999999999
740456,6.099999999999999
740759,5.1
740999,5.1
741098,2.099999999999999
741436,5.100000000000001
741617,4.099999999999998
741830,5.1
742008,3.099999999999999
742188,5.099999999999999
742398,5.099999999999999
742667,4.1
742943,4.099999999999999
743139,5.099999999999997
743223,4.1000000000000005
743387,5.099999999999999
743523,4.1
743577,4.1
743741,5.099999999999999
743797,2.0999999999999996
743995,4.099999999999999
744175,3.099999999999999
744356,5.1
744578,5.1
744740,4.1
744915,5.099999999999999
745122,5.1
745337,4.1
745562,6.099999999999998
745775,4.1
745911,4.099999999999999
746169,5.1
746261,3.1
746441,4.1
746651,4.099999999999999
746850,4.099999999999999
747043,4.099999999999999
747381,5.100000000000002
747639,5.1
747859,4.1
748048,4.099999999999999
748278,4.1
748513,6.099999999999998
748695,3.099999999999999
748923,4.1000000000000005
749121,5.099999999999999
749327,3.099999999999999
749489,4.1
749695,4.1
749842,5.1
749999,2.099999999999999
750219,5.099999999999999
750412,5.099999999999999
750610,3.099999999999999
750798,4.099999999999999
750966,4.1
751160,4.099999999999999
751355,3.099999999999999
751658,4.100000000000002
751918,5.1000000000000005
752055,4.1
752234,3.099999999999999
752409,4.1
752607,4.099999999999999
752817,4.099999999999999
753179,5.100000000000003
753346,4.099999999999999
753550,4.1
753815,5.1000000000000005
754010,4.1
754188,3.099999999999999
754456,4.1000000000000005
754596,4.099999999999999
754789,3.0999999999999996
754984,4.099999999999999
755128,4.099999999999999
755326,4.1
755533,6.099999999999999
755740,4.099999999999999
755908,5.1
756098,4.099999999999999
756230,4.099999999999999
756415,7.1
756624,6.1
756865,7.099999999999998
757235,7.100000000000001
757478,5.1000000000000005
757699,5.099999999999999
757850,3.099999999999999
758037,4.1
758247,4.099999999999999
758438,6.099999999999999
758653,4.1
758957,7.1
759147,5.099999999999999
759463,6.100000000000002
759673,5.1
759904,3.099999999999999
760057,6.099999999999999
760335,5.1
760559,5.099999999999999
760730,7.099999999999999
760972,5.099999999999998
761157,7.099999999999999
761340,6.099999999999999
761539,6.099999999999999
761694,5.1
761894,5.1
762117,4.1
762277,4.099999999999999
762427,5.099999999999999
762663,5.099999999999998
762859,6.099999999999999
763032,4.099999999999999
763197,4.1
763367,4.1
763579,6.099999999999998
763761,5.099999999999999
763954,5.099999999999999
764104,5.099999999999999
764287,6.099999999999999
764437,4.099999999999999
764739,5.1
764984,4.1
765164,5.099999999999999
765346,5.099999999999999
765556,5.1
765766,3.099999999999999
765944,3.0999999999999996
766130,6.1
766354,5.1
766525,7.1
766697,3.099999999999999
766901,5.1
767111,3.099999999999999
767287,6.1
767479,4.099999999999998
767649,6.1
767868,6.099999999999999
767985,5.099999999999999
768139,3.099999999999999
768376,7.099999999999998
768543,3.099999999999999
768745,3.099999999999999
768944,6.099999999999998
769163,4.1
769308,4.099999999999999
769473,4.099999999999999
769647,5.099999999999999
769698,0.09999999999999992
769886,4.099999999999999
770101,4.1
770377,7.1
770556,5.099999999999999
770776,5.099999999999999
770974,2.099999999999999
771234,5.1000000000000005
771418,5.099999999999998
771614,4.099999999999999
771836,3.099999999999999
772066,6.1
772256,4.099999999999999
772448,3.099999999999999
772641,4.099999999999999
772806,3.099999999999999
773005,5.099999999999999
773203,4.099999999999999
773481,5.099999999999999
773690,4.099999999999997
773930,5.1000000000000005
774151,4.099999999999997
774378,5.099999999999999
774539,6.099999999999999
774692,5.099999999999999
774850,4.099999999999999
775090,3.099999999999999
775344,3.0999999999999996
775589,5.099999999999999
775797,5.1
776070,6.099999999999998
776289,5.099999999999999
776580,5.100000000000001
776912,5.1000000000000005
777157,6.099999999999999
777387,4.1
777461,2.099999999999999
777703,6.099999999999999
777906,3.099999999999999
778111,5.099999999999999
778343,5.099999999999999
778612,6.1
778890,5.1000000000000005
779073,3.099999999999999
779350,5.099999999999999
779571,7.099999999999999
779768,4.099999999999999
779952,5.099999999999999
780123,6.099999999999999
780360,6.099999999999999
780541,6.099999999999999
780799,4.099999999999997
781021,3.099999999999999
781314,4.100000000000001
781530,2.099999999999999
781909,7.099999999999998
782100,6.099999999999999
782277,5.099999999999998
782503,5.1
782671,4.099999999999998
782851,6.099999999999999
783033,5.1
783181,4.099999999999999
783399,4.1
783560,4.099999999999999
783785,6.099999999999999
783999,6.099999999999999
784368,7.1000000000000005
784599,5.099999999999999
784864,5.099999999999998
785056,5.099999999999997
785294,5.099999999999999
785490,6.099999999999999
785654,5.1
785856,5.099999999999999
786024,6.099999999999999
786351,5.1
786540,5.099999999999999
786703,6.099999999999999
786891,4.1
786944,2.0999999999999996
787107,2.1
787293,4.099999999999999
787482,5.099999999999998
787644,5.099999999999999
787884,6.099999999999998
788052,3.099999999999999
788278,5.1
788566,6.099999999999999
788772,6.099999999999999
788978,5.099999999999998
789023,3.099999999999999
789221,5.099999999999999
789482,5.1000000000000005
789668,5.099999999999999
789848,5.099999999999999
790077,6.099999999999999
790266,5.1
790458,6.099999999999999
790644,5.099999999999999
790820,7.099999999999997
791000,5.099999999999999
791185,4.099999999999999
791410,6.099999999999999
791618,5.099999999999998
791782,4.099999999999999
791972,5.099999999999999
792163,4.1
792352,4.099999999999999
792703,4.1000000000000005
792952,4.099999999999999
793111,5.099999999999999
793282,5.099999999999999
793501,6.099999999999997
793702,6.099999999999999
793908,5.099999999999999
794117,6.099999999999999
794304,6.099999999999999
794491,4.099999999999999
794674,5.099999999999999
794871,3.0999999999999996
795058,3.099999999999999
795286,6.099999999999999
795588,6.1
795803,6.099999999999999
795999,6.099999999999999
796206,5.1
796450,6.099999999999999
796662,3.099999999999999
796872,6.099999999999999
797050,6.099999999999999
797107,4.099999999999999
797174,3.099999999999999
797360,6.099999999999998
797588,7.1
797753,4.1
797965,4.099999999999998
798175,4.099999999999999
798323,3.099999999999999
798479,5.1
798701,4.099999999999999
798911,5.099999999999999
799128,5.099999999999999
799333,4.1
799562,5.099999999999999
799735,5.099999999999999
799973,7.099999999999999
800203,5.099999999999998
800376,6.099999999999999
800582,6.1
800772,5.099999999999999
800967,5.1
801172,5.1
801325,4.1
801727,4.100000000000003
801880,6.1
802037,3.0999999999999996
802267,6.1000000000000005
802605,5.100000000000002
802776,3.099999999999999
802987,5.099999999999997
803199,4.1
803398,7.099999999999998
803606,7.099999999999999
803829,1.1000000000000008
804039,5.099999999999999
804230,6.1
804409,6.099999999999999
804579,4.099999999999998
804789,5.1
804963,6.1
805156,4.1
805389,4.1
805574,4.099999999999999
805826,5.099999999999999
806004,3.099999999999999
806206,5.099999999999998
806475,4.1
806638,6.099999999999999
806819,5.099999999999999
807027,5.1
807243,6.1
807402,4.099999999999999
807634,6.099999999999999
807844,4.1
808039,4.099999999999997
808257,4.099999999999998
808457,5.1
808633,3.099999999999999
808863,5.099999999999999
809056,5.099999999999999
809254,6.099999999999999
809462,6.099999999999999
809621,4.099999999999999
809819,3.0999999999999996
810066,5.099999999999999
810273,4.099999999999997
810446,4.099999999999999
810800,5.1000000000000005
810996,5.099999999999999
811232,6.1000000000000005
811413,6.1
811631,4.099999999999999
811804,5.1
811957,3.099999999999999
812141,6.099999999999998
812344,6.099999999999999
812530,6.099999999999999
812714,5.1
812919,5.1
813109,4.1
813297,5.099999999999999
813484,3.099999999999999
813685,3.099999999999999
813867,3.0999999999999996
814022,6.099999999999999
814198,2.099999999999999
814446,5.1
814626,4.1
814849,6.099999999999999
815134,7.099999999999999
815363,5.099999999999999
815562,5.1
815787,4.099999999999999
815981,5.1
816162,5.1
816332,4.099999999999999
816589,4.1
816735,3.0999999999999996
816931,4.099999999999999
817138,5.099999999999999
817373,5.099999999999999
817433,3.0999999999999996
817604,7.099999999999998
817647,2.0999999999999996
817821,4.099999999999999
818239,7.099999999999999
818461,4.1
818673,6.099999999999999
818877,5.099999999999998
819095,6.099999999999999
819302,4.1
819532,5.1
819779,6.1
819961,5.1
820267,5.100000000000001
820460,6.1
820679,6.099999999999997
821055,6.1000000000000005
821271,5.099999999999998
821495,6.099999999999998
821639,3.0999999999999996
821827,4.099999999999999
822054,6.099999999999999
822235,6.099999999999999
822422,6.099999999999999
822674,5.1
822890,6.099999999999999
823069,6.099999999999999
823257,6.099999999999999
823463,4.099999999999999
823668,5.099999999999999
823851,4.099999999999999
824069,6.1
824231,3.099999999999999
824450,5.099999999999999
824597,4.099999999999999
824791,6.099999999999999
824972,5.099999999999998
825168,4.099999999999999
825369,5.099999999999998
825546,6.099999999999999
825740,7.099999999999999
825908,5.099999999999999
826075,5.099999999999999
826258,5.099999999999999
826476,5.099999999999999
826643,6.099999999999999
826823,5.099999999999999
827045,5.099999999999999
827282,7.099999999999998
827493,5.099999999999998
827667,6.099999999999999
827862,4.099999999999999
828074,3.099999999999999
828279,6.099999999999998
828556,7.099999999999997
828835,6.1000000000000005
828999,4.099999999999999
829177,2.099999999999999
829342,5.099999999999999
829517,5.099999999999999
829691,7.1
829873,6.099999999999999
830038,6.099999999999999
830280,3.099999999999999
830477,5.099999999999998
830659,5.1
830844,5.099999999999998
831048,6.099999999999998
831288,5.1
831530,6.1
831707,2.099999999999999
831899,6.099999999999997
832058,5.099999999999999
832261,7.1
832505,6.099999999999999
832590,3.099999999999999
832849,7.099999999999998
833042,4.099999999999998
833275,7.1
833465,5.099999999999999
833679,5.1
833871,5.099999999999999
834066,5.099999999999999
834274,7.099999999999998
834567,5.099999999999998
834685,4.1000000000000005
834854,5.099999999999999
835060,6.099999999999999
835242,6.099999999999998
835539,5.100000000000001
835728,6.099999999999999
835922,7.099999999999999
836102,5.099999999999999
836270,4.099999999999999
836548,6.099999999999998
836724,5.1
836967,5.099999999999999
837112,3.099999999999999
837304,6.099999999999999
837527,5.099999999999999
837695,6.099999999999998
837951,4.1
838181,6.1
838379,7.099999999999999
838622,6.099999999999998
838810,4.1
838997,7.099999999999999
839052,2.1
839268,7.1
839445,5.099999999999999
839614,6.099999999999999
839825,5.099999999999999
839984,6.099999999999999
840183,6.099999999999999
840375,4.099999999999999
840623,7.099999999999998
840817,5.099999999999999
841025,5.1
841218,5.099999999999999
841408,5.099999999999999
841562,7.099999999999999
841731,5.099999999999999
841934,5.099999999999999
842165,6.1
842370,6.099999999999999
842558,4.099999999999999
842806,5.099999999999999
843016,5.099999999999999
843174,5.1
843352,5.099999999999999
843528,5.099999999999999
843802,5.1000000000000005
843925,4.099999999999999
844182,6.099999999999998
844365,5.1
844582,4.099999999999999
844848,7.099999999999999
845116,7.099999999999999
845297,5.099999999999999
845541,6.1
845712,5.099999999999999
845893,6.099999999999999
845936,3.0999999999999996
846106,5.099999999999999
846321,4.1
846513,5.1
846815,6.1
847040,5.1
847216,5.099999999999999
847401,6.099999999999999
847560,6.099999999999999
847724,7.1
847972,6.099999999999999
848167,6.099999999999999
848386,6.099999999999999
848583,6.099999999999999
848788,6.099999999999999
848962,6.099999999999999
849213,5.1000000000000005
849369,6.099999999999999
849536,5.1
849726,6.099999999999999
849899,5.099999999999999
850135,6.099999999999998
850337,6.1
850570,5.1
850792,4.1
850969,4.099999999999999
851164,5.099999999999999
851360,5.099999999999999
851550,6.099999999999998
851730,6.099999999999999
851975,6.099999999999998
852143,6.099999999999999
852183,2.0999999999999996
852412,7.099999999999999
852709,6.1000000000000005
852916,6.1
853147,7.1
853300,4.099999999999999
853494,5.099999999999999
853725,6.099999999999999
853972,4.1
854166,7.099999999999999
854358,6.099999999999999
854664,6.100000000000001
854861,6.1
855068,6.099999999999998
855269,5.1
855451,7.099999999999999
855761,5.100000000000001
855980,5.099999999999999
856380,5.100000000000003
856566,6.099999999999999
856692,4.1
856905,6.1
857065,4.1
857155,2.1
857400,4.1000000000000005
857459,2.099999999999999
857658,5.1
857837,6.099999999999999
858027,5.099999999999999
858268,5.1
858470,6.099999999999999
858657,3.099999999999999
858822,4.099999999999999
859003,3.099999999999999
859178,4.099999999999999
859426,5.1
859705,6.1
859872,6.099999999999999
860047,5.099999999999999
860268,6.099999999999998
860445,5.1
860592,4.099999999999998
860754,4.1
860934,4.099999999999999
861153,6.1
861379,6.1
861597,5.099999999999999
861866,4.1
862060,5.099999999999998
862294,7.099999999999999
862446,5.099999999999999
862646,4.1
862866,5.099999999999999
862988,4.099999999999999
863179,4.1
863397,3.099999999999999
863584,7.099999999999998
863777,4.099999999999999
864001,7.099999999999999
864211,3.099999999999999
864377,4.099999999999999
864521,6.1
864726,4.1
864914,6.099999999999999
865073,4.099999999999999
865252,5.099999999999999
865599,6.100000000000001
865793,4.1
865988,5.099999999999999
866186,6.099999999999999
866369,7.099999999999999
866591,6.099999999999998
866771,5.099999999999999
867100,6.100000000000002
867332,5.1
867549,6.1
867900,5.1000000000000005
868083,3.099999999999999
868248,6.1
868452,7.099999999999999
868610,5.1
868836,2.0999999999999996
869032,5.099999999999999
869276,7.099999999999998
869451,5.099999999999999
869630,8.1
869826,4.099999999999999
870034,6.099999999999999
870305,2.099999999999999
870518,5.099999999999999
870671,4.1
870842,5.1
871021,6.099999999999999
871279,5.1000000000000005
871496,6.099999999999999
871658,4.099999999999999
871848,6.099999999999998
872054,4.1
872258,4.099999999999997
872420,4.1
872638,7.099999999999998
872837,7.099999999999999
873139,6.1
873328,4.099999999999998
873555,6.099999999999998
873743,5.099999999999999
873954,5.099999999999998
874211,7.099999999999999
874431,5.099999999999999
874624,6.099999999999999
874797,4.099999999999999
874971,7.099999999999999
875153,5.099999999999999
875314,6.099999999999999
875524,4.1
875703,5.099999999999999
875896,6.099999999999999
876034,5.1
876235,5.1
876453,5.1
876707,7.099999999999997
876891,5.099999999999999
877096,4.099999999999999
877329,4.099999999999998
877487,5.099999999999999
877651,6.099999999999999
877834,5.099999999999999
878064,6.1
878311,5.099999999999998
878543,6.099999999999998
878723,6.099999999999997
878945,6.1
879139,5.1
879350,6.099999999999998
879567,4.1
879733,4.1
879894,4.099999999999999
880059,3.0999999999999996
880310,6.1
880498,5.1000000000000005
880836,4.100000000000003
881017,6.1
881314,7.1000000000000005
881516,6.099999999999998
881694,5.099999999999999
881885,6.099999999999996
882072,7.099999999999999
882207,5.099999999999999
882410,6.1
882598,7.1
882779,5.099999999999999
882998,5.099999999999999
883203,4.1
883477,5.100000000000001
883683,6.099999999999999
883876,6.1
884041,4.099999999999999
884290,4.1000000000000005
884498,7.099999999999999
884668,5.099999999999999
884849,6.099999999999999
885055,4.099999999999999
885279,5.099999999999998
885528,5.099999999999998
885773,5.1
885950,4.1
886111,3.099999999999999
886315,5.1
886542,3.099999999999999
886730,6.1
886993,5.099999999999999
887190,5.099999999999997
887371,4.099999999999999
887583,2.099999999999999
887761,6.099999999999999
887960,6.099999999999997
888304,5.1000000000000005
888503,5.099999999999999
888778,6.099999999999999
889020,6.099999999999999
889258,5.099999999999996
889425,5.099999999999999
889640,5.099999999999999
889843,8.1
890016,6.099999999999999
890189,4.099999999999999
890527,6.100000000000001
890683,5.099999999999998
890883,6.099999999999999
891173,4.1000000000000005
891241,3.099999999999999
891486,6.099999999999999
891680,4.1
891862,5.099999999999999
892117,6.1000000000000005
892326,6.099999999999999
892586,7.099999999999997
892743,6.1
892931,5.1
893140,5.1
893357,5.099999999999998
893576,6.099999999999997
893866,5.1
894030,6.1
894220,6.1
894595,6.100000000000002
894809,3.0999999999999996
894954,5.1
895161,7.099999999999999
895316,4.099999999999998
895477,6.099999999999999
895686,5.099999999999999
895885,7.099999999999999
896105,4.099999999999999
896274,6.099999999999999
896453,6.099999999999999
896641,5.099999999999999
896850,6.099999999999999
897030,6.1
897192,6.099999999999998
897393,6.099999999999999
897907,6.100000000000002
898171,6.099999999999999
898338,3.0999999999999996
898517,6.099999999999999
898695,7.099999999999999
898829,4.099999999999999
898988,6.099999999999999
899189,5.1
899376,6.099999999999999
899535,7.099999999999999
899918,5.100000000000002
900151,6.099999999999999
900330,5.099999999999999
900557,6.099999999999998
900721,5.099999999999998
900955,6.099999999999999
901132,4.099999999999999
901341,6.1
901636,5.100000000000001
901846,7.099999999999999
902029,5.1
902219,5.099999999999999
902421,7.099999999999999
902625,4.1
902857,7.099999999999998
903019,5.1
903368,5.1
903806,5.100000000000003
904036,3.099999999999999
904242,5.099999999999999
904495,5.099999999999998
904702,6.099999999999999
904888,6.099999999999998
905155,7.099999999999999
905340,5.099999999999999
905554,6.099999999999999
905708,6.1
905933,6.1
906197,7.099999999999998
906360,5.099999999999999
906552,6.1
906748,6.099999999999999
906978,6.1
907138,6.1
907318,5.099999999999999
907488,7.1
907709,8.1
907874,6.099999999999999
908149,6.099999999999999
908332,5.099999999999999
908578,6.099999999999999
908761,6.099999999999998
908956,6.099999999999999
909147,7.099999999999998
909328,6.099999999999999
909506,4.099999999999999
909641,1.1000000000000005
909821,6.099999999999999
910128,7.099999999999998
910336,6.099999999999999
910641,6.1
911151,8.1
911337,5.1
911499,6.1
911714,6.1
911909,4.099999999999999
912181,7.099999999999998
912398,7.099999999999998
912592,5.099999999999999
912844,8.100000000000001
913071,6.099999999999999
913296,5.099999999999999
913448,6.099999999999999
913653,4.1
913907,5.1000000000000005
914068,4.1
914306,5.1
914585,6.099999999999999
914787,4.1
914966,5.099999999999999
915322,7.100000000000002
915475,4.099999999999999
915645,6.099999999999998
916199,7.1000000000000005
916344,5.099999999999999
916614,7.099999999999997
916851,6.1
917019,5.1
917186,7.1
917420,4.1
917616,5.099999999999999
917826,6.099999999999999
918005,5.099999999999999
918216,6.099999999999998
918437,5.099999999999999
918613,4.1
918835,5.099999999999999
919024,5.099999999999999
919176,6.099999999999999
919229,4.099999999999999
919507,6.1000000000000005
919683,6.099999999999999
919873,7.1
920053,5.099999999999999
920268,6.099999999999999
920458,6.099999999999999
920665,7.1
920709,3.0999999999999996
920909,6.099999999999999
921097,6.099999999999999
921203,5.099999999999999
921331,4.099999999999999
921619,7.1000000000000005
921796,4.099999999999999
921975,6.099999999999997
922186,5.1
922402,6.099999999999998
922585,5.1
922905,6.1
923162,5.099999999999999
923356,7.1
923552,7.099999999999999
923712,6.099999999999999
923976,7.099999999999999
924114,6.099999999999999
924391,6.1
924668,6.1000000000000005
924832,5.099999999999999
925010,6.099999999999999
925229,6.099999999999999
925424,6.099999999999999
925735,7.099999999999998
925928,7.099999999999998
926078,5.099999999999998
926259,5.1
926769,6.100000000000003
926995,4.099999999999999
927187,3.099999999999999
927347,6.099999999999999
927551,6.099999999999999
927718,6.1
927893,5.099999999999998
928086,5.099999999999999
928375,5.1000000000000005
928545,6.099999999999997
928757,6.099999999999999
928948,6.099999999999997
929245,6.100000000000001
929481,7.099999999999998
929727,6.099999999999998
929925,7.099999999999999
930110,6.099999999999998
930263,4.099999999999999
930488,6.099999999999999
930688,5.099999999999999
930871,5.1
931040,6.099999999999999
931340,6.099999999999999
931529,5.099999999999999
931689,6.1
931899,6.099999999999999
931998,5.099999999999999
932192,6.099999999999999
932407,5.099999999999997
932589,5.099999999999999
932747,6.099999999999999
932910,5.099999999999999
933131,7.1
933360,6.099999999999999
933604,6.1
933828,6.099999999999999
933998,4.099999999999999
934248,7.099999999999998
934592,6.1000000000000005
934777,7.1
934963,6.099999999999999
935116,5.099999999999998
935322,5.099999999999999
935593,7.099999999999998
935755,1.1000000000000008
935878,4.099999999999999
936011,5.1
936197,6.099999999999999
936372,5.099999999999999
936716,6.1000000000000005
936890,6.099999999999999
937114,6.099999999999999
937436,5.1
937794,6.100000000000001
938198,7.099999999999998
938426,5.1
938589,6.1
938767,4.1
938965,5.099999999999999
939155,5.099999999999999
939330,5.099999999999999
939499,5.099999999999999
939662,6.099999999999997
939866,5.099999999999999
940014,4.099999999999998
940200,5.099999999999999
940373,6.099999999999999
940515,4.1
940730,5.099999999999999
941053,6.099999999999999
941250,2.099999999999999
941423,6.099999999999999
941610,6.099999999999999
941813,6.099999999999999
941972,5.1
942162,6.099999999999997
942371,6.099999999999999
942527,5.099999999999999
942737,5.1
942932,6.099999999999998
942970,3.0999999999999996
943170,6.099999999999999
943363,6.099999999999999
943560,4.099999999999999
943741,6.099999999999999
943930,4.099999999999999
944118,3.099999999999999
944280,5.099999999999999
944469,6.099999999999999
944698,6.099999999999999
944884,6.099999999999999
945042,5.1
945287,4.1
945561,6.099999999999999
945860,6.099999999999997
946070,6.099999999999999
946260,7.099999999999998
946508,6.099999999999998
946770,7.1
946973,6.099999999999999
947168,6.1
947389,7.099999999999999
947585,6.099999999999999
947769,4.1
947922,6.099999999999999
948113,7.099999999999999
948161,4.1
948381,3.099999999999999
948560,6.099999999999998
948755,5.099999999999999
948969,4.099999999999999
949170,8.1
949397,6.099999999999998
949432,3.0999999999999996
949638,4.1
949828,6.099999999999999
950047,6.099999999999999
950235,3.099999999999999
950525,6.100000000000001
950707,6.1
950898,7.1
951136,4.099999999999998
951412,6.1000000000000005
951613,3.099999999999999
951824,5.1
952033,7.099999999999998
952260,7.099999999999998
952436,6.1
952669,6.1
952970,7.1
953204,5.1
953460,4.099999999999999
953731,8.1
953907,5.099999999999998
954112,5.1
954347,6.099999999999999
954573,5.1
954835,5.1000000000000005
955008,5.1
955189,6.099999999999999
955451,6.099999999999999
955674,7.099999999999999
955851,5.099999999999999
956287,4.099999999999996
956523,7.099999999999999
956625,5.1
956765,5.099999999999999
956788,3.1
957085,6.1000000000000005
957318,7.099999999999998
957587,7.099999999999998
957816,5.1
958123,6.1000000000000005
958357,6.1
958545,5.099999999999997
958691,5.099999999999999
958925,6.099999999999999
959134,6.099999999999999
959306,6.099999999999999
959500,7.1
959703,6.099999999999998
959957,5.099999999999998
960176,6.099999999999998
960326,6.099999999999999
960581,7.099999999999999
960881,6.099999999999999
961159,7.099999999999997
961343,8.1
961508,5.099999999999999
961712,6.099999999999999
961818,3.099999999999999
961997,5.1
962246,3.0999999999999996
962468,5.099999999999999
962653,7.099999999999998
962833,5.099999999999999
963066,7.099999999999999
963313,5.1
963447,6.1
963618,5.1
963814,6.1
964120,5.1000000000000005
964384,6.1000000000000005
964614,6.099999999999998
964806,4.1
964979,4.099999999999999
965136,6.099999999999999
965395,6.099999999999998
965505,5.099999999999999
965727,7.099999999999999
965946,5.099999999999998
966119,6.099999999999999
966343,5.099999999999998
966585,7.1
966796,4.099999999999999
967045,7.099999999999996
967214,5.099999999999999
967393,6.1
967612,6.099999999999998
967816,6.099999999999999
968030,7.099999999999999
968223,7.099999999999997
968481,6.1000000000000005
968680,7.099999999999999
968911,6.099999999999999
969144,6.099999999999999
969361,6.099999999999999
969670,7.1
969815,5.1
970010,6.099999999999999
970414,6.099999999999999
970639,6.099999999999998
970855,7.099999999999999
971069,6.099999999999998
971346,6.1
971530,6.099999999999999
971608,4.1
971842,7.099999999999999
972149,6.099999999999997
972313,5.1
972577,6.1000000000000005
972783,7.099999999999998
972996,7.099999999999999
973256,5.1000000000000005
973421,5.099999999999999
973671,7.099999999999999
973797,5.099999999999998
974032,5.1
974189,5.099999999999999
974420,6.099999999999998
974626,5.1
974674,2.1000000000000005
974861,6.099999999999998
975022,5.099999999999999
975212,5.099999999999999
975421,6.099999999999999
975609,5.099999999999999
975817,7.1
976051,6.1
976287,7.099999999999998
976543,6.1
976755,7.099999999999998
977185,6.100000000000003
977356,6.1
977524,6.099999999999998
977560,-0.9
977723,6.1
977975,5.099999999999999
978218,5.1
978446,5.1
978653,6.099999999999998
978865,8.100000000000001
979088,5.099999999999998
979271,5.099999999999998
979492,6.099999999999999
979792,8.1
979974,7.099999999999999
980265,4.1000000000000005
980523,5.099999999999999
980822,6.1
981016,5.1
981221,5.099999999999998
981421,6.099999999999999
981622,7.099999999999999
981807,6.099999999999998
981863,4.1
982105,6.099999999999999
982286,7.099999999999998
982622,7.1
982803,5.1
983002,6.099999999999998
983140,4.099999999999998
983315,7.099999999999999
983573,6.1000000000000005
983785,7.099999999999999
983986,6.099999999999999
984143,5.099999999999999
984378,7.099999999999998
984552,5.099999999999999
984844,5.1000000000000005
985064,7.099999999999998
985114,2.0999999999999996
985701,6.100000000000002
985891,6.099999999999999
986100,6.099999999999999
986381,4.100000000000001
986629,6.1
986879,6.099999999999999
986921,3.0999999999999996
987166,6.099999999999997
987394,5.099999999999999
987586,6.1
987816,6.1
988035,6.099999999999998
988273,6.1
988515,6.1
988713,6.099999999999997
988959,6.099999999999998
989460,7.099999999999997
989721,7.099999999999998
989901,6.099999999999999
989959,5.1
990129,7.1
990403,6.099999999999999
990598,6.099999999999998
990765,4.099999999999999
990992,6.099999999999998
991239,5.1
991446,6.099999999999999
991678,6.1
991905,5.1
992085,6.099999999999998
992249,6.099999999999999
992513,5.1000000000000005
992719,6.1
992860,7.1
993081,6.099999999999998
993289,5.099999999999999
993723,6.100000000000002
993929,7.099999999999998
994130,4.099999999999999
994350,7.099999999999998
994527,4.099999999999999
994770,6.1
995005,5.099999999999999
995193,7.099999999999999
995621,5.099999999999999
995814,5.099999999999998
996021,6.099999999999999
996225,6.099999999999998
996308,2.0999999999999996
996605,6.1
996782,6.099999999999999
996899,4.099999999999999
997147,8.1
997317,6.099999999999999
997454,7.1
997703,5.099999999999999
997746,3.099999999999999
997882,7.099999999999999
998054,7.1
998246,7.099999999999998
998418,7.099999999999999
998678,6.100000000000001
998873,5.1
999119,5.099999999999999
999304,6.099999999999999
999343,5.1
999571,5.1
999767,6.1
999926,5.099999999999999
1000138,5.099999999999999
1000342,5.099999999999999
1000557,6.099999999999999
1000751,5.099999999999999
1000960,7.099999999999999
1001183,5.099999999999998
1001391,6.099999999999999
1001560,4.099999999999999
1001772,5.099999999999999
1001972,4.099999999999999
1002162,5.099999999999999
1002361,6.099999999999998
1002585,6.099999999999999
1002789,5.1000000000000005
1002929,6.1
1003155,4.099999999999998
1003315,6.099999999999999
1003550,7.099999999999999
1003592,3.0999999999999996
1003625,3.0999999999999996
1003849,6.1
1004044,5.099999999999999
1004289,6.1000000000000005
1004655,5.100000000000002
1004835,7.099999999999999
1005032,6.1
1005272,6.099999999999998
1005465,6.099999999999999
1005660,7.1
1005887,5.099999999999999
1006022,3.0999999999999996
1006219,6.099999999999999
1006480,5.1
1006698,7.099999999999999
1006844,5.1
1007100,6.099999999999999
1007267,5.099999999999999
1007492,7.099999999999998
1007699,6.099999999999999
1007884,4.1
1008111,7.099999999999998
1008342,7.099999999999998
1008669,7.099999999999999
1008877,6.099999999999998
1009267,7.099999999999998
1009507,7.1
1009720,6.099999999999998
1009920,6.099999999999998
1010146,6.099999999999999
1010287,4.1
1010449,7.099999999999999
1010602,5.1
1010862,7.099999999999999
1011163,5.099999999999999
1011331,5.1000000000000005
1011551,5.1
1011711,4.099999999999999
1012118,7.1000000000000005
1012303,8.099999999999998
1012492,4.099999999999999
1012725,4.1
1012957,7.099999999999998
1013201,6.1
1013422,6.099999999999999
1013607,6.099999999999999
1013844,6.1
1014097,7.099999999999999
1014316,7.099999999999999
1014465,5.1
1014656,7.099999999999999
1014900,7.099999999999999
1015176,6.100000000000001
1015426,7.099999999999999
1015620,7.099999999999999
1015830,7.099999999999999
1016023,6.099999999999999
1016270,5.1
1016416,5.1
1016778,7.099999999999999
1017006,6.1
1017252,6.1
1017509,6.1000000000000005
1017749,6.099999999999999
1017923,5.1
1018279,6.100000000000003
1018534,7.1
1018699,5.099999999999999
1018883,7.1000000000000005
1019102,4.1
1019351,4.099999999999998
1019530,5.099999999999999
1019757,5.099999999999999
1020019,7.099999999999998
1020189,6.099999999999998
1020389,6.099999999999999
1020575,6.1
1020753,6.099999999999999
1020900,7.099999999999998
1021092,6.099999999999998
1021336,5.099999999999999
1021391,5.099999999999999
1021647,7.099999999999998
1021872,5.099999999999999
1022094,6.099999999999998
1022242,6.1
1022422,6.1
1022659,4.099999999999999
1022854,5.099999999999996
1023054,7.099999999999999
1023225,6.099999999999999
1023388,5.099999999999999
1023584,6.099999999999999
1023798,8.099999999999996
1023989,5.099999999999999
1024181,6.099999999999997
1024393,5.099999999999997
1024639,6.1
1024893,6.1000000000000005
1025130,6.099999999999998
1025289,5.099999999999999
1025504,5.099999999999999
1025682,6.099999999999999
1025864,7.099999999999998
1026062,7.099999999999999
1026247,3.099999999999999
1026430,6.099999999999999
1026620,9.100000000000001
1026786,5.099999999999999
1026955,6.099999999999999
1027160,7.099999999999999
1027298,6.1
1027515,5.099999999999999
1027765,7.099999999999999
1027957,6.099999999999999
1028152,6.099999999999999
1028381,6.099999999999998
1028560,6.099999999999999
1028846,6.1000000000000005
1029043,6.099999999999999
1029268,6.099999999999998
1029461,6.1
1029661,5.1
1029860,6.099999999999999
1029924,3.0999999999999996
1030144,6.099999999999998
1030345,6.099999999999999
1030483,5.1
1030714,5.1
1030912,5.099999999999999
1031140,7.099999999999998
1031367,4.099999999999999
1031511,4.099999999999998
1031819,7.1000000000000005
1032066,5.099999999999998
1032146,4.1
1032396,5.1
1032532,5.1
1032706,5.099999999999999
1033024,5.1
1033198,6.099999999999999
1033375,7.099999999999999
1033777,7.099999999999998
1033963,7.099999999999998
1034361,4.100000000000001
1034568,4.099999999999999
1034924,7.099999999999999
1035138,8.099999999999998
1035358,6.099999999999999
1035602,7.099999999999998
1035834,6.1
1036064,5.099999999999999
1036310,6.099999999999997
1036506,6.099999999999998
1036766,4.1000000000000005
1036956,7.099999999999999
1037006,3.0999999999999996
1037246,7.099999999999998
1037425,7.099999999999998
1037590,6.099999999999999
1037772,6.099999999999999
1037965,5.1
1038310,7.099999999999997
1038574,8.099999999999998
1038760,7.099999999999999
1038974,5.099999999999999
1039182,7.099999999999999
1039354,7.099999999999999
1039720,8.1
1040052,7.099999999999999
1040222,6.099999999999997
1040394,7.099999999999999
1040588,5.099999999999998
1040767,7.099999999999999
1040997,5.099999999999999
1041261,7.099999999999998
1041433,5.1
1041472,3.0999999999999996
1041703,6.099999999999998
1041919,7.1
1042090,6.1
1042294,7.099999999999999
1042486,6.099999999999999
1042717,3.099999999999999
1042976,6.099999999999998
1043011,2.0999999999999996
1043209,5.1
1043530,7.099999999999997
1043714,5.099999999999998
1043951,7.099999999999997
1044127,7.1
1044367,5.099999999999998
1044571,6.1
1045052,7.099999999999998
1045231,6.099999999999998
1045469,6.099999999999997
1045731,6.1
1045969,6.1
1046007,2.0999999999999996
1046244,7.099999999999999
1046448,5.099999999999998
1046700,5.1
1046907,8.1
1047102,6.099999999999999
1047376,6.100000000000001
1047553,6.099999999999999
1047726,7.1
1047961,6.099999999999999
1048145,7.099999999999999
1048337,6.099999999999999
1048593,3.099999999999999
1048725,5.1
1048937,4.1
1049101,6.099999999999999
1049283,6.099999999999999
1049456,6.099999999999998
1049688,5.099999999999999
1049907,6.099999999999998
1050171,6.1
1050630,7.099999999999997
1050733,5.1
1050929,7.099999999999997
1051146,7.099999999999998
1051182,3.0999999999999996
1051377,6.1
1051676,7.1
1051916,5.099999999999999
1052157,7.099999999999998
1052500,7.099999999999997
1052708,6.099999999999999
1053180,6.100000000000003
1053358,5.1
1053581,6.099999999999999
1053765,5.1
1053976,5.099999999999999
1054201,6.1
1054389,6.099999999999999
1054609,3.099999999999999
1054843,6.1
1055121,6.1000000000000005
1055514,5.100000000000003
1055712,7.099999999999999
1055931,4.099999999999999
1056148,6.099999999999999
1056380,5.1
1056620,7.099999999999999
1056825,6.099999999999998
1057053,6.099999999999999
1057297,6.099999999999998
1057492,6.099999999999999
1057708,5.099999999999999
1057953,5.099999999999998
1058112,6.099999999999998
1058313,6.1
1058795,7.1
1059053,6.1
1059513,8.1
1059736,6.099999999999998
1059983,6.099999999999997
1060206,7.099999999999996
1060437,7.099999999999998
1060687,6.099999999999999
1060886,6.099999999999998
1061047,6.1
1061254,5.099999999999999
1061470,4.099999999999999
1061751,6.099999999999999
1061787,1.1
1061954,5.1
1062127,6.099999999999999
1062165,4.1
1062208,2.1
1062422,7.099999999999999
1062685,6.1000000000000005
1062823,5.1000000000000005
1063064,6.1
1063251,5.099999999999998
1063409,5.099999999999997
1063638,5.1
1063871,7.099999999999999
1064041,7.099999999999999
1064262,7.099999999999998
1064448,6.099999999999999
1064632,6.099999999999999
1065090,6.099999999999997
1065133,1.1
1065328,5.1
1065511,7.099999999999999
1065674,5.099999999999999
1065828,6.099999999999999
1066044,6.099999999999999
1066266,6.099999999999999
1066438,5.099999999999999
1066472,2.0999999999999996
1066753,8.099999999999998
1066981,6.099999999999999
1067150,5.1
1067296,6.099999999999998
1067518,6.1
1067710,6.099999999999998
1067935,8.1
1068105,3.099999999999999
1068380,7.100000000000001
1068619,7.099999999999997
1068837,5.099999999999999
1069027,6.099999999999999
1069231,4.099999999999998
1069581,6.1000000000000005
1069628,3.099999999999999
1069841,7.099999999999997
1070057,7.099999999999999
1070339,6.1000000000000005
1070486,6.1
1070702,6.099999999999998
1070925,6.1
1071109,6.099999999999999
1071328,7.099999999999999
1071588,7.099999999999998
1071741,4.1
1071977,6.099999999999998
1072115,5.1
1072318,7.099999999999997
1072513,5.099999999999999
1072712,7.099999999999999
1072867,6.099999999999999
1073062,7.099999999999999
1073235,5.099999999999999
1073473,7.099999999999999
1073745,3.099999999999999
1073968,5.1
1074182,6.099999999999997
1074396,7.099999999999999
1074748,7.099999999999997
1074944,6.099999999999997
1075147,6.099999999999997
1075336,5.099999999999999
1075861,6.100000000000003
1076213,7.100000000000003
1076344,6.099999999999998
1076642,5.1
1076847,6.099999999999998
1077079,7.099999999999996
1077287,6.099999999999999
1077509,4.1
1077697,6.099999999999999
1077958,6.099999999999998
1078243,6.099999999999999
1078492,6.099999999999999
1078954,7.099999999999998
1079208,5.1
1079344,3.0999999999999996
1079643,7.1
1079826,5.099999999999999
1080006,6.099999999999999
1080272,6.099999999999998
1080545,6.1
1080743,7.099999999999999
1080905,6.099999999999999
1081047,6.1
1081330,6.1
1081574,7.099999999999999
1081770,8.099999999999998
1082036,7.099999999999998
1082308,6.1
1082552,5.1
1082809,6.099999999999998
1083049,4.1
1083272,6.099999999999998
1083440,5.099999999999998
1083477,3.0999999999999996
1083666,5.099999999999998
1083856,6.099999999999999
1084090,6.1
1084266,5.099999999999999
1084451,6.099999999999999
1084490,3.0999999999999996
1084853,7.099999999999999
1085104,6.099999999999999
1085409,6.099999999999999
1085553,3.1
1085699,6.1
1085755,3.0999999999999996
1086001,5.099999999999998
1086201,6.1
1086401,5.099999999999999
1086580,3.0999999999999996
1086838,7.099999999999998
1087079,4.1
1087258,6.099999999999999
1087499,6.1
1087817,7.099999999999998
1088135,6.1000000000000005
1088264,5.099999999999999
1088521,7.099999999999999
1088619,4.099999999999999
1088760,6.1
1088957,7.099999999999999
1089130,5.099999999999999
1089376,5.1
1089518,5.099999999999999
1089822,7.099999999999999
1089984,6.099999999999999
1090251,7.099999999999998
1090481,4.1
1090662,5.099999999999999
1090942,6.099999999999999
1091192,6.1
1091588,6.100000000000001
1091868,6.1
1092093,5.099999999999999
1092347,6.1
1092563,7.099999999999999
1092726,6.099999999999999
1093188,5.099999999999999
1093417,4.099999999999999
1093673,7.099999999999997
1093843,6.099999999999999
1094019,5.099999999999999
1094252,7.099999999999999
1094460,7.099999999999999
1094678,5.1
1094864,7.099999999999998
1095104,6.099999999999998
1095290,6.1
1095587,6.1
1095783,5.099999999999999
1095973,5.1
1096201,5.1
1096356,7.099999999999998
1096532,7.099999999999999
1096821,7.099999999999998
1097002,6.099999999999999
1097189,6.099999999999999
1097422,6.099999999999998
1097590,6.099999999999998
1097929,5.100000000000002
1098097,6.099999999999999
1098230,4.1
1098411,6.1
1098666,4.1
1098873,6.099999999999998
1099095,8.1
1099298,5.1
1099487,7.099999999999998
1099567,4.099999999999999
1099739,5.099999999999999
1099959,5.099999999999999
1100218,6.1000000000000005
1100413,7.1
1100627,5.099999999999999
1100892,7.099999999999998
1101128,6.1000000000000005
1101303,5.099999999999999
1101548,6.099999999999998
1101752,7.099999999999998
1101967,6.099999999999999
1102183,7.099999999999998
1102412,6.1
1102637,7.099999999999997
1103000,7.1000000000000005
1103206,5.099999999999999
1103475,6.1
1103710,7.099999999999998
1103905,6.099999999999999
1104191,7.099999999999997
1104436,7.099999999999999
1104575,6.1
1104802,5.099999999999999
1105022,5.1
1105227,7.099999999999999
1105469,7.099999999999998
1105676,6.099999999999999
1105903,5.1
1105936,3.0999999999999996
1106186,6.1
1106434,5.099999999999999
1106656,7.1
1106875,6.099999999999999
1107069,7.099999999999998
1107326,7.099999999999997
1107602,7.099999999999999
1107802,8.1
1108079,7.099999999999998
1108346,6.099999999999999
1108516,5.099999999999999
1108990,7.100000000000001
1109209,7.099999999999999
1109511,7.099999999999998
1109718,6.099999999999999
1109758,3.1
1110029,7.099999999999999
1110221,5.099999999999999
1110428,7.1
1110587,7.099999999999998
1110781,7.099999999999999
1111287,7.099999999999995
1111512,6.099999999999999
1111756,7.099999999999999
1111975,7.099999999999998
1112268,6.099999999999997
1112402,5.1
1112564,7.1
1112821,7.1
1113046,6.099999999999999
1113261,6.099999999999999
1113506,6.099999999999998
1113744,6.1
1114005,7.099999999999998
1114177,5.099999999999997
1114403,4.1
1114598,7.099999999999999
1114785,8.1
1115016,7.099999999999999
1115219,6.1
1115479,5.1000000000000005
1115693,6.099999999999999
1115845,5.1
1116023,4.099999999999999
1116340,7.099999999999997
1116530,6.1
1116673,6.1
1116829,7.1
1117083,6.1000000000000005
1117317,7.099999999999999
1117368,3.0999999999999996
1117567,5.1
1117703,5.1
1117882,5.099999999999999
1118198,6.1
1118382,6.099999999999999
1118651,5.099999999999998
1118887,6.099999999999999
1119131,6.099999999999999
1119362,5.099999999999999
1119658,7.099999999999999
1119892,6.099999999999999
1120091,6.1
1120315,5.099999999999998
1120491,6.099999999999999
1120719,6.1
1121087,4.100000000000001
1121341,7.099999999999999
1121556,6.1
1121741,6.099999999999999
1121911,6.099999999999999
1122174,7.1000000000000005
1122417,5.099999999999997
1122600,6.099999999999999
1122847,6.099999999999999
1122999,5.099999999999997
1123185,6.1
1123597,7.099999999999998
1123818,6.099999999999999
1124102,6.100000000000001
1124290,7.1
1124425,3.0999999999999996
1124687,6.1
1124896,6.099999999999998
1125102,5.099999999999998
1125428,7.1
1125561,5.1
1125776,6.099999999999998
1125994,8.1
1126257,7.1000000000000005
1126482,7.099999999999999
1126737,7.099999999999997
1126905,5.099999999999999
1127213,6.1
1127717,7.099999999999999
1127950,5.1
1127995,3.099999999999999
1128192,7.099999999999999
1128412,7.099999999999999
1128464,4.1
1128708,5.099999999999999
1128928,7.099999999999999
1129115,5.1
1129296,6.099999999999999
1129456,5.1
1129736,7.099999999999998
1129993,5.099999999999999
1130231,7.099999999999999
1130376,5.1
1130572,5.099999999999999
1130802,7.099999999999998
1131034,8.099999999999998
1131226,7.1
1131701,7.099999999999999
1131858,6.099999999999999
1132088,5.099999999999999
1132249,7.099999999999998
1132479,6.099999999999999
1132683,6.1
1132918,5.1
1133138,7.099999999999998
1133342,6.099999999999999
1133515,5.099999999999999
1133724,6.099999999999999
1134020,7.099999999999998
1134210,6.099999999999998
1134411,7.099999999999999
1134589,7.099999999999999
1134806,5.099999999999997
1135201,5.100000000000003
1135399,7.1
1135611,6.099999999999999
1135792,7.099999999999999
1135996,5.1
1136039,4.099999999999999
1136326,8.100000000000001
1136504,6.099999999999999
1136715,6.099999999999999
1136994,7.099999999999999
1137254,5.099999999999999
1137434,5.099999999999999
1137632,6.099999999999999
1137826,7.1
1137864,3.0999999999999996
1138037,6.1
1138093,4.099999999999999
1138292,5.099999999999999
1138523,6.099999999999999
1138735,6.1
1138770,3.0999999999999996
1139015,7.099999999999998
1139200,5.099999999999999
1139478,5.099999999999999
1139638,6.099999999999999
1139886,7.1
1140193,5.099999999999999
1140406,5.099999999999999
1140819,6.100000000000002
1141045,6.099999999999999
1141241,7.099999999999999
1141474,6.099999999999999
1141655,7.1
1141898,6.1
1142097,6.099999999999999
1142313,7.099999999999999
1142501,5.099999999999999
1142695,5.099999999999997
1142924,6.099999999999998
1143059,6.1
1143290,6.099999999999997
1143494,6.099999999999998
1143700,7.099999999999999
1143993,7.099999999999998
1144202,7.099999999999999
1144399,6.099999999999999
1144583,5.099999999999999
1144798,5.099999999999998
1145069,7.099999999999999
1145263,5.099999999999999
1145449,6.099999999999999
1145671,7.099999999999999
1145945,5.099999999999999
1146451,7.099999999999997
1146643,7.099999999999997
1146890,4.099999999999999
1146934,3.0999999999999996
1147215,6.099999999999999
1147379,6.099999999999998
1147616,7.1
1147750,7.099999999999999
1148016,7.099999999999998
1148188,6.1
1148453,7.099999999999998
1148662,6.099999999999998
1149158,6.100000000000002
1149333,6.099999999999999
1149537,8.1
1149937,5.100000000000002
1150168,6.1
1150345,4.099999999999999
1150550,7.099999999999999
1150753,3.099999999999999
1151016,7.099999999999998
1151203,7.099999999999998
1151516,7.099999999999998
1151788,6.099999999999999
1151996,6.1
1152478,7.099999999999997
1152690,6.099999999999996
1152924,7.099999999999998
1153087,5.099999999999999
1153318,8.100000000000001
1153703,7.099999999999996
1153741,4.1
1154028,6.099999999999999
1154208,6.099999999999999
1154598,7.099999999999999
1154785,5.099999999999998
1155008,6.099999999999998
1155187,7.099999999999999
1155380,4.099999999999999
1155478,5.099999999999999
1155696,6.099999999999999
1156120,7.100000000000002
1156413,8.1
1156639,7.099999999999999
1156810,5.099999999999999
1157055,5.1
1157260,6.099999999999998
1157460,7.099999999999999
1157678,6.1
1157872,7.099999999999999
1158124,7.099999999999999
1158341,6.1
1158565,7.099999999999998
1158780,6.1
1159141,6.099999999999997
1159312,6.1
1159524,7.099999999999999
1159824,6.1000000000000005
1160088,5.099999999999999
1160234,6.1000000000000005
1160543,6.1
1160699,8.1
1160918,5.1
1161143,4.099999999999999
1161483,6.100000000000002
1161727,7.099999999999999
1162165,7.100000000000002
1162441,7.099999999999998
1162709,6.099999999999999
1162960,7.099999999999999
1163187,6.1
1163442,7.099999999999998
1163716,7.099999999999999
1164006,5.099999999999997
1164194,6.099999999999999
1164359,6.099999999999999
1164572,6.099999999999999
1164789,8.1
1164989,5.099999999999997
1165174,6.099999999999999
1165358,7.099999999999999
1165618,7.099999999999999
1165888,7.099999999999998
1166103,6.099999999999998
1166287,6.099999999999999
1166569,5.1
1166788,7.099999999999998
1167175,7.1
1167397,6.1
1167649,5.099999999999999
1167827,7.099999999999999
1167996,7.099999999999999
1168173,7.099999999999999
1168386,6.099999999999999
1168543,5.1
1168745,6.099999999999999
1168893,5.099999999999999
1169173,4.1
1169398,7.099999999999999
1169448,3.1
1169678,5.099999999999999
1169869,6.1
1169920,1.1000000000000003
1170103,7.099999999999998
1170353,7.099999999999997
1170835,7.099999999999998
1171305,8.100000000000003
1171492,6.1
1171771,5.099999999999999
1171938,7.1
1172085,6.099999999999998
1172305,6.099999999999999
1172516,6.099999999999996
1172798,5.1000000000000005
1173055,6.1
1173238,7.1
1173472,6.099999999999998
1173700,6.099999999999998
1173900,7.099999999999999
1174074,7.099999999999999
1174314,6.1
1174500,6.099999999999999
1174734,5.1
1174931,7.099999999999998
1175161,5.099999999999999
1175342,6.099999999999999
1175560,7.1
1175812,7.099999999999999
1176000,6.099999999999998
1176196,7.099999999999999
1176336,6.1
1176606,7.1
1176784,6.099999999999999
1176919,4.099999999999999
1177165,7.099999999999999
1177426,6.099999999999997
1177966,7.099999999999999
1178219,6.1
1178459,7.099999999999997
1178656,6.099999999999999
1178822,7.099999999999999
1178986,4.1
1179208,7.1
1179451,7.1
1179667,6.099999999999997
1179908,6.099999999999999
1180086,7.099999999999999
1180345,7.1
1180513,5.099999999999999
1180822,6.099999999999999
1181040,7.099999999999997
1181242,7.099999999999999
1181443,6.099999999999999
1181479,3.0999999999999996
1181655,6.1
1181855,6.099999999999999
1181985,4.099999999999999
1182248,7.099999999999998
1182388,6.099999999999998
1182588,5.1
1182722,6.099999999999999
1182890,7.099999999999999
1183121,7.099999999999997
1183306,7.099999999999999
1183524,8.1
1183657,6.099999999999999
1183871,6.099999999999998
1184080,6.099999999999999
1184281,6.099999999999998
1184480,6.099999999999998
1184666,6.099999999999999
1184990,6.099999999999997
1185182,6.099999999999999
1185376,6.099999999999999
1185426,3.099999999999999
1185629,6.099999999999998
1185840,6.099999999999999
1186080,7.099999999999998
1186305,7.1
1186437,4.1
1186677,5.099999999999998
1186837,4.099999999999998
1187273,7.100000000000002
1187695,6.1
1187832,6.1
1188015,6.099999999999999
1188479,6.1000000000000005
1188645,6.099999999999999
1188917,7.099999999999998
1189132,7.099999999999998
1189432,6.099999999999999
1189653,6.1
1189975,6.099999999999997
1190185,6.099999999999999
1190376,6.099999999999997
1190620,7.099999999999999
1190831,6.099999999999999
1191053,7.099999999999999
1191325,5.1
1191611,7.099999999999998
1191855,6.1000000000000005
1192123,6.099999999999999
1192309,6.099999999999999
1192554,6.099999999999998
1192765,7.099999999999998
1192992,7.099999999999998
1193400,7.100000000000002
1193621,7.099999999999998
1193927,7.099999999999999
1194259,6.1
1194470,7.1
1194661,6.099999999999999
1194892,6.1
1195033,5.1
1195283,7.099999999999997
1195500,5.099999999999999
1195704,7.099999999999999
1195936,6.099999999999998
1196133,6.099999999999999
1196434,8.1
1196651,5.099999999999999
1197047,7.099999999999999
1197254,6.099999999999999
1197501,6.099999999999998
1197549,2.1
1197588,4.1
1197792,6.099999999999997
1198046,6.1
1198239,7.099999999999999
1198446,7.099999999999998
1198670,2.099999999999999
1198896,7.099999999999998
1199155,7.099999999999998
1199344,6.099999999999998
1199507,5.099999999999999
1199735,7.099999999999999
1199924,5.099999999999999
1200135,7.099999999999999
1200347,6.1
1200611,7.099999999999998
1200706,3.099999999999999
1200944,5.099999999999998
1201161,4.099999999999999
1201410,7.099999999999996
1201603,7.099999999999999
1201896,7.099999999999999
1202171,6.1000000000000005
1202340,6.099999999999999
1202575,7.099999999999999
1202783,6.099999999999999
1202958,6.1
1203156,6.099999999999999
1203637,7.099999999999998
1203809,7.099999999999998
1203974,7.099999999999999
1204242,6.1
1204424,3.099999999999999
1204774,5.100000000000001
1205025,7.099999999999999
1205228,3.099999999999999
1205408,7.099999999999999
1205643,7.099999999999998
1205810,7.099999999999999
1206304,6.100000000000002
1206470,7.1
1206627,7.1
1206911,6.1
1207094,7.099999999999999
1207172,4.1
1207364,6.099999999999999
1207574,7.099999999999998
1207770,6.099999999999999
1207978,7.099999999999999
1208281,8.1
1208502,6.099999999999999
1208717,7.099999999999998
1208944,6.099999999999999
1209174,6.1
1209319,5.099999999999999
1209494,6.099999999999999
1209675,4.099999999999999
1209891,6.099999999999999
1210170,7.099999999999996
1210358,7.099999999999997
1210573,6.099999999999999
1210748,4.099999999999997
1210999,7.099999999999998
1211445,8.1
1211660,6.099999999999999
1211971,5.100000000000001
1212429,5.099999999999993
1212642,6.099999999999999
1212873,6.1
1212957,6.1
1213088,5.1
1213577,8.100000000000001
1213943,4.1000000000000005
1214089,5.1
1214266,6.099999999999999
1214302,3.1
1214553,6.1000000000000005
1214761,7.099999999999999
1215079,8.1
1215116,3.0999999999999996
1215275,7.099999999999999
1215732,8.100000000000003
1215964,7.099999999999998
1216189,6.099999999999998
1216366,5.099999999999999
1216571,7.099999999999999
1216782,6.099999999999999
1217069,6.099999999999999
1217239,6.099999999999999
1217471,6.099999999999999
1217725,7.099999999999998
1217883,7.099999999999998
1218403,6.100000000000003
1218663,8.100000000000001
1218839,7.099999999999998
1219050,5.1
1219312,7.099999999999999
1219483,7.099999999999998
1219730,6.099999999999997
1219970,6.1
1220216,6.099999999999998
1220486,4.099999999999998
1220815,7.099999999999999
1221083,6.099999999999998
1221145,5.099999999999999
1221672,8.100000000000001
1221855,7.1
1222081,7.099999999999998
1222213,6.1
1222342,4.099999999999999
1222774,7.099999999999998
1222908,2.0999999999999996
1223218,8.1
1223389,7.1
1223636,6.099999999999998
1223822,5.1
1224051,5.099999999999999
1224514,6.100000000000003
1224783,8.099999999999998
1225018,8.100000000000001
1225297,8.100000000000003
1225509,7.099999999999999
1225687,5.1
1225889,8.100000000000003
1226093,6.099999999999998
1226303,6.1
1226487,7.099999999999999
1226680,6.1
1226997,7.1
1227497,7.099999999999998
1227713,6.099999999999999
1228070,5.099999999999996
1228321,6.099999999999998
1228503,5.099999999999999
1228720,7.099999999999998
1228958,6.099999999999999
1229183,6.099999999999999
1229488,7.1
1229916,7.099999999999998
1230065,6.1
1230245,8.099999999999998
1230464,7.099999999999999
1230719,6.099999999999998
1231086,7.099999999999998
1231303,4.099999999999999
1231490,5.099999999999999
1231730,6.1
1232019,7.099999999999998
1232175,6.099999999999999
1232384,6.099999999999998
1232577,6.099999999999998
1232745,5.1
1233064,6.1000000000000005
1233235,6.099999999999999
1233425,6.099999999999999
1233475,4.1
1233620,6.099999999999998
1233784,6.099999999999999
1234063,8.100000000000001
1234285,6.099999999999999
1234484,4.1
1234685,6.099999999999998
1234985,6.1
1235268,6.1000000000000005
1235607,7.100000000000001
1235736,5.099999999999999
1235875,4.099999999999998
1236125,7.1
1236533,7.099999999999999
1236685,5.1
1236931,8.1
1237194,7.099999999999998
1237369,7.099999999999999
1237452,6.1
1237704,5.099999999999997
1237888,6.099999999999999
1238100,5.099999999999999
1238295,7.099999999999999
1238459,6.1
1238763,5.1000000000000005
1238989,7.099999999999998
1239298,7.099999999999999
1239436,6.1
1239481,3.0999999999999996
1239710,7.099999999999998
1239944,7.1
1240078,6.1
1240380,8.1
1240557,5.099999999999999
1240982,6.100000000000001
1241400,7.1000000000000005
1241615,6.099999999999999
1242050,6.100000000000003
1242301,6.1
1242591,7.099999999999999
1242794,6.099999999999998
1243029,5.099999999999998
1243346,6.1
1243543,6.099999999999999
1243748,7.099999999999998
1244015,7.1
1244199,7.099999999999998
1244369,6.099999999999999
1244540,6.099999999999999
1244750,7.099999999999999
1244946,7.099999999999999
1245160,7.099999999999998
1245593,7.099999999999998
1245773,6.099999999999998
1245934,5.1
1246164,5.099999999999998
1246341,6.099999999999999
1246574,6.099999999999999
1246784,6.099999999999999
1246964,6.099999999999999
1247174,5.099999999999999
1247381,7.099999999999997
1247586,6.1
1247934,8.1
1247978,1.1000000000000003
1248179,5.099999999999999
1248403,7.099999999999999
1248632,7.099999999999998
1248893,6.099999999999997
1249314,7.100000000000001
1249525,8.099999999999998
1249746,7.099999999999998
1250184,7.099999999999999
1250402,7.099999999999999
1250871,6.100000000000003
1250990,5.1
1251156,7.1
1251422,7.1000000000000005
1251610,7.099999999999999
1251993,6.100000000000001
1252199,5.099999999999999
1252433,7.099999999999999
1252665,6.099999999999999
1252852,6.099999999999999
1253086,7.099999999999998
1253340,6.1
1253505,3.099999999999999
1253668,7.099999999999999
1253982,8.100000000000001
1254241,7.099999999999998
1254388,5.1
1254608,6.099999999999999
1254742,4.1
1255129,4.1000000000000005
1255365,7.099999999999997
1255607,6.099999999999998
1255892,5.099999999999997
1256193,7.1000000000000005
1256230,3.0999999999999996
1256491,7.1
1256781,6.099999999999999
1257039,6.099999999999999
1257467,7.1000000000000005
1257718,7.099999999999998
1257992,7.099999999999999
1258211,7.099999999999999
1258434,5.099999999999999
1258625,7.099999999999999
1258808,7.099999999999999
1259082,8.1
1259317,8.100000000000001
1259572,7.099999999999997
1259781,8.1
1259824,3.0999999999999996
1260126,7.099999999999999
1260330,6.1
1260558,6.099999999999999
1260836,7.099999999999997
1261068,6.099999999999999
1261258,6.099999999999998
1261553,7.099999999999997
1261765,7.1
1262031,5.099999999999999
1262268,5.099999999999998
1262515,8.099999999999996
1262895,6.100000000000001
1263151,5.099999999999999
1263321,6.1
1263771,7.099999999999999
1263980,7.099999999999999
1264237,7.099999999999997
1264489,7.099999999999997
1264536,2.0999999999999996
1264779,7.099999999999998
1264988,7.099999999999999
1265379,7.100000000000001
1265539,7.1
1265740,7.099999999999999
1265959,7.099999999999998
1266196,7.099999999999999
1266385,6.1
1266606,6.099999999999999
1266872,8.1
1267041,3.099999999999999
1267318,6.1
1267487,6.1
1267708,7.099999999999999
1267926,6.099999999999999
1268085,6.099999999999999
1268317,6.099999999999996
1268518,6.099999999999999
1268565,3.1
1268685,5.099999999999998
1268990,7.099999999999997
1269204,6.099999999999996
1269438,8.100000000000001
1269611,5.099999999999999
1269810,7.099999999999999
1270116,5.100000000000001
1270365,6.099999999999998
1270546,7.1
1270846,7.1000000000000005
1271086,7.099999999999998
1271352,6.099999999999999
1271485,7.1
1271674,6.099999999999999
1271877,6.099999999999999
1272019,6.1
1272198,7.099999999999998
1272288,5.099999999999999
1272553,7.099999999999996
1272770,6.1
1273021,7.099999999999996
1273260,7.099999999999999
1273446,6.099999999999999
1273683,7.099999999999999
1273913,7.099999999999999
1274185,7.099999999999998
1274460,6.1000000000000005
1274657,7.099999999999998
1274841,4.099999999999998
1275021,6.099999999999999
1275205,7.099999999999999
1275462,8.1
1275621,6.099999999999999
1275823,8.1
1276015,7.1
1276208,7.099999999999998
1276401,6.1
1276646,5.099999999999999
1276852,8.100000000000001
1277302,7.100000000000001
1277466,7.099999999999999
1277621,3.0999999999999996
1277919,8.100000000000001
1278146,6.099999999999998
1278185,1.1
1278486,8.100000000000003
1278734,7.099999999999999
1278873,5.1
1279066,8.1
1279419,7.1
1279718,7.1
1280000,7.1000000000000005
1280206,6.099999999999999
1280373,6.099999999999999
1280550,6.099999999999999
1280744,6.099999999999999
1280911,6.099999999999999
1281157,7.099999999999999
1281368,6.099999999999999
1281551,7.1
1281708,6.099999999999999
1281915,7.099999999999998
1282160,8.100000000000001
1282381,7.099999999999998
1282572,7.099999999999999
1282850,6.099999999999998
1283120,8.1
1283408,7.099999999999998
1283652,6.1
1283862,6.099999999999999
1284041,8.1
1284272,7.099999999999999
1284511,8.1
1284702,6.099999999999999
1284894,7.099999999999999
1285092,6.1
1285415,7.100000000000001
1285613,6.099999999999998
1285877,7.099999999999998
1286084,5.099999999999999
1286253,6.099999999999999
1286506,7.1
1286686,6.099999999999997
1286954,7.099999999999999
1287118,6.099999999999999
1287356,7.099999999999997
1287629,7.099999999999999
1287768,6.1
1287991,6.099999999999998
1288330,8.100000000000001
1288555,8.100000000000003
1289002,7.099999999999996
1289179,4.1
1289457,7.1000000000000005
1289624,6.099999999999999
1289884,6.099999999999999
1290088,7.099999999999999
1290360,7.099999999999998
1290632,6.099999999999999
1290878,7.099999999999998
1291108,6.099999999999999
1291418,6.099999999999999
1291803,7.1
1292067,4.1000000000000005
1292266,7.099999999999999
1292424,5.099999999999999
1292606,6.1
1292784,6.099999999999999
1293334,8.100000000000001
1293526,6.1
1293746,7.1
1294020,7.099999999999999
1294254,7.099999999999998
1294428,6.1
1294572,5.099999999999999
1294849,5.1
1295036,6.099999999999999
1295280,7.099999999999997
1295449,6.099999999999999
1295813,8.099999999999998
1295970,5.099999999999999
1296228,7.1000000000000005
1296472,7.099999999999999
1296770,6.1
1296988,6.099999999999999
1297215,7.099999999999999
1297417,6.1
1297644,7.099999999999998
1297875,6.099999999999999
1298115,6.099999999999998
1298327,7.099999999999998
1298513,6.099999999999999
1298844,7.099999999999999
1298979,6.1
1299243,6.1
1299495,8.1
1299735,7.1
1300012,5.099999999999998
1300224,6.099999999999998
1300741,7.099999999999993
1300969,6.099999999999999
1301239,7.099999999999999
1301413,4.099999999999999
1301604,7.099999999999999
1301828,8.1
1302015,6.099999999999999
1302243,7.1
1302709,7.099999999999999
1302892,6.099999999999999
1303026,6.1
1303250,6.099999999999998
1303464,7.099999999999999
1303708,6.099999999999999
1303978,6.1
1304211,6.099999999999998
1304404,4.099999999999999
1304835,8.100000000000001
1305296,6.100000000000003
1305504,6.099999999999997
1305894,7.099999999999999
1306106,7.099999999999999
1306271,7.099999999999997
1306485,6.099999999999998
1306674,5.099999999999999
1306860,5.099999999999999
1307044,7.099999999999999
1307215,5.1
1307521,7.1
1307803,6.099999999999997
1308006,6.099999999999999
1308255,7.099999999999999
1308527,6.099999999999999
1308660,5.1
1308860,4.1
1309170,5.099999999999997
1309363,7.099999999999999
1309509,7.1
1309683,6.099999999999999
1310046,4.1
1310220,5.099999999999999
1310388,6.1
1310635,6.099999999999998
1310842,5.1000000000000005
1311020,6.099999999999998
1311144,4.1
1311307,6.099999999999998
1311513,6.099999999999999
1311718,4.099999999999999
1311901,6.099999999999999
1312035,5.099999999999998
1312234,7.099999999999999
1312479,7.099999999999999
1312773,7.099999999999998
1312937,6.099999999999999
1313443,7.099999999999997
1313838,8.100000000000001
1314316,7.099999999999996
1314513,7.099999999999999
1314694,6.1
1314889,4.099999999999999
1315127,8.1
1315225,6.1
1315442,8.1
1315607,5.099999999999999
1315777,5.099999999999998
1315935,7.099999999999999
1316397,7.099999999999999
1316569,6.099999999999997
1316771,6.099999999999996
1317027,6.099999999999998
1317395,7.100000000000001
1317682,5.100000000000001
1317898,5.1
1318392,8.100000000000001
1318770,7.100000000000001
1318937,6.099999999999999
1319118,5.1
1319402,7.1000000000000005
1319659,7.099999999999998
1319927,7.099999999999997
1320131,7.099999999999999
1320410,5.099999999999999
1320759,6.099999999999999
1320952,4.099999999999999
1321102,5.099999999999999
1321353,6.099999999999998
1321569,7.099999999999999
1321788,6.1
1322189,6.100000000000001
1322393,6.099999999999998
1322673,7.1000000000000005
1322929,7.099999999999999
1322987,4.1
1323166,6.099999999999999
1323205,2.0999999999999996
1323371,4.099999999999999
1323530,7.1
1323714,7.1
1323883,5.1
1324087,7.099999999999998
1324298,7.1
1324499,6.099999999999999
1324697,6.099999999999998
1324932,7.099999999999997
1325099,6.099999999999999
1325284,6.099999999999999
1325545,7.099999999999998
1325783,7.099999999999999
1326138,7.1
1326717,7.099999999999998
1327206,7.099999999999999
1327409,5.099999999999999
1327601,6.099999999999999
1327776,6.1
1328067,6.099999999999998
1328267,6.099999999999999
1328598,5.100000000000002
1328773,5.099999999999999
1329124,7.099999999999998
1329410,6.1
1329587,5.099999999999999
1329838,7.099999999999998
1330040,8.1
1330263,6.099999999999999
1330545,8.1
1330746,6.1
1330961,7.099999999999998
1331193,6.099999999999999
1331354,6.099999999999999
1331572,7.099999999999998
1331773,7.099999999999998
1331997,6.099999999999999
1332165,7.099999999999999
1332296,5.099999999999998
1332471,7.099999999999999
1332688,7.1
1332882,4.099999999999999
1333141,6.099999999999999
1333336,6.099999999999999
1333534,7.099999999999999
1333728,6.099999999999999
1334044,7.099999999999997
1334248,6.1
1334482,7.099999999999999
1334721,7.099999999999998
1334921,6.099999999999999
1335155,7.099999999999999
1335364,7.099999999999999
1335404,4.1
1335658,5.099999999999998
1335877,6.099999999999997
1336160,7.099999999999999
1336341,4.099999999999998
1336551,5.099999999999999
1336797,7.099999999999999
1337218,7.100000000000003
1337435,6.099999999999999
1337701,7.099999999999998
1337769,4.099999999999999
1338002,7.099999999999998
1338212,5.099999999999998
1338369,6.099999999999999
1338589,6.099999999999998
1338655,5.1
1338829,6.1
1339061,6.099999999999998
1339326,7.099999999999999
1339526,7.099999999999999
1339741,5.099999999999999
1339925,5.099999999999999
1340307,6.100000000000001
1340440,6.1
1340598,4.099999999999999
1340721,5.1
1340906,7.099999999999999
1341110,7.099999999999998
1341335,7.099999999999996
1341512,6.099999999999999
1341794,7.099999999999999
1342073,7.099999999999996
1342279,6.099999999999999
1342472,7.1
1342671,7.099999999999998
1342842,7.1
1343300,8.099999999999998
1343508,7.1
1343744,6.1
1343956,7.099999999999999
1344135,6.099999999999999
1344351,7.099999999999999
1344477,5.1
1344716,7.099999999999998
1344837,7.099999999999998
1345016,4.099999999999999
1345186,5.1
1345418,6.099999999999998
1345659,7.099999999999999
1345919,6.099999999999999
1346190,7.099999999999999
1346410,7.099999999999999
1346660,7.099999999999998
1346906,5.1
1347121,7.1000000000000005
1347354,7.1
1347513,6.099999999999998
1347762,5.1000000000000005
1348011,8.100000000000001
1348200,7.099999999999999
1348421,7.099999999999998
1348696,6.099999999999999
1348826,4.099999999999999
1348967,4.099999999999998
1349148,6.099999999999998
1349338,7.099999999999999
1349548,7.099999999999998
1349722,7.099999999999997
1349912,6.099999999999999
1350392,6.099999999999999
1350880,8.100000000000001
1351145,6.1
1351375,4.1
1351736,7.099999999999998
1352025,7.099999999999998
1352234,7.099999999999999
1352385,7.099999999999999
1352593,8.100000000000001
1352722,6.099999999999998
1352816,6.1
1353020,6.099999999999999
1353279,6.099999999999998
1353555,6.1
1354067,7.099999999999999
1354302,7.099999999999998
1354481,7.099999999999999
1354928,7.099999999999999
1355320,7.099999999999999
1355524,7.099999999999999
1355755,5.099999999999999
1355949,7.1
1356118,7.099999999999999
1356329,7.1
1356538,7.099999999999999
1356755,6.1
1357055,7.099999999999999
1357304,6.099999999999998
1357464,7.099999999999999
1357758,5.100000000000001
1357893,6.1
1358065,6.099999999999998
1358262,7.099999999999999
1358487,7.099999999999999
1358659,7.099999999999999
1358913,6.099999999999999
1359066,7.099999999999999
1359299,7.099999999999998
1359485,5.099999999999999
1359662,7.099999999999999
1360198,7.1
1360397,7.1
1360613,7.1
1360800,6.099999999999998
1360974,7.099999999999999
1361271,6.100000000000001
1361409,6.099999999999999
1361629,7.099999999999999
1361823,7.099999999999999
1361973,5.099999999999998
1362247,7.099999999999997
1362430,7.1
1362617,5.1
1362808,7.099999999999999
1363027,5.099999999999998
1363438,7.099999999999994
1363703,6.099999999999999
1363966,6.1
1364127,5.1
1364178,3.1000000000000005
1364406,7.099999999999999
1364559,7.099999999999999
1364739,5.099999999999999
1365023,6.099999999999999
1365443,8.099999999999998
1365610,5.099999999999999
1365646,2.0999999999999996
1365840,5.099999999999998
1366108,7.099999999999998
1366312,6.099999999999999
1366572,7.099999999999999
1366840,7.1
1367058,6.099999999999999
1367216,5.099999999999999
1367514,7.099999999999997
1367947,5.1000000000000005
1368279,6.100000000000001
1368463,3.099999999999999
1368842,8.100000000000003
1369048,7.099999999999999
1369278,6.099999999999998
1369493,7.099999999999999
1369693,5.099999999999999
1369948,7.099999999999999
1370246,7.099999999999999
1370454,6.099999999999998
1370629,6.099999999999999
1370991,6.1000000000000005
1371185,6.1
1371391,7.099999999999998
1371692,8.100000000000001
1371979,7.099999999999998
1372231,7.099999999999998
1372435,6.099999999999999
1372858,7.099999999999999
1373082,7.099999999999998
1373269,5.099999999999999
1373446,5.1
1373651,6.1
1373850,6.099999999999999
1374200,8.100000000000001
1374460,6.099999999999999
1374815,7.099999999999998
1375264,7.1000000000000005
1375473,5.1
1375789,8.1
1376041,7.099999999999996
1376297,7.099999999999999
1376531,7.1
1376736,6.099999999999999
1376946,6.099999999999997
1377087,3.099999999999999
1377258,7.099999999999999
1377502,6.099999999999997
1377697,7.099999999999999
1377923,6.099999999999999
1378222,7.099999999999997
1378392,7.099999999999999
1378556,6.099999999999999
1378799,7.099999999999999
1379011,7.099999999999999
1379220,7.099999999999998
1379433,6.099999999999999
1379653,5.099999999999999
1379853,7.099999999999999
1380180,6.100000000000001
1380342,7.1
1380540,7.099999999999999
1380692,7.099999999999999
1380869,6.099999999999999
1381035,7.099999999999999
1381403,7.099999999999999
1381632,4.1
1382204,8.099999999999998
1382401,7.1
1382658,7.099999999999996
1382864,6.099999999999999
1382919,1.1
1383130,6.1
1383342,7.099999999999999
1383556,7.099999999999999
1383722,6.099999999999999
1384090,7.099999999999998
1384323,5.099999999999998
1384524,7.099999999999999
1384810,6.1000000000000005
1385042,7.099999999999998
1385277,7.099999999999998
1385464,5.099999999999999
1386166,8.1
1386393,6.099999999999998
1386653,8.099999999999998
1386834,7.099999999999999
1387065,8.100000000000001
1387419,7.1
1387630,6.099999999999998
1388056,7.099999999999996
1388262,6.099999999999999
1388497,6.1
1388697,7.1
1388848,4.099999999999997
1388992,6.099999999999998
1389158,7.099999999999998
1389374,7.099999999999999
1389658,7.099999999999998
1389857,5.099999999999999
1390123,6.099999999999999
1390296,7.099999999999998
1390452,7.1
1390667,6.1
1390809,6.099999999999999
1391243,7.100000000000001
1391476,5.099999999999999
1391756,7.099999999999996
1392038,7.099999999999999
1392215,5.099999999999999
1392348,5.1
1392553,7.099999999999999
1392724,6.099999999999999
1393030,5.1
1393088,3.1
1393181,4.099999999999999
1393363,7.099999999999998
1393845,8.099999999999994
1394133,7.099999999999999
1394288,6.099999999999999
1394583,7.099999999999998
1394789,5.099999999999998
1395009,7.099999999999998
1395252,6.099999999999998
1395467,6.099999999999999
1395651,6.099999999999999
1395895,6.099999999999998
1396142,7.099999999999998
1396373,7.099999999999999
1396809,7.1
1396976,7.1
1397192,6.099999999999998
1397621,8.100000000000001
1397799,4.1
1397960,6.099999999999999
1398139,7.099999999999999
1398300,6.1
1398777,8.100000000000001
1398919,5.099999999999998
1399220,8.100000000000001
1399427,5.099999999999999
1399653,7.099999999999999
1399925,7.099999999999999
1400137,7.099999999999999
1400347,5.099999999999999
1400522,6.099999999999999
1400751,7.099999999999998
1400974,6.099999999999999
1401172,7.1
1401432,7.099999999999998
1401651,4.099999999999999
1401862,7.099999999999998
1402095,5.1
1402286,7.1
1402521,7.099999999999999
1402567,1.1
1402941,7.099999999999997
1403112,6.099999999999998
1403275,5.099999999999999
1403548,7.099999999999998
1403753,7.099999999999999
1404087,8.100000000000001
1404151,5.099999999999999
1404323,3.099999999999999
1404490,5.099999999999999
1404722,8.1
1404927,7.099999999999999
1405105,7.099999999999999
1405296,7.099999999999999
1405495,5.099999999999999
1405660,6.1
1405976,5.1
1406418,5.100000000000002
1406662,8.1
1407117,8.100000000000003
1407176,5.099999999999999
1407421,7.099999999999998
1407646,6.099999999999996
1407988,8.100000000000003
1408437,7.099999999999994
1408669,6.099999999999999
1408847,7.099999999999999
1409094,6.099999999999999
1409250,7.099999999999998
1409463,5.099999999999999
1409662,7.099999999999998
1409883,7.099999999999997
1410076,7.099999999999999
1410280,6.099999999999997
1410614,7.1000000000000005
1410842,7.1
1411299,7.099999999999995
1411618,7.099999999999998
1411942,8.099999999999998
1412184,6.099999999999999
1412468,5.099999999999999
1412786,6.099999999999997
1413009,6.099999999999998
1413277,8.100000000000003
1413535,7.1
1413794,7.099999999999999
1414107,8.099999999999998
1414391,8.099999999999998
1414593,7.099999999999997
1414900,6.1
1415367,8.1
1415563,6.099999999999999
1415798,7.099999999999999
1415955,4.099999999999998
1416194,4.1
1416702,7.099999999999999
1416942,6.099999999999998
1417166,7.099999999999999
1417426,7.099999999999998
1417660,6.099999999999999
1417946,7.099999999999999
1418144,5.099999999999999
1418385,5.099999999999997
1418929,7.1
1419182,6.099999999999999
1419426,6.099999999999998
1419640,7.099999999999999
1419916,8.1
1420170,7.099999999999996
1420407,6.099999999999999
1420673,4.1000000000000005
1420965,8.100000000000003
1421154,7.099999999999999
1421326,6.099999999999999
1421521,6.099999999999999
1421734,8.100000000000001
1421889,6.099999999999999
1422176,6.099999999999998
1422320,5.1
1422658,8.1
1422842,7.099999999999999
1423028,7.099999999999999
1423211,6.099999999999999
1423434,6.099999999999999
1423666,7.099999999999998
1423874,7.1
1424181,7.1000000000000005
1424440,6.099999999999999
1424635,6.099999999999999
1424812,6.099999999999999
1424939,5.099999999999999
1425147,6.099999999999999
1425338,6.099999999999999
1425517,7.099999999999998
1425769,7.099999999999997
1426075,7.099999999999999
1426423,8.1
1426629,5.099999999999999
1426860,5.099999999999998
1427013,6.099999999999999
1427177,5.099999999999999
1427379,6.099999999999999
1427593,5.1
1427777,7.1
1427979,5.099999999999999
1428205,7.099999999999999
1428375,6.1
1428618,6.099999999999997
1428976,8.1
1429149,6.099999999999999
1429331,6.099999999999999
1429540,6.099999999999998
1429773,6.099999999999999
1429990,5.099999999999998
1430196,7.099999999999999
1430423,7.099999999999998
1430815,6.1000000000000005
1430980,7.099999999999998
1431140,2.1
1431481,7.099999999999999
1431897,7.1000000000000005
1432126,7.099999999999999
1432326,5.099999999999999
1432584,7.099999999999998
1432858,7.1
1433038,7.099999999999999
1433233,6.099999999999999
1433443,5.099999999999998
1433715,7.099999999999999
1433879,7.099999999999999
1434074,6.1
1434361,6.099999999999999
1434524,7.1
1434733,6.099999999999999
1435011,7.1
1435243,7.099999999999996
1435548,7.099999999999997
1435764,6.099999999999998
1435959,7.099999999999998
1436217,5.099999999999998
1436465,6.1
1436695,7.099999999999999
1436921,5.099999999999999
1437147,7.099999999999998
1437207,2.0999999999999996
1437429,6.099999999999999
1437597,5.099999999999999
1437778,7.1
1437999,7.099999999999998
1438166,6.099999999999999
1438435,8.100000000000001
1438718,7.099999999999996
1439048,8.100000000000003
1439238,7.099999999999999
1439420,7.099999999999998
1439628,7.099999999999999
1439810,7.099999999999999
1440018,7.099999999999999
1440263,6.099999999999999
1440426,5.099999999999998
1440871,7.100000000000001
1441012,6.1
1441222,7.1
1441423,6.099999999999999
1441587,7.099999999999998
1441736,4.099999999999999
1442023,6.099999999999999
1442269,8.100000000000003
1442559,7.099999999999999
1442761,7.099999999999999
1442939,6.099999999999997
1443236,5.099999999999997
1443469,8.100000000000003
1443755,8.100000000000001
1444017,7.099999999999999
1444183,6.1
1444438,8.100000000000001
1444646,6.099999999999997
1444942,4.1
1445180,7.099999999999999
1445397,7.099999999999999
1445580,7.099999999999999
1445806,8.100000000000001
1446023,6.099999999999999
1446194,6.099999999999998
1446389,6.099999999999999
1446613,6.099999999999998
1446878,6.099999999999999
1447166,6.1
1447455,7.099999999999999
1447739,5.099999999999997
1447903,7.099999999999999
1448167,5.099999999999999
1448349,4.099999999999998
1448524,7.099999999999999
1448734,6.1
1448930,7.099999999999999
1449142,7.099999999999999
1449346,6.099999999999999
1449597,5.099999999999998
1449810,7.1
1449955,6.1
1450207,6.1
1450371,7.099999999999999
1450726,7.1000000000000005
1450962,7.099999999999998
1451151,6.099999999999998
1451345,7.099999999999999
1451558,7.099999999999998
1451738,6.099999999999999
1451985,6.099999999999999
1452182,8.100000000000001
1452427,7.099999999999999
1452649,6.099999999999998
1452810,7.099999999999997
1452986,6.099999999999999
1453469,8.1
1453693,7.099999999999998
1454120,6.100000000000002
1454275,4.1
1454613,5.1000000000000005
1454809,7.099999999999999
1455041,6.1
1455362,7.099999999999996
1455671,7.099999999999997
1455842,7.1
1456073,7.099999999999999
1456252,6.099999999999999
1456491,8.100000000000001
1456695,7.099999999999998
1457288,7.099999999999994
1457531,7.099999999999998
1457752,6.099999999999999
1457951,5.1
1458101,6.1
1458142,1.1
1458341,7.1
1458599,6.099999999999999
1458784,6.099999999999999
1459101,7.1
1459304,7.099999999999999
1459559,6.099999999999999
1459794,7.099999999999998
1460084,6.099999999999999
1460305,5.099999999999998
1460565,6.1000000000000005
1460769,6.099999999999999
1460962,6.099999999999998
1461130,6.1
1461350,7.099999999999999
1461582,7.1
1461789,6.099999999999999
1461994,6.099999999999999
1462233,7.099999999999998
1462705,5.1
1462920,7.099999999999999
1463117,7.1
1463309,7.099999999999999
1463663,6.1000000000000005
1463856,7.099999999999997
1464078,6.099999999999999
1464294,7.099999999999999
1464444,6.099999999999999
1464830,7.099999999999999
1465316,7.1000000000000005
1465597,7.1000000000000005
1465895,7.099999999999999
1466156,6.099999999999999
1466337,7.099999999999999
1466621,7.099999999999998
1466817,5.099999999999999
1467076,6.099999999999999
1467116,3.0999999999999996
1467341,5.099999999999999
1467559,7.099999999999997
1467814,7.099999999999997
1468018,6.099999999999998
1468237,8.100000000000003
1468432,6.099999999999999
1468652,6.099999999999999
1468816,5.099999999999998
1469017,6.099999999999999
1469440,8.1
1469557,5.099999999999998
1469611,4.1
1469669,4.1
1469830,7.099999999999999
1470024,7.099999999999999
1470231,7.099999999999999
1470459,5.099999999999999
1470640,6.099999999999999
1470875,8.1
1471083,5.099999999999999
1471293,6.099999999999998
1471511,6.099999999999999
1471789,7.099999999999999
1472070,7.099999999999998
1472324,6.099999999999998
1472491,6.099999999999999
1472724,4.099999999999998
1472897,6.099999999999999
1473070,7.099999999999999
1473361,8.099999999999998
1473572,7.099999999999998
1473816,7.099999999999999
1474022,7.099999999999999
1474194,6.099999999999999
1474398,7.099999999999998
1474641,6.099999999999996
1474803,2.1
1474996,6.099999999999997
1475143,5.1
1475348,7.1
1475570,6.099999999999999
1475820,6.099999999999998
1476151,8.099999999999996
1476373,5.099999999999999
1476558,6.099999999999999
1476714,7.099999999999999
1477139,6.100000000000002
1477364,7.099999999999999
1477540,5.099999999999998
1477717,6.099999999999998
1477933,7.099999999999998
1478423,7.100000000000001
1478626,8.100000000000003
1478822,6.099999999999999
1479006,5.099999999999999
1479269,7.099999999999998
1479629,7.099999999999997
1479993,7.099999999999996
1480423,8.100000000000001
1480593,6.099999999999999
1481075,7.100000000000001
1481319,7.099999999999999
1481557,8.099999999999998
1481977,6.1000000000000005
1482138,6.099999999999999
1482610,8.100000000000001
1482829,7.099999999999998
1483027,6.099999999999998
1483257,6.099999999999999
1483481,6.1
1483711,6.099999999999999
1483901,7.099999999999999
1484090,6.1
1484375,5.1000000000000005
1484562,5.099999999999999
1484814,6.099999999999997
1484984,6.099999999999999
1485185,7.099999999999999
1485413,7.099999999999999
1485564,7.1
1485838,8.099999999999998
1486043,7.099999999999999
1486232,7.1
1486454,7.099999999999998
1486682,7.099999999999998
1487000,7.099999999999999
1487166,5.099999999999999
1487435,6.099999999999997
1487724,6.099999999999999
1487897,2.1000000000000005
1488030,5.1
1488269,5.099999999999999
1488482,5.099999999999998
1488690,4.099999999999999
1489066,6.1
1489265,6.099999999999999
1489462,7.099999999999997
1489759,5.1000000000000005
1490075,8.1
1490324,6.099999999999997
1490554,6.099999999999998
1490776,5.099999999999999
1491063,6.099999999999995
1491305,6.099999999999999
1491534,7.099999999999996
1491721,4.099999999999999
1491932,8.100000000000003
1492240,6.100000000000001
1492530,6.099999999999999
1492781,5.1000000000000005
1492984,5.099999999999999
1493109,3.099999999999999
1493317,6.099999999999999
1493562,5.1
1493796,6.099999999999998
1494027,5.099999999999999
1494252,6.099999999999998
1494558,4.100000000000001
1494805,6.099999999999999
1495047,3.099999999999999
1495257,6.099999999999998
1495424,5.1000000000000005
1495778,6.100000000000001
1495948,4.099999999999999
1496064,3.099999999999999
1496271,6.1
1496425,5.1
1496733,7.099999999999999
1497000,6.099999999999997
1497238,6.099999999999998
1497500,7.099999999999998
1497726,6.099999999999997
1497963,5.099999999999999
1498171,6.099999999999998
1498422,7.099999999999998
1498657,5.099999999999999
1498818,5.099999999999999
1499108,6.099999999999997
1499336,7.099999999999997
1499537,6.1
1499790,6.099999999999997
1499976,6.099999999999998
1500311,6.100000000000001
1500499,4.099999999999999
1500657,4.099999999999999
1500871,5.099999999999998
1501143,7.099999999999999
1501377,6.099999999999999
1501600,5.099999999999999
1501962,6.100000000000001
1502175,6.099999999999999
1502457,2.099999999999999
1502647,5.099999999999998
1502827,6.1
1502996,5.1
1503340,6.1
1503764,5.100000000000002
1503981,5.099999999999998
1504180,6.099999999999999
1504387,6.099999999999999
1504715,7.099999999999999
1504924,7.099999999999999
1505144,7.099999999999999
1505326,7.099999999999999
1505552,7.099999999999998
1505727,4.1
1505910,6.1
1506100,5.099999999999999
1506339,8.100000000000001
1506513,5.099999999999999
1506758,7.1
1507104,7.099999999999999
1507338,6.099999999999999
1507611,7.099999999999997
1507754,7.1
1507934,7.099999999999999
1508403,7.100000000000001
1508623,8.100000000000001
1508886,7.099999999999998
1509128,7.099999999999999
1509322,7.1
1509564,7.099999999999999
1509803,8.1
1510045,6.099999999999999
1510323,7.099999999999997
1510531,6.1
1510756,7.099999999999999
1511068,7.099999999999998
1511223,5.099999999999999
1511304,6.099999999999999
1511622,7.099999999999997
1511867,5.099999999999999
1512118,7.099999999999998
1512351,6.1
1512727,5.100000000000001
1512977,7.1
1513220,5.1
1513423,7.099999999999999
1513719,6.099999999999999
1513955,7.099999999999998
1514257,8.100000000000001
1514414,7.099999999999999
1514640,7.099999999999999
1514863,6.099999999999998
1515221,6.100000000000001
1515633,6.100000000000001
1515819,7.099999999999998
1515965,6.099999999999999
1516157,6.099999999999999
1516447,7.099999999999999
1516662,5.099999999999998
1516879,7.099999999999999
1517058,4.1
1517394,7.1000000000000005
1517590,6.099999999999999
1517752,6.1
1518048,6.099999999999999
1518322,4.1
1518562,5.1
1518784,6.1
1519012,6.099999999999998
1519188,5.099999999999999
1519389,6.099999999999998
1519568,6.099999999999999
1519841,5.099999999999999
1520177,6.1000000000000005
1520383,5.1
1520615,6.099999999999999
1520894,5.099999999999999
1521079,6.099999999999999
1521228,4.099999999999999
1521282,3.099999999999999
1521513,6.099999999999999
1521755,8.100000000000001
1522019,6.099999999999999
1522219,5.099999999999999
1522395,7.099999999999999
1522573,6.099999999999999
1522890,7.099999999999998
1523149,7.099999999999999
1523385,7.099999999999998
1523755,7.100000000000001
1523936,7.099999999999999
1524222,8.099999999999998
1524448,5.099999999999998
1524691,5.099999999999999
1525090,3.099999999999999
1525315,5.099999999999998
1525527,5.099999999999999
1525725,6.099999999999999
1525957,5.099999999999999
1526180,5.1
1526401,5.099999999999998
1526695,7.099999999999998
1526935,4.099999999999999
1527104,6.1
1527318,7.099999999999999
1527656,7.1
1527846,6.099999999999999
1528041,6.099999999999998
1528331,6.1000000000000005
1528487,6.099999999999998
1528755,7.099999999999998
1528924,6.099999999999999
1529191,7.099999999999998
1529449,4.1000000000000005
1529657,5.099999999999998
1529879,7.099999999999998
1530093,5.099999999999999
1530267,6.099999999999999
1530488,6.099999999999999
1530758,7.099999999999998
1530988,6.099999999999999
1531238,7.099999999999999
1531598,6.099999999999998
1531834,7.099999999999998
1532103,8.100000000000001
1532300,7.099999999999999
1532460,5.1
1532702,7.099999999999998
1532974,7.099999999999997
1533196,6.099999999999999
1533386,7.099999999999999
1533575,4.099999999999999
1533837,3.099999999999999
1533996,6.099999999999999
1534182,6.099999999999997
1534401,8.100000000000001
1534690,7.099999999999999
1534922,6.099999999999997
1535087,7.099999999999999
1535314,7.099999999999998
1535548,5.099999999999998
1535801,6.099999999999998
1536197,7.099999999999999
1536385,7.099999999999997
1536640,7.099999999999997
1537036,8.1
1537245,4.099999999999999
1537451,7.099999999999998
1537687,8.1
1537983,6.1
1538256,5.099999999999999
1538453,5.099999999999999
1538674,7.099999999999999
1538848,7.099999999999998
1539040,7.099999999999999
1539272,8.1
1539458,6.099999999999999
1539729,6.099999999999998
1540002,7.099999999999998
1540172,6.1
1540367,5.099999999999997
1540550,7.099999999999999
1540782,3.1
1541175,7.1
1541462,8.100000000000001
1541726,7.099999999999999
1541966,8.099999999999998
1542184,6.099999999999999
1542234,4.1
1542444,6.099999999999998
1542629,8.100000000000001
1542847,7.099999999999998
1543107,6.099999999999998
1543366,7.099999999999999
1543535,6.1
1543689,7.099999999999998
1543845,6.099999999999999
1544013,7.1
1544220,8.1
1544456,7.1
1544630,7.099999999999999
1544883,7.099999999999996
1545090,6.099999999999999
1545486,6.100000000000001
1545795,7.100000000000001
1546072,7.099999999999999
1546219,5.099999999999997
1546455,7.099999999999998
1546761,8.1
1546805,3.0999999999999996
1547049,7.099999999999998
1547429,7.1
1547862,7.1000000000000005
1548070,5.1
1548460,6.1000000000000005
1548682,7.099999999999998
1548964,7.099999999999998
1549198,7.099999999999998
1549408,7.1
1549625,6.099999999999999
1549865,7.099999999999997
1550390,5.100000000000003
1550598,8.100000000000003
1550769,6.099999999999999
1550944,7.099999999999999
1551139,7.099999999999999
1551344,7.099999999999999
1551583,8.1
1551791,8.1
1552079,7.099999999999999
1552278,7.099999999999999
1552537,7.1000000000000005
1552691,6.099999999999999
1552896,7.099999999999996
1553257,6.100000000000002
1553462,6.1
1553760,8.1
1554086,7.099999999999999
1554292,7.099999999999999
1554666,7.1
1555106,4.100000000000002
1555353,6.099999999999998
1555522,7.099999999999999
1555622,4.1
1555764,4.1
1555943,6.099999999999999
1556249,7.099999999999997
1556436,7.099999999999999
1556652,6.099999999999999
1556900,6.099999999999997
1557147,7.099999999999998
1557375,7.099999999999998
1557600,6.099999999999999
1557843,8.100000000000001
1558052,8.1
1558354,7.099999999999997
1558878,8.1
1559076,7.099999999999999
1559342,6.099999999999999
1559588,6.099999999999999
1559752,6.099999999999998
1559980,7.099999999999998
1560170,5.099999999999999
1560404,8.1
1560634,6.099999999999998
1560801,6.1
1560995,6.099999999999999
1561231,7.099999999999998
1561465,7.099999999999998
1561697,5.099999999999998
1562255,7.100000000000002
1562437,7.099999999999999
1562621,7.099999999999998
1562822,7.099999999999998
1562992,7.099999999999999
1563248,6.1
1563466,8.100000000000001
1563713,6.1
1563953,7.099999999999998
1564181,7.099999999999999
1564466,7.099999999999999
1564727,8.099999999999998
1564947,6.1
1565231,8.1
1565435,6.099999999999999
1565680,7.099999999999998
1565905,7.099999999999999
1566097,5.099999999999999
1566347,6.099999999999999
1566655,7.099999999999999
1566950,7.099999999999998
1567159,7.099999999999999
1567408,7.099999999999999
1567687,6.1
1567912,6.099999999999998
1568162,7.099999999999999
1568636,8.100000000000001
1568831,5.099999999999999
1569008,6.099999999999998
1569221,7.099999999999998
1569392,5.1
1569584,6.099999999999999
1569985,7.100000000000001
1570345,7.1
1570578,7.099999999999997
1570759,7.099999999999999
1570947,5.099999999999998
1571101,6.099999999999997
1571400,7.099999999999999
1571568,6.1
1571760,6.1
1572277,7.1
1572509,7.1
1572748,7.099999999999998
1572981,5.1000000000000005
1573192,6.1
1573495,5.1000000000000005
1573696,7.099999999999999
1573944,6.099999999999997
1574104,5.099999999999999
1574272,5.099999999999999
1574529,7.099999999999998
1574724,6.099999999999998
1574995,6.099999999999997
1575268,7.099999999999999
1575472,7.099999999999999
1575755,7.099999999999999
1575931,6.099999999999999
1576114,6.099999999999999
1576333,6.099999999999999
1576680,8.100000000000003
1576888,7.099999999999998
1577069,7.099999999999999
1577281,6.099999999999999
1577489,6.1
1577751,7.099999999999998
1577961,6.099999999999999
1578176,6.099999999999999
1578214,4.1
1578532,5.099999999999996
1579009,7.099999999999996
1579155,6.099999999999998
1579388,5.1
1579443,2.1
1579697,6.1000000000000005
1579912,7.099999999999999
1580131,5.099999999999999
1580361,8.100000000000001
1580563,7.099999999999998
1580747,5.099999999999999
1580953,5.099999999999999
1581139,6.099999999999999
1581336,7.099999999999997
1581556,7.099999999999998
1581754,6.099999999999999
1582011,6.099999999999998
1582187,7.099999999999999
1582355,7.099999999999999
1582553,7.099999999999999
1582751,6.099999999999997
1583054,6.1000000000000005
1583272,6.099999999999998
1583486,8.100000000000001
1583663,6.1
1584067,8.1
1584268,7.099999999999999
1584480,4.099999999999998
1584769,6.099999999999998
1584929,6.099999999999997
1585185,5.099999999999999
1585464,6.1000000000000005
1585634,5.099999999999999
1585863,6.099999999999996
1586305,7.100000000000002
1586713,6.1000000000000005
1586922,7.099999999999999
1587210,6.1
1587425,7.099999999999998
1587538,5.099999999999999
1587773,7.099999999999999
1588013,7.099999999999997
1588285,8.100000000000001
1588597,5.1
1588930,6.1
1589180,7.099999999999998
1589438,6.099999999999998
1589783,7.099999999999998
1590093,8.100000000000001
1590446,7.099999999999998
1590624,7.099999999999999
1590858,7.1
1591027,6.1
1591261,6.1
1591512,2.099999999999999
1591819,7.099999999999998
1591996,5.099999999999998
1592214,7.099999999999998
1592392,4.099999999999999
1592634,8.1
1592878,7.099999999999999
1593098,7.099999999999999
1593338,6.099999999999998
1593572,8.1
1593778,7.099999999999999
1593977,8.1
1594154,3.0999999999999996
1594423,5.099999999999999
1594674,8.099999999999998
1594949,7.099999999999999
1595164,6.099999999999999
1595340,6.099999999999999
1595753,6.100000000000003
1595959,8.100000000000003
1596249,7.099999999999995
1596464,8.099999999999998
1596694,7.099999999999999
1596894,4.099999999999999
1597126,5.099999999999998
1597281,5.1
1597442,5.1
1597686,8.100000000000001
1597933,6.099999999999999
1598130,3.099999999999999
1598232,5.1
1598522,6.1000000000000005
1598664,7.1
1598863,6.099999999999999
1599054,8.1
1599307,7.099999999999998
1599503,7.099999999999999
1599802,8.100000000000001
1599972,5.1
1600157,8.1
1600339,6.099999999999998
1600529,7.099999999999999
1600731,6.099999999999998
1601120,7.099999999999998
1601399,7.1
1601648,4.099999999999998
1601883,7.099999999999999
1602187,5.1
1602443,7.099999999999997
1602646,7.099999999999999
1602749,6.099999999999999
1602996,6.099999999999999
1603156,7.099999999999999
1603340,6.1
1603518,6.1
1603727,6.099999999999999
1604095,7.099999999999997
1604288,5.099999999999999
1604480,7.099999999999998
1604635,6.099999999999999
1604882,4.1
1605086,6.099999999999999
1605330,8.1
1605599,7.099999999999999
1605794,5.099999999999999
1606252,7.1
1606437,6.099999999999999
1606658,5.1
1606795,5.099999999999999
1607021,6.1
1607414,7.099999999999999
1607599,7.1
1607739,7.099999999999999
1607919,7.1
1608202,8.100000000000001
1608564,7.099999999999998
1608763,7.099999999999999
1608966,8.100000000000001
1609160,5.099999999999999
1609333,7.099999999999999
1609536,6.099999999999999
1609717,5.099999999999999
1609895,7.099999999999999
1610170,7.099999999999998
1610414,7.099999999999999
1610622,7.099999999999998
1610836,6.099999999999999
1611048,7.099999999999998
1611217,7.099999999999999
1611473,8.100000000000001
1611652,7.099999999999999
1611871,9.100000000000001
1612013,5.1
1612053,3.0999999999999996
1612143,5.099999999999999
1612372,6.099999999999997
1612557,7.099999999999999
1612733,7.099999999999999
1612938,7.099999999999999
1613193,6.099999999999998
1613437,6.099999999999999
1613709,7.099999999999999
1613944,6.099999999999998
1614126,7.099999999999999
1614348,7.099999999999998
1614533,7.099999999999998
1614689,6.099999999999999
1614846,7.099999999999998
1614892,1.1
1615125,7.099999999999998
1615347,5.1
1615491,6.099999999999999
1615704,5.1
1615882,5.1
1616184,6.1
1616405,7.099999999999998
1616672,7.1000000000000005
1616964,8.100000000000001
1617172,7.099999999999999
1617863,7.099999999999999
1618044,7.099999999999999
1618238,7.099999999999999
1618514,6.099999999999999
1618718,7.099999999999999
1619133,8.100000000000001
1619383,6.099999999999998
1619571,6.099999999999999
1619736,6.099999999999999
1619916,7.099999999999999
1620103,8.1
1620320,6.099999999999998
1620590,6.1000000000000005
1620852,8.099999999999998
1621076,6.099999999999998
1621359,6.1
1621604,7.099999999999999
1621838,7.099999999999998
1621994,6.099999999999999
1622382,6.100000000000002
1622429,4.099999999999999
1622659,6.099999999999999
1622873,7.099999999999998
1623125,7.1
1623164,5.1
1623369,5.099999999999999
1623757,7.099999999999999
1623922,7.099999999999999
1624172,7.099999999999999
1624383,6.099999999999999
1624617,7.099999999999997
1624810,7.099999999999999
1624980,4.099999999999998
1625186,7.099999999999999
1625376,7.099999999999999
1625569,6.099999999999999
1625823,7.099999999999998
1626038,7.099999999999999
1626284,8.100000000000001
1626650,8.100000000000003
1626887,7.1
1627127,7.099999999999998
1627322,6.099999999999999
1627482,6.099999999999999
1627655,7.1
1627834,5.099999999999999
1628033,5.099999999999999
1628228,6.1
1628444,4.099999999999999
1628613,7.1
1628817,7.099999999999999
1629082,6.099999999999999
1629431,8.1
1629741,8.100000000000003
1630025,7.099999999999999
1630261,6.099999999999999
1630470,7.099999999999999
1630785,7.099999999999999
1630972,6.099999999999999
1631163,7.099999999999999
1631220,3.0999999999999996
1631588,8.100000000000003
1631793,7.099999999999998
1632101,8.100000000000001
1632492,6.100000000000001
1632703,6.099999999999999
1632931,7.099999999999998
1633131,7.099999999999999
1633187,0.10000000000000009
1633388,6.099999999999998
1633635,6.1
1633843,6.099999999999999
1633926,5.1
1634118,7.099999999999999
1634276,6.099999999999998
1634551,5.099999999999998
1634694,1.1
1634855,7.099999999999998
1635161,7.099999999999998
1635448,5.099999999999999
1635692,7.099999999999999
1635942,7.099999999999998
1636161,4.099999999999998
1636361,4.099999999999999
1636672,8.100000000000001
1637068,8.099999999999998
1637161,4.1
1637360,7.099999999999999
1637582,7.1
1637885,8.099999999999998
1638329,7.099999999999998
1638572,5.099999999999998
1638766,6.1
1639011,7.099999999999999
1639186,7.099999999999999
1639369,4.099999999999999
1639707,6.100000000000001
1640216,7.1
1640471,7.099999999999998
1640761,6.1000000000000005
1641105,6.1
1641204,6.099999999999999
1641508,7.099999999999998
1641727,7.099999999999998
1641902,6.099999999999998
1642087,6.099999999999999
1642277,4.099999999999999
1642482,6.099999999999999
1642677,5.099999999999998
1642901,6.099999999999999
1643135,8.100000000000001
1643331,7.099999999999999
1643516,8.100000000000001
1643997,8.100000000000003
1644315,7.099999999999998
1644520,6.099999999999997
1644783,7.099999999999998
1645273,8.100000000000001
1645441,6.099999999999999
1645640,6.099999999999998
1645858,7.099999999999997
1646065,7.099999999999999
1646297,6.1
1646493,7.099999999999999
1646754,6.099999999999998
1646934,7.1
1647438,6.100000000000001
1647628,6.099999999999999
1647922,8.1
1648178,7.099999999999998
1648372,7.099999999999999
1648550,6.099999999999999
1648685,5.099999999999999
1648948,6.099999999999999
1649214,5.1
1649458,2.099999999999999
1649812,5.1000000000000005
1650039,6.099999999999997
1650183,5.099999999999999
1650347,7.1
1650490,4.1000000000000005
1650756,5.1000000000000005
1650997,7.099999999999998
1651198,6.099999999999999
1651418,8.100000000000001
1651589,6.099999999999999
1651777,6.099999999999998
1651982,7.1
1652197,5.099999999999999
1652382,6.099999999999999
1652592,7.099999999999999
1652893,8.100000000000003
1653169,7.099999999999999
1653385,6.099999999999999
1653680,6.100000000000001
1653808,6.099999999999998
1654031,5.099999999999998
1654216,7.099999999999999
1654488,5.1
1654738,5.099999999999999
1654942,6.099999999999999
1655151,7.099999999999998
1655429,7.099999999999999
1655660,7.1
1655801,7.1
1656009,5.099999999999999
1656232,6.099999999999999
1656640,6.100000000000001
1656937,6.099999999999998
1657211,6.1000000000000005
1657421,6.099999999999997
1657680,8.100000000000001
1657865,7.099999999999999
1658051,6.1
1658196,5.099999999999998
1658575,8.1
1658768,5.099999999999999
1658993,4.099999999999999
1659158,5.1
1659403,7.099999999999998
1659602,6.099999999999997
1659846,5.099999999999998
1660059,5.099999999999999
1660295,6.099999999999998
1660756,8.100000000000003
1660804,3.0999999999999996
1661002,5.099999999999999
1661221,7.099999999999999
1661474,7.099999999999998
1661689,8.100000000000001
1662081,6.100000000000002
1662313,6.099999999999999
1662735,8.100000000000003
1662899,7.099999999999999
1663099,4.099999999999999
1663356,7.099999999999999
1663525,7.099999999999998
1663731,6.099999999999999
1663911,6.1
1664090,4.099999999999999
1664182,4.099999999999999
1664404,7.099999999999998
1664599,7.099999999999999
1664677,4.099999999999999
1664888,5.099999999999999
1665172,8.100000000000001
1665394,6.099999999999998
1665629,7.099999999999998
1665913,4.1
1666297,8.100000000000003
1666544,5.1
1666864,6.1
1667041,7.1
1667256,5.1
1667720,8.100000000000001
1667959,5.099999999999999
1668270,8.100000000000001
1668491,7.099999999999999
1668671,4.099999999999999
1668952,6.100000000000001
1669180,7.099999999999998
1669447,8.100000000000001
1669666,4.1
1669837,4.099999999999999
1670149,7.099999999999998
1670343,7.099999999999999
1670534,6.099999999999999
1670790,7.099999999999998
1671068,6.099999999999999
1671333,5.099999999999998
1671537,7.1
1671755,7.099999999999999
1672260,6.100000000000003
1672429,5.099999999999999
1672635,5.099999999999999
1672852,7.099999999999998
1673097,7.099999999999998
1673289,5.099999999999999
1673481,6.1
1673664,7.099999999999998
1673850,6.099999999999999
1674088,7.099999999999999
1674281,5.099999999999999
1674472,6.099999999999999
1674669,5.099999999999999
1674868,6.099999999999999
1675061,7.099999999999999
1675263,6.099999999999999
1675464,8.100000000000003
1675757,5.099999999999999
1676021,6.1
1676242,6.099999999999999
1676477,7.1
1676682,7.099999999999999
1676890,7.099999999999999
1677095,7.099999999999999
1677276,7.1
1677726,7.099999999999999
1677895,6.099999999999998
1678055,7.1
1678276,7.1
1678510,8.099999999999998
1678771,6.099999999999998
1678986,7.099999999999997
1679148,6.099999999999997
1679306,6.099999999999998
1679478,8.1
1679668,6.099999999999997
1679865,6.1
1680081,6.099999999999999
1680328,6.099999999999998
1680555,7.099999999999998
1680737,6.1
1680932,8.100000000000001
1681107,6.099999999999999
1681284,7.099999999999999
1681554,7.1
1681751,6.099999999999999
1682003,7.099999999999999
1682241,6.099999999999998
1682617,7.100000000000001
1682821,7.099999999999999
1683009,8.1
1683181,6.1
1683446,7.099999999999997
1683661,7.099999999999999
1683867,7.099999999999999
1684047,7.099999999999999
1684247,6.1
1684469,6.099999999999997
1684833,8.100000000000003
1685055,8.100000000000001
1685186,5.1
1685417,7.099999999999999
1685656,7.099999999999998
1685900,6.1
1686141,8.100000000000001
1686321,6.099999999999999
1686509,6.099999999999998
1686714,7.099999999999999
1687120,6.100000000000002
1687511,7.100000000000001
1687887,7.099999999999998
1688054,7.099999999999999
1688233,6.099999999999999
1688591,6.099999999999999
1689116,8.100000000000001
1689302,7.099999999999999
1689483,5.099999999999998
1689685,7.099999999999999
1689987,7.099999999999996
1690154,7.099999999999999
1690406,8.100000000000001
1690627,6.1
1690853,7.099999999999999
1691251,4.100000000000003
1691503,7.099999999999998
1691769,7.099999999999998
1691956,4.099999999999999
1692239,8.100000000000003
1692462,7.1
1692696,6.099999999999999
1692876,8.1
1693019,5.099999999999999
1693222,7.099999999999997
1693309,6.099999999999999
1693475,5.1
1693687,5.1
1693970,6.099999999999998
1694253,7.099999999999998
1694416,5.1
1694737,7.1
1694981,7.099999999999998
1695223,6.1
1695426,7.099999999999998
1695629,5.099999999999999
1695832,7.099999999999999
1696100,5.1
1696407,6.100000000000002
1696671,7.099999999999997
1696882,7.099999999999999
1697099,6.099999999999998
1697232,6.1
1697581,7.1000000000000005
1697836,8.100000000000001
1698041,8.100000000000003
1698221,6.1
1698382,7.099999999999999
1698556,4.099999999999999
1698855,8.100000000000001
1699075,6.099999999999999
1699459,7.100000000000003
1699692,7.099999999999998
1699965,7.099999999999998
1700180,6.1
1700314,3.0999999999999996
1700485,8.099999999999998
1700689,6.099999999999998
1700903,6.1
1701046,4.1
1701232,7.099999999999999
1701452,6.099999999999999
1701671,8.100000000000001
1701873,7.099999999999998
1702072,6.099999999999999
1702277,7.099999999999999
1702565,8.100000000000001
1702774,7.099999999999999
1703173,8.100000000000003
1703555,8.100000000000001
1703783,7.099999999999998
1703919,5.1
1704396,8.100000000000001
1704588,8.100000000000003
1704862,8.100000000000001
1705064,6.099999999999999
1705249,6.099999999999998
1705430,7.099999999999999
1705931,8.100000000000001
1706110,8.100000000000001
1706338,8.100000000000003
1706526,7.099999999999998
1706690,6.099999999999999
1706846,7.099999999999999
1707058,7.099999999999999
1707201,7.1
1707583,7.1
1707807,7.099999999999996
1708118,7.099999999999998
1708258,5.1
1708507,8.099999999999998
1708750,6.099999999999997
1708966,8.100000000000003
1709166,7.099999999999998
1709340,6.099999999999999
1709650,7.100000000000001
1709848,6.099999999999999
1710079,5.099999999999999
1710291,7.1
1710494,7.099999999999999
1710660,7.099999999999998
1711009,8.1
1711264,8.100000000000001
1711452,6.099999999999999
1711682,6.099999999999999
1711897,7.099999999999998
1712075,7.1
1712235,7.099999999999999
1712392,7.099999999999999
1712828,8.100000000000001
1713029,6.099999999999998
1713260,8.1
1713433,6.099999999999998
1713627,6.099999999999999
1713829,4.099999999999999
1714038,7.099999999999999
1714342,6.1000000000000005
1714569,5.099999999999999
1714755,7.099999999999999
1714983,7.099999999999998
1715160,7.099999999999999
1715380,7.1
1715640,8.100000000000003
1715860,6.1
1716164,7.099999999999997
1716358,8.100000000000001
1716567,6.1
1716727,4.099999999999999
1717031,7.1000000000000005
1717246,8.100000000000001
1717467,7.099999999999999
1717702,7.099999999999998
1717904,5.1
1718109,7.099999999999999
1718356,6.099999999999998
1718600,7.099999999999998
1718824,8.1
1719181,7.099999999999999
1719397,5.099999999999999
1719563,6.1
1719941,7.1
1720117,8.100000000000001
1720365,6.099999999999999
1720586,6.099999999999997
1720916,8.100000000000001
1721212,8.100000000000003
1721441,5.099999999999999
1721624,7.099999999999999
1721828,7.099999999999998
1722004,8.100000000000001
1722422,6.1
1722666,5.099999999999999
1722869,7.099999999999999
1723136,6.1
1723403,7.1
1723587,7.099999999999999
1723771,5.1
1723982,8.099999999999998
1724232,7.099999999999998
1724409,8.1
1724645,5.099999999999998
1724733,5.099999999999998
1724973,8.100000000000001
1725192,7.099999999999997
1725577,8.100000000000001
1725785,5.099999999999998
1725965,7.099999999999999
1726164,7.099999999999999
1726373,7.099999999999999
1726629,6.099999999999999
1726871,8.100000000000003
1727078,8.100000000000001
1727507,7.099999999999995
1727727,7.099999999999999
1727891,6.099999999999999
1727931,2.0999999999999996
1728190,7.1
1728408,7.099999999999998
1728596,5.099999999999998
1728836,8.100000000000003
1728880,3.0999999999999996
1729093,8.100000000000003
1729346,8.100000000000001
1729546,6.099999999999999
1729711,6.099999999999999
1729950,7.099999999999998
1730233,7.1
1730501,6.1
1730723,7.099999999999999
1730905,8.100000000000003
1731253,7.099999999999998
1731306,2.0999999999999996
1731522,7.1
1731669,6.099999999999999
1732020,7.099999999999997
1732182,7.1
1732333,7.099999999999998
1732505,6.099999999999997
1732764,7.099999999999999
1732945,6.1
1733179,7.099999999999998
1733352,7.099999999999999
1733756,7.099999999999999
1733929,6.099999999999998
1734122,4.099999999999999
1734374,6.099999999999997
1734594,7.1
1734841,7.099999999999998
1735226,6.1000000000000005
1735445,6.099999999999998
1735662,4.099999999999998
1735909,8.1
1736208,7.099999999999999
1736436,7.099999999999996
1736665,7.099999999999999
1737072,8.099999999999998
1737278,8.100000000000003
1737534,7.099999999999996
1737714,8.100000000000001
1737910,6.099999999999999
1738196,5.099999999999998
1738393,7.099999999999998
1738783,7.099999999999998
1739044,6.1
1739489,8.100000000000001
1739689,7.099999999999999
1739879,7.099999999999999
1740100,6.099999999999999
1740315,6.099999999999999
1740568,8.100000000000001
1740944,8.100000000000003
1741228,7.1
1741481,7.099999999999999
1741675,6.1
1742118,8.100000000000001
1742407,7.099999999999998
1742558,6.099999999999998
1742739,6.099999999999999
1742924,6.099999999999998
1743211,7.1
1743375,7.099999999999999
1743557,7.099999999999999
1743794,7.099999999999997
1744056,6.099999999999998
1744229,5.099999999999998
1744273,4.1
1744317,1.1
1744501,7.1
1744788,8.100000000000003
1745073,5.099999999999998
1745344,6.099999999999998
1745530,7.099999999999999
1745731,7.099999999999999
1745912,7.099999999999999
1746173,6.1
1746401,7.099999999999999
1746654,6.099999999999999
1746856,7.099999999999999
1747082,6.1
1747332,7.099999999999998
1747582,8.1
1747657,4.099999999999999
1748031,8.100000000000003
1748242,5.1
1748547,6.099999999999998
1748791,7.099999999999999
1749240,7.1000000000000005
1749467,7.099999999999998
1749797,6.100000000000002
1750027,8.100000000000003
1750234,8.100000000000001
1750522,9.100000000000003
1750718,8.1
1751114,8.100000000000001
1751361,7.099999999999997
1751572,9.100000000000003
1751838,7.099999999999997
1752088,7.1
1752287,7.099999999999999
1752572,8.1
1752792,8.1
1753150,7.100000000000003
1753462,8.1
1753968,6.100000000000003
1754323,4.100000000000003
1754453,6.099999999999999
1754638,8.100000000000003
1754883,6.1
1755041,7.099999999999997
1755258,8.100000000000001
1755460,7.1
1755717,7.099999999999999
1755976,7.099999999999998
1756372,6.100000000000003
1756592,6.1
1756803,8.100000000000003
1757022,7.1
1757523,8.100000000000003
1757822,7.099999999999999
1758028,7.099999999999998
1758299,8.100000000000001
1758535,7.099999999999997
1758771,7.099999999999998
1758968,7.099999999999997
1759025,5.099999999999999
1759269,7.099999999999997
1759540,5.1000000000000005
1759806,7.099999999999998
1760023,8.100000000000001
1760212,8.1
1760388,8.100000000000001
1760593,6.099999999999999
1760864,7.099999999999999
1761223,6.100000000000003
1761445,8.1
1761602,5.099999999999999
1761650,3.099999999999999
1761855,8.1
1762043,6.099999999999999
1762253,7.099999999999998
1762437,5.099999999999999
1762675,7.099999999999996
1762912,8.100000000000001
1763270,8.100000000000001
1763528,6.099999999999999
1763950,8.100000000000001
1764178,7.099999999999997
1764413,6.099999999999998
1764644,7.099999999999998
1764822,4.099999999999999
1765237,8.100000000000001
1765442,7.1
1765624,4.099999999999997
1765846,8.100000000000001
1766113,7.099999999999997
1766421,6.099999999999999
1766628,9.100000000000003
1767066,7.1000000000000005
1767313,8.100000000000001
1767829,7.1
1768132,7.099999999999997
1768313,5.099999999999999
1768585,7.099999999999999
1768885,4.099999999999998
1769302,8.100000000000001
1769557,7.099999999999999
1769766,6.099999999999999
1770033,8.100000000000003
1770275,6.099999999999998
1770492,6.099999999999997
1770776,7.1
1771086,8.100000000000001
1771326,8.100000000000003
1771519,6.099999999999999
1771767,8.100000000000003
1771982,7.099999999999998
1772176,7.099999999999999
1772471,8.100000000000001
1772613,6.099999999999999
1772877,8.100000000000003
1773082,6.099999999999999
1773282,6.099999999999999
1773485,7.099999999999999
1773875,7.099999999999998
1774044,7.099999999999999
1774239,6.099999999999999
1774422,9.100000000000001
1774661,7.099999999999998
1774826,5.099999999999999
1775223,6.100000000000001
1775499,8.1
1775948,9.1
1776159,4.099999999999999
1776374,7.099999999999999
1776545,6.099999999999997
1776916,8.100000000000003
1777008,3.099999999999999
1777303,8.100000000000003
1777533,8.100000000000003
1777676,7.099999999999999
1777898,6.099999999999997
1778144,7.099999999999998
1778312,5.099999999999998
1778552,5.099999999999999
1778756,6.099999999999999
1778990,6.099999999999999
1779249,8.100000000000001
1779492,8.100000000000001
1779702,6.099999999999999
1779866,7.099999999999999
1780124,7.1000000000000005
1780319,6.099999999999999
1780727,6.100000000000001
1780866,7.099999999999999
1781168,6.099999999999998
1781512,6.1
1781697,7.1
1781868,6.099999999999999
1782069,8.099999999999998
1782254,7.099999999999999
1782401,6.099999999999998
1782611,7.099999999999999
1782817,8.100000000000001
1783035,6.099999999999998
1783217,6.1
1783396,7.099999999999999
1783603,8.100000000000003
1783850,8.100000000000001
1784081,8.100000000000001
1784258,7.099999999999998
1784684,9.100000000000001
1785003,8.100000000000003
1785205,6.099999999999999
1785516,7.099999999999997
1785817,7.099999999999999
1785993,7.099999999999999
1786200,7.099999999999999
1786414,7.099999999999999
1786624,6.099999999999999
1786898,8.100000000000001
1787141,7.099999999999999
1787436,8.100000000000001
1787646,7.099999999999999
1787917,7.099999999999999
1788137,6.1
1788348,7.099999999999999
1788594,7.099999999999997
1788826,8.100000000000001
1789002,5.099999999999999
1789244,7.099999999999999
1789507,7.099999999999999
1789730,6.1
1789953,7.099999999999999
1790234,7.100000000000001
1790457,7.1
1790693,6.099999999999998
1790881,8.100000000000001
1791071,7.099999999999999
1791375,7.1
1791554,6.099999999999999
1791811,7.099999999999996
1792118,7.1
1792351,6.099999999999998
1792516,6.1
1792755,8.1
1792992,7.099999999999996
1793263,6.099999999999998
1793478,8.100000000000001
1793765,7.099999999999999
1793959,7.1
1794157,8.100000000000001
1794353,7.099999999999999
1794607,7.099999999999998
1794888,8.100000000000003
1795070,8.100000000000003
1795264,7.099999999999999
1795552,8.100000000000001
1795811,5.099999999999998
1796184,8.100000000000003
1796372,7.099999999999999
1796753,9.099999999999996
1797036,8.100000000000001
1797251,7.099999999999999
1797531,8.100000000000001
1797788,6.099999999999997
1797996,8.1
1798188,7.099999999999999
1798426,8.100000000000001
1798651,7.099999999999999
1799062,7.1
1799291,7.099999999999998
1799517,6.099999999999999
1799732,8.099999999999998
1800184,8.100000000000001
1800377,7.099999999999999
1800571,6.099999999999999
1800767,7.099999999999999
1800951,8.100000000000001
1801034,4.1
1801236,7.099999999999998
1801400,8.1
1801518,6.099999999999999
1801778,8.100000000000001
1801929,6.099999999999998
1802138,7.099999999999998
1802416,8.1
1802684,6.099999999999999
1802732,3.099999999999999
1802858,4.1
1802990,6.1
1803344,7.100000000000001
1803612,7.099999999999999
1803860,7.099999999999998
1804289,7.1000000000000005
1804770,8.100000000000001
1804967,8.100000000000001
1805218,7.1000000000000005
1805509,8.1
1805722,8.100000000000003
1805988,7.099999999999999
1806343,6.1000000000000005
1806608,7.099999999999998
1806815,8.100000000000001
1807078,7.099999999999999
1807327,8.100000000000003
1807600,6.099999999999998
1807796,7.1
1808043,6.099999999999998
1808239,8.1
1808509,7.099999999999998
1808723,5.099999999999999
1809033,7.099999999999998
1809301,8.100000000000003
1809490,7.099999999999999
1809742,7.099999999999998
1810040,7.100000000000001
1810268,7.099999999999999
1810362,3.099999999999999
1810403,3.099999999999999
1810732,7.100000000000002
1810925,7.099999999999999
1811170,8.1
1811662,8.100000000000003
1811990,6.1
1812373,9.100000000000001
1812607,7.099999999999998
1812875,7.099999999999999
1813076,7.099999999999998
1813286,7.099999999999998
1813587,7.1
1813809,7.099999999999998
1814018,6.099999999999998
1814320,7.1
1814585,7.099999999999999
1814842,8.099999999999998
1815022,5.099999999999998
1815247,4.099999999999998
1815515,9.100000000000003
1815725,6.099999999999999
1815963,8.100000000000001
1816173,7.1
1816437,8.1
1816683,6.099999999999998
1816897,8.100000000000001
1817109,7.099999999999998
1817331,7.1
1817602,7.099999999999999
1817797,8.1
1817840,2.0999999999999996
1818053,6.099999999999999
1818236,7.099999999999999
1818488,8.100000000000001
1818761,8.100000000000003
1818944,7.099999999999997
1819596,8.100000000000001
1819808,8.1
1819962,8.100000000000001
1820208,5.099999999999999
1820485,7.099999999999998
1820719,7.099999999999998
1820961,8.1
1821180,7.099999999999999
1821465,6.099999999999999
1821648,8.099999999999998
1821820,8.1
1822216,8.100000000000001
1822444,8.1
1822729,7.1
1822911,7.099999999999999
1823103,7.099999999999999
1823623,8.100000000000001
1823831,8.100000000000003
1824005,5.099999999999999
1824201,7.099999999999999
1824409,7.099999999999998
1824611,7.1
1824831,7.099999999999998
1825012,6.099999999999999
1825261,8.100000000000001
1825447,6.1
1825711,8.100000000000001
1825944,7.099999999999998
1826209,7.099999999999998
1826420,6.099999999999999
1826631,7.1
1826940,8.100000000000001
1827289,8.100000000000001
1827459,7.099999999999998
1827695,8.100000000000001
1827945,7.1
1828158,6.099999999999999
1828419,8.1
1828637,7.099999999999999
1829074,8.100000000000001
1829564,6.100000000000003
1829826,8.100000000000001
1830249,8.100000000000001
1830452,7.099999999999999
1830676,8.100000000000003
1830747,5.099999999999999
1831018,8.100000000000003
1831194,7.099999999999999
1831405,7.099999999999999
1831605,8.100000000000001
1831824,6.1
1832059,8.100000000000003
1832331,7.099999999999999
1832741,8.100000000000003
1832964,8.1
1833322,7.100000000000001
1833570,8.100000000000003
1833715,5.099999999999999
1833911,8.100000000000003
1834185,6.099999999999998
1834376,6.099999999999999
1834607,6.099999999999998
1834652,4.1
1834859,6.099999999999999
1835333,8.100000000000003
1835600,6.099999999999998
1836104,8.1
1836245,6.099999999999999
1836452,7.099999999999998
1836655,7.099999999999999
1836759,3.099999999999999
1836945,8.100000000000001
1837103,7.099999999999999
1837302,7.099999999999999
1837500,7.1
1837722,7.099999999999999
1838068,7.1000000000000005
1838262,7.099999999999998
1838617,7.1000000000000005
1838935,8.100000000000003
1839157,9.100000000000001
1839406,8.1
1839607,7.099999999999999
1839860,8.100000000000003
1839960,4.099999999999999
1840207,8.100000000000003
1840361,6.099999999999999
1840539,7.099999999999999
1840785,8.100000000000001
1840988,7.099999999999999
1841186,7.099999999999999
1841391,8.100000000000003
1841592,8.100000000000001
1841855,8.100000000000003
1842041,7.099999999999997
1842271,7.099999999999999
1842454,5.099999999999999
1842678,8.100000000000001
1842898,8.100000000000001
1843096,6.099999999999998
1843293,7.099999999999999
1843541,8.100000000000001
1843756,7.099999999999999
1844017,7.099999999999999
1844217,5.099999999999999
1844617,8.100000000000001
1844853,8.100000000000001
1845216,7.100000000000001
1845417,5.099999999999998
1845691,7.099999999999999
1846009,7.099999999999999
1846252,9.100000000000001
1846445,7.099999999999999
1846644,6.099999999999999
1846852,7.099999999999999
1847057,7.099999999999999
1847238,8.100000000000003
1847519,7.099999999999997
1847693,8.1
1847934,8.099999999999998
1848176,7.099999999999999
1848400,7.099999999999999
1848664,8.100000000000001
1848943,5.099999999999998
1849193,7.099999999999999
1849445,6.099999999999998
1849633,5.099999999999999
1849905,7.099999999999998
1850206,7.099999999999997
1850672,8.100000000000003
1850877,7.099999999999999
1851126,8.100000000000003
1851311,7.099999999999999
1851703,8.1
1851932,8.100000000000003
1852099,7.099999999999999
1852307,7.099999999999999
1852501,8.1
1852726,7.099999999999998
1852911,6.099999999999999
1853139,7.099999999999999
1853597,8.100000000000003
1853839,7.099999999999998
1853996,6.1
1854522,7.100000000000002
1854678,6.099999999999999
1855019,8.100000000000001
1855352,8.1
1855567,8.100000000000001
1855837,7.099999999999997
1856116,7.099999999999999
1856407,7.1
1856663,8.100000000000003
1856799,5.1
1857007,7.099999999999999
1857242,6.099999999999999
1857438,7.099999999999998
1857747,8.099999999999998
1858030,7.099999999999997
1858257,8.1
1858531,7.1
1859061,8.100000000000001
1859232,6.099999999999999
1859657,7.1
1859834,3.099999999999999
1859878,3.0999999999999996
1860088,8.1
1860399,7.100000000000001
1860680,5.1
1860916,7.099999999999999
1861165,6.099999999999998
1861363,7.099999999999999
1861519,8.100000000000001
1861711,7.099999999999999
1862053,7.1
1862239,6.1
1862494,8.100000000000001
1862715,8.100000000000003
1862888,8.100000000000003
1863127,7.099999999999998
1863176,4.1
1863419,8.100000000000001
1863691,8.100000000000001
1863928,7.099999999999998
1864133,8.100000000000003
1864463,7.1000000000000005
1864648,7.1
1864839,7.099999999999999
1865057,6.099999999999998
1865349,8.100000000000003
1865613,8.100000000000001
1865879,7.1000000000000005
1866124,6.099999999999998
1866287,8.100000000000001
1866330,3.1
1866587,8.100000000000001
1866779,7.099999999999999
1867070,8.100000000000001
1867248,7.1
1867498,7.099999999999998
1867679,7.099999999999999
1867884,5.099999999999998
1868083,8.1
1868363,8.1
1868579,8.100000000000001
1868803,8.100000000000001
1868860,4.099999999999999
1868900,4.1
1869076,7.099999999999999
1869353,7.099999999999999
1869932,8.100000000000001
1870026,4.099999999999999
1870307,8.100000000000003
1870601,7.1
1870823,7.099999999999999
1871163,9.100000000000001
1871382,8.100000000000001
1871626,7.099999999999998
1871886,8.1
1872377,8.100000000000003
1872607,8.100000000000003
1872837,8.100000000000001
1873015,7.1
1873277,7.1
1873439,7.099999999999998
1873604,7.1
1873838,7.1
1874087,5.1
1874292,7.1
1874467,8.100000000000001
1874660,7.099999999999999
1874878,8.100000000000003
1875078,8.099999999999998
1875296,8.099999999999998
1875473,8.100000000000003
1875683,8.1
1875861,6.1
1875985,6.099999999999999
1876144,8.100000000000001
1876358,7.099999999999997
1876544,3.099999999999999
1876709,5.1
1876958,8.100000000000001
1877175,7.099999999999998
1877817,7.099999999999996
1878073,8.100000000000001
1878361,8.100000000000001
1878577,8.100000000000003
1878986,8.100000000000003
1879291,7.099999999999997
1879502,6.099999999999999
1879951,8.099999999999998
1880021,4.1
1880304,8.100000000000003
1880559,7.099999999999996
1880887,8.100000000000003
1881293,8.100000000000003
1881527,7.099999999999999
1881801,8.100000000000003
1881981,8.100000000000001
1882192,7.099999999999998
1882385,7.1
1882602,7.099999999999998
1882780,6.099999999999999
1882999,8.100000000000001
1883188,7.099999999999999
1883467,7.099999999999997
1883655,8.100000000000003
1883904,7.099999999999998
1884184,7.1000000000000005
1884407,7.099999999999999
1884606,7.099999999999996
1884825,7.099999999999999
1885031,7.099999999999999
1885453,8.100000000000003
1885706,8.1
1885919,8.100000000000001
1886163,8.100000000000001
1886434,6.099999999999999
1886667,7.1
1886899,7.099999999999998
1887097,6.099999999999999
1887331,7.099999999999999
1887517,4.099999999999999
1887720,6.099999999999999
1887908,7.099999999999998
1888141,6.099999999999998
1888511,8.1
1888799,5.1
1889018,7.099999999999998
1889194,4.099999999999999
1889420,8.100000000000003
1889621,7.099999999999998
1889869,7.099999999999998
1890125,8.100000000000003
1890355,6.099999999999999
1890601,8.100000000000001
1890742,6.099999999999998
1890941,6.1
1891142,7.099999999999998
1891348,7.099999999999998
1891598,8.100000000000003
1891805,8.100000000000001
1892116,8.1
1892368,8.100000000000001
1892529,5.099999999999999
1892675,8.100000000000001
1892914,4.099999999999998
1893104,8.1
1893369,7.1000000000000005
1893605,8.100000000000001
1893778,4.099999999999997
1893972,7.1
1894138,8.100000000000001
1894186,3.0999999999999996
1894607,8.100000000000001
1894841,8.1
1895073,8.100000000000001
1895361,8.100000000000003
1895794,7.099999999999998
1895983,8.100000000000001
1896305,6.1000000000000005
1896489,7.099999999999997
1896668,5.099999999999998
1896851,8.100000000000003
1897056,7.099999999999999
1897190,8.1
1897393,8.100000000000003
1897551,7.099999999999999
1897745,7.099999999999999
1897937,8.100000000000003
1898117,7.099999999999999
1898404,7.099999999999999
1898836,8.1
1899026,5.099999999999999
1899260,8.1
1899518,6.099999999999999
1899695,8.1
1899902,8.1
1900099,8.100000000000003
1900335,8.1
1900531,8.100000000000001
1900753,8.100000000000003
1900960,7.099999999999998
1901190,8.100000000000001
1901378,7.099999999999999
1901660,8.100000000000001
1901850,9.100000000000001
1902058,8.100000000000003
1902219,7.099999999999998
1902415,8.1
1902701,8.100000000000003
1902921,9.100000000000001
1903151,4.1
1903449,7.099999999999999
1903803,8.1
1904388,8.100000000000003
1904600,7.099999999999998
1905094,6.100000000000001
1905232,8.1
1905490,7.099999999999998
1905759,8.100000000000001
1905992,7.099999999999999
1906224,7.099999999999998
1906431,7.099999999999999
1906691,8.100000000000003
1906902,8.100000000000003
1907084,8.100000000000001
1907244,7.099999999999999
1907472,7.099999999999998
1907716,8.100000000000001
1907769,1.1
1908029,9.100000000000003
1908224,6.099999999999998
1908446,7.099999999999999
1908626,6.1
1908799,8.100000000000001
1909174,8.100000000000003
1909417,8.100000000000003
1909563,5.099999999999998
1909737,6.1
1909958,8.100000000000003
1910160,7.099999999999998
1910368,7.099999999999999
1910565,7.099999999999999
1910722,6.099999999999998
1910923,8.1
1911125,7.099999999999998
1911420,6.1000000000000005
1911781,8.100000000000001
1911977,7.099999999999999
1912068,4.099999999999999
1912273,8.1
1912483,7.1
1912718,6.099999999999997
1912881,5.099999999999999
1913096,8.100000000000001
1913472,8.100000000000003
1913536,5.1
1913776,5.1
1913962,7.099999999999999
1914210,8.100000000000001
1914427,6.099999999999999
1914666,5.099999999999998
1914875,7.099999999999998
1915055,5.099999999999999
1915337,7.1
1915686,7.099999999999997
1916071,8.100000000000003
1916302,7.099999999999999
1916505,8.100000000000001
1916719,8.100000000000003
1916906,7.099999999999999
1917102,7.099999999999999
1917360,7.099999999999999
1917524,5.099999999999999
1917737,7.099999999999998
1917992,8.100000000000003
1918264,6.099999999999999
1918485,8.1
1918740,7.099999999999998
1918969,7.099999999999999
1919171,8.100000000000001
1919373,7.099999999999999
1919633,7.099999999999998
1920049,8.100000000000003
1920322,8.100000000000001
1920636,8.100000000000003
1920828,7.099999999999999
1921110,8.100000000000003
1921267,6.1
1921555,8.100000000000003
1921757,8.100000000000001
1922076,8.100000000000003
1922259,7.1
1922464,8.100000000000001
1922634,7.1
1922809,8.1
1923046,7.099999999999997
1923213,7.099999999999999
1923422,8.100000000000003
1923647,8.100000000000003
1923829,8.099999999999998
1923989,6.099999999999999
1924165,8.1
1924380,6.1
1924560,7.1
1924820,7.099999999999998
1925234,7.1000000000000005
1925593,8.100000000000003
1925887,6.099999999999998
1926131,7.099999999999999
1926369,8.100000000000003
1926611,5.1
1926658,5.1
1926945,8.100000000000003
1927125,6.099999999999998
1927360,5.099999999999998
1927625,7.099999999999998
1927888,7.1000000000000005
1928083,6.1
1928231,5.1
1928421,5.1000000000000005
1928617,7.099999999999999
1929083,8.100000000000003
1929251,6.099999999999999
1929486,6.099999999999998
1929776,8.100000000000003
1929951,8.1
1930184,7.099999999999999
1930442,8.100000000000001
1930611,6.099999999999999
1930849,8.100000000000003
1931276,8.100000000000001
1931502,8.1
1931896,7.1000000000000005
1931959,4.099999999999999
1932139,8.100000000000001
1932400,7.099999999999999
1932598,6.099999999999999
1932749,6.099999999999998
1932980,5.099999999999998
1933182,6.099999999999999
1933384,8.100000000000003
1933529,8.100000000000001
1933737,8.100000000000001
1933964,8.100000000000001
1934178,9.100000000000003
1934394,7.1
1934584,8.100000000000001
1934747,7.1
1934921,6.099999999999998
1935172,8.1
1935379,6.099999999999999
1935602,7.099999999999999
1935831,7.099999999999999
1936038,8.100000000000001
1936290,8.100000000000001
1936515,7.1
1936752,8.1
1936970,7.099999999999999
1937181,8.1
1937350,7.099999999999999
1937603,6.1
1937801,7.099999999999999
1938002,7.099999999999998
1938183,7.099999999999999
1938376,5.099999999999999
1938530,7.099999999999998
1938721,8.1
1938934,8.100000000000003
1939117,7.099999999999999
1939352,8.100000000000001
1939890,9.100000000000003
1940117,7.099999999999997
1940382,7.099999999999999
1940657,8.100000000000003
1940837,7.099999999999999
1941101,7.099999999999999
1941324,7.099999999999999
1941520,6.099999999999999
1941772,8.100000000000003
1942033,7.099999999999998
1942247,7.099999999999998
1942529,8.100000000000001
1942794,8.1
1942984,8.100000000000001
1943190,5.1
1943387,8.100000000000001
1943599,8.100000000000001
1943881,7.1
1944116,8.100000000000003
1944255,6.1
1944477,7.099999999999999
1944699,6.099999999999998
1944921,7.099999999999999
1945130,8.1
1945314,9.100000000000003
1945506,7.099999999999999
1945713,8.100000000000001
1945981,7.1000000000000005
1946240,6.099999999999999
1946493,8.100000000000001
1946745,8.100000000000001
1946942,8.100000000000001
1947122,8.100000000000001
1947327,7.099999999999999
1947516,7.099999999999999
1947812,7.1000000000000005
1947973,8.1
1948246,8.100000000000001
1948424,8.1
1948609,7.099999999999999
1948818,8.100000000000003
1949058,6.1
1949309,7.099999999999998
1949504,6.099999999999999
1949725,8.099999999999998
1949924,6.099999999999999
1950173,6.099999999999997
1950587,8.100000000000003
1951044,8.100000000000003
1951252,8.100000000000001
1951735,8.100000000000001
1951942,7.099999999999999
1952212,7.099999999999999
1952487,7.099999999999999
1952689,7.099999999999999
1952915,7.099999999999998
1953207,5.099999999999999
1953611,8.100000000000001
1953831,8.100000000000003
1954026,8.100000000000001
1954265,8.100000000000001
1954512,4.099999999999998
1954791,8.100000000000003
1955007,7.099999999999999
1955204,8.1
1955262,3.0999999999999996
1955488,8.1
1955684,8.100000000000001
1955851,7.099999999999998
1956180,8.100000000000001
1956401,7.099999999999999
1956860,4.100000000000003
1957000,7.1
1957165,8.100000000000001
1957377,6.099999999999999
1957594,8.100000000000003
1957837,8.100000000000003
1958103,8.100000000000003
1958385,7.099999999999999
1958636,8.100000000000003
1958921,8.1
1959129,4.099999999999999
1959387,7.099999999999998
1959579,7.1
1959815,8.100000000000001
1960008,7.099999999999999
1960231,8.100000000000003
1960276,5.1
1960755,8.100000000000003
1960956,7.099999999999999
1961290,8.100000000000001
1961545,8.100000000000003
1961955,8.100000000000003
1962147,8.100000000000001
1962533,6.100000000000003
1962852,7.099999999999998
1963083,8.100000000000003
1963275,7.099999999999999
1963508,8.100000000000003
1963738,7.099999999999998
1963995,7.099999999999996
1964301,6.1
1964514,5.099999999999999
1964726,7.099999999999998
1964898,7.099999999999999
1965059,8.100000000000003
1965269,8.100000000000001
1965552,7.099999999999997
1965837,8.100000000000003
1966053,8.1
1966387,8.1
1966522,7.099999999999999
1966736,7.099999999999999
1967231,8.1
1967461,8.100000000000001
1967626,7.1
1967840,7.099999999999999
1968045,7.099999999999999
1968343,7.099999999999997
1968536,6.099999999999999
1968814,7.1000000000000005
1968994,7.099999999999997
1969217,7.099999999999999
1969431,6.099999999999999
1969772,8.100000000000003
1969943,8.100000000000003
1970171,8.100000000000003
1970372,8.1
1970605,9.100000000000001
1970807,8.100000000000001
1971033,7.099999999999998
1971217,6.099999999999999
1971547,7.100000000000002
1971762,8.100000000000001
1971961,7.099999999999999
1972222,8.100000000000001
1972395,8.100000000000001
1972557,8.100000000000001
1972697,7.099999999999999
1972886,7.099999999999999
1973092,8.100000000000003
1973330,8.100000000000003
1973571,7.099999999999999
1973751,7.099999999999999
1973944,7.1
1974352,7.1000000000000005
1974565,7.099999999999998
1974724,6.099999999999999
1974951,7.099999999999998
1975136,8.100000000000001
1975406,7.099999999999999
1975655,8.100000000000003
1975887,7.1
1976055,6.099999999999999
1976277,7.099999999999997
1976462,6.099999999999999
1976675,4.099999999999999
1976939,8.100000000000001
1977177,8.100000000000003
1977398,8.100000000000003
1977560,8.1
1977802,5.1
1978007,9.100000000000001
1978292,9.100000000000001
1978496,8.100000000000003
1978832,8.1
1979089,7.099999999999999
1979536,9.100000000000001
1979992,8.1
1980192,6.099999999999998
1980545,6.099999999999996
1980753,7.099999999999999
1980945,8.100000000000003
1981192,7.099999999999998
1981471,8.100000000000003
1981737,9.100000000000003
1981878,5.099999999999999
1982087,6.099999999999998
1982425,8.100000000000001
1982886,8.100000000000003
1983191,8.100000000000001
1983417,8.1
1983719,8.100000000000001
1983911,7.099999999999999
1984122,8.100000000000001
1984612,7.100000000000001
1984682,6.099999999999999
1984844,6.099999999999999
1985027,7.099999999999999
1985234,8.100000000000003
1985474,6.099999999999999
1985684,8.100000000000001
1985896,7.099999999999999
1986116,9.1
1986390,8.100000000000001
1986606,8.1
1986799,7.099999999999999
1987166,7.100000000000001
1987375,8.100000000000003
1987597,7.099999999999998
1987834,6.1
1988037,8.099999999999998
1988277,8.100000000000001
1988487,7.1
1988740,8.100000000000001
1988970,7.099999999999999
1989254,9.1
1989406,6.099999999999999
1989683,8.100000000000001
1989934,8.100000000000003
1990098,5.099999999999999
1990257,6.1
1990478,7.099999999999998
1990722,8.100000000000001
1990917,7.099999999999999
1991123,7.1
1991432,8.100000000000001
1991658,8.100000000000001
1992103,8.100000000000003
1992303,7.099999999999999
1992518,7.099999999999998
1992729,8.100000000000001
1992932,7.1
1993134,7.1
1993313,8.100000000000001
1993360,5.1
1993590,8.100000000000001
1993825,8.100000000000003
1994261,8.100000000000003
1994318,3.0999999999999996
1994543,8.100000000000003
1994794,8.100000000000001
1995013,7.099999999999999
1995402,7.099999999999999
1995647,7.099999999999999
1995900,8.1
1996172,7.099999999999998
1996364,7.1
1996755,8.100000000000001
1997042,7.099999999999999
1997307,8.100000000000001
1997549,5.099999999999998
1997961,8.100000000000003
1998178,8.099999999999998
1998613,7.100000000000001
1998784,7.099999999999999
1999041,6.099999999999998
1999238,9.100000000000001
1999444,8.100000000000003
1999707,8.1
1999960,7.099999999999998
2000163,8.1
2000420,7.1
2000780,5.1
2001098,7.099999999999999
2001322,8.100000000000001
2001748,8.100000000000001
2002084,8.100000000000001
2002291,7.099999999999998
2002503,7.099999999999999
2002781,7.1
2002987,6.099999999999999
2003384,7.100000000000001
2003600,7.099999999999998
2003954,8.100000000000001
2004119,8.100000000000001
2004429,9.100000000000003
2004677,7.099999999999998
2004894,6.099999999999999
2005163,7.099999999999999
2005381,7.1
2005627,8.100000000000003
2005821,8.099999999999998
2006038,8.100000000000003
2006230,7.099999999999999
2006414,8.100000000000001
2006688,8.099999999999998
2006978,6.1000000000000005
2007167,7.099999999999999
2007370,7.099999999999998
2007668,7.1000000000000005
2007942,7.099999999999999
2008159,9.100000000000003
2008384,8.100000000000003
2008889,9.100000000000001
2009137,8.100000000000003
2009402,8.100000000000001
2009450,3.0999999999999996
2009667,6.1
2010002,7.100000000000002
2010331,8.1
2010562,8.1
2010830,7.099999999999999
2011078,5.099999999999998
2011310,8.100000000000001
2011492,6.099999999999999
2011549,4.099999999999999
2011773,8.1
2011992,7.1
2012199,8.100000000000001
2012444,7.099999999999998
2012626,8.100000000000003
2012875,7.1
2013228,7.1000000000000005
2013436,7.099999999999999
2013866,9.100000000000001
2014079,8.100000000000003
2014281,8.100000000000001
2014503,7.099999999999996
2014754,8.100000000000001
2014918,7.099999999999999
2015088,6.099999999999999
2015336,8.100000000000001
2015606,8.100000000000001
2015792,8.1
2015992,7.099999999999998
2016212,5.1
2016446,7.099999999999998
2016703,8.100000000000001
2017072,9.100000000000001
2017236,7.099999999999999
2017502,7.099999999999998
2017660,8.100000000000003
2018087,8.100000000000003
2018302,8.100000000000001
2018501,6.1
2018774,8.1
2018946,8.100000000000003
2019240,7.1000000000000005
2019590,8.100000000000003
2019791,4.099999999999999
2020293,8.100000000000003
2020535,7.099999999999999
2020725,9.100000000000003
2020980,8.100000000000001
2021194,7.099999999999999
2021360,7.099999999999999
2021493,6.1
2021680,8.100000000000003
2021844,8.100000000000001
2022054,7.099999999999999
2022372,7.1
2022706,7.1
2022978,7.099999999999998
2023231,8.100000000000003
2023442,5.099999999999998
2023665,8.100000000000001
2023954,8.100000000000003
2024200,8.100000000000003
2024420,8.1
2024646,8.1
2024877,7.099999999999998
2025170,8.100000000000003
2025441,8.100000000000001
2025599,7.099999999999998
2025827,7.099999999999999
2025944,6.099999999999998
2026158,8.1
2026396,8.100000000000001
2026640,7.1
2026923,8.099999999999998
2027093,4.1
2027269,7.099999999999999
2027464,8.100000000000001
2027706,7.099999999999997
2027931,8.100000000000001
2028351,8.100000000000003
2028544,7.1
2028707,8.100000000000001
2028961,8.100000000000001
2029293,7.100000000000001
2029760,8.1
2029992,8.100000000000001
2030138,7.099999999999998
2030332,7.099999999999999
2030391,5.1
2030587,8.100000000000001
2030807,8.100000000000001
2031041,7.1
2031236,8.100000000000003
2031413,6.099999999999999
2031777,7.1000000000000005
2032249,8.100000000000001
2032487,7.099999999999999
2032744,7.099999999999996
2032955,6.1
2033189,5.099999999999999
2033421,8.100000000000003
2033654,9.100000000000001
2033862,7.1
2034195,8.1
2034430,8.1
2034679,8.1
2034888,8.100000000000003
2035127,8.100000000000003
2035362,8.100000000000003
2035524,8.100000000000001
2035751,8.100000000000001
2036102,8.100000000000003
2036311,6.099999999999999
2036546,7.1
2036787,8.1
2037041,8.100000000000001
2037237,8.100000000000003
2037383,6.1
2037593,8.100000000000001
2038064,7.100000000000001
2038312,9.100000000000003
2038500,9.100000000000001
2038738,8.1
2038985,8.100000000000003
2039204,7.099999999999998
2039410,8.100000000000001
2039624,9.1
2039817,8.100000000000001
2040024,8.100000000000001
2040082,5.099999999999999
2040284,7.099999999999999
2040544,8.100000000000003
2040778,8.100000000000003
2040994,6.099999999999998
2041181,6.099999999999998
2041397,8.100000000000001
2041670,8.100000000000003
2041929,8.100000000000001
2042116,8.100000000000001
2042335,5.1
2042734,8.100000000000001
2043001,7.099999999999998
2043260,7.099999999999997
2043376,6.1
2043587,7.099999999999999
2043852,7.1
2044400,7.100000000000001
2044838,8.1
2045041,8.100000000000003
2045248,7.099999999999999
2045306,2.0999999999999996
2045510,7.1
2045970,7.1000000000000005
2046174,8.100000000000001
2046384,8.100000000000003
2046644,8.100000000000003
2046846,8.100000000000003
2047072,6.099999999999998
2047472,8.100000000000001
2047776,7.1000000000000005
2048011,7.099999999999998
2048271,7.1
2048492,8.100000000000003
2048760,7.099999999999999
2048929,7.1
2049105,5.099999999999999
2049388,8.1
2049626,7.099999999999999
2049912,8.100000000000003
2050073,4.1
2050304,8.100000000000003
2050512,5.1
2050716,8.100000000000001
2050987,8.100000000000003
2051175,6.1
2051401,7.099999999999998
2051618,7.099999999999998
2051863,8.099999999999998
2052202,8.100000000000003
2052420,7.099999999999999
2052630,8.100000000000001
2052863,7.1
2053122,8.100000000000001
2053394,7.1000000000000005
2053660,7.099999999999999
2053908,8.100000000000003
2054128,8.1
2054356,8.100000000000003
2054568,7.099999999999999
2054806,8.100000000000001
2055424,8.100000000000001
2055700,7.099999999999999
2055866,8.100000000000001
2056245,9.1
2056464,7.099999999999998
2056681,8.100000000000001
2056896,8.100000000000001
2057084,8.1
2057297,8.100000000000001
2057537,6.099999999999999
2057785,7.099999999999998
2058072,8.100000000000001
2058160,3.0999999999999996
2058407,8.100000000000001
2058584,8.100000000000001
2058777,8.100000000000001
2059043,7.1
2059286,7.099999999999999
2059551,7.099999999999998
2059881,8.1
2060412,8.100000000000001
2060632,8.100000000000003
2060830,7.099999999999998
2061096,8.100000000000003
2061299,8.100000000000003
2061459,8.1
2061933,9.100000000000001
2062109,6.1
2062340,8.100000000000001
2062571,6.099999999999998
2062756,7.099999999999999
2062924,7.099999999999999
2063187,9.100000000000001
2063412,8.100000000000001
2063627,6.099999999999998
2063852,7.099999999999998
2064110,8.100000000000003
2064398,8.100000000000001
2064680,7.099999999999998
2064967,5.1000000000000005
2065327,7.1000000000000005
2065549,6.099999999999999
2065820,8.100000000000001
2066024,8.1
2066294,5.099999999999998
2066493,7.099999999999999
2066691,7.099999999999999
2067000,8.1
2067203,8.100000000000001
2067489,7.1
2067658,7.1
2067879,8.100000000000003
2068158,8.100000000000003
2068343,9.100000000000001
2068545,7.099999999999999
2068765,8.100000000000001
2068986,7.099999999999999
2069252,8.100000000000001
2069550,6.1
2069784,7.099999999999998
2070034,6.099999999999999
2070307,7.1
2070538,7.099999999999997
2071022,8.1
2071211,8.1
2071588,7.100000000000001
2071816,8.100000000000001
2071998,5.099999999999999
2072206,7.099999999999999
2072427,7.1
2072853,8.100000000000003
2073241,8.100000000000001
2073434,8.100000000000003
2073652,8.100000000000001
2073876,6.099999999999996
2073919,5.1
2074178,8.100000000000003
2074350,4.1
2074460,5.1
2074681,8.100000000000001
2074859,7.1
2075062,8.100000000000001
2075472,8.100000000000001
2075711,8.100000000000001
2075953,7.1
2076243,7.100000000000001
2076599,7.100000000000002
2076788,7.099999999999999
2077054,6.1
2077332,7.099999999999996
2077538,8.1
2077723,6.099999999999999
2077941,8.100000000000003
2078269,6.100000000000002
2078466,7.099999999999999
2078938,7.100000000000002
2079144,8.100000000000003
2079352,7.099999999999999
2079599,8.1
2079975,7.099999999999999
2080319,8.1
2080540,8.100000000000001
2080713,7.1
2081005,6.099999999999999
2081211,7.099999999999999
2081457,8.100000000000001
2081592,6.099999999999999
2081891,8.100000000000003
2082173,7.1000000000000005
2082498,8.100000000000003
2082747,8.1
2083015,8.100000000000003
2083187,8.1
2083374,7.099999999999998
2083618,8.100000000000003
2084192,8.100000000000001
2084415,8.100000000000001
2084631,7.099999999999998
2084864,7.099999999999999
2085172,8.100000000000003
2085655,8.099999999999998
2085911,8.100000000000003
2086208,7.1
2086498,8.1
2086703,8.100000000000001
2086990,8.100000000000001
2087164,7.099999999999998
2087517,8.100000000000003
2087832,8.100000000000003
2087991,6.099999999999999
2088382,8.100000000000003
2088606,8.100000000000001
2088776,8.100000000000001
2088990,8.1
2089224,5.099999999999999
2089631,8.100000000000003
2089907,7.099999999999999
2090144,7.099999999999998
2090347,8.100000000000001
2090601,8.100000000000001
2090794,8.100000000000001
2091301,8.100000000000001
2091532,7.099999999999999
2091576,3.0999999999999996
2091931,9.100000000000003
2092168,8.100000000000001
2092410,8.1
2092876,8.100000000000003
2092995,5.1
2093226,8.100000000000003
2093513,8.100000000000003
2093878,7.1000000000000005
2094140,7.099999999999998
2094358,8.099999999999998
2094884,8.100000000000003
2095153,6.1000000000000005
2095378,6.099999999999997
2095644,7.1000000000000005
2095837,8.100000000000001
2096084,8.100000000000003
2096328,7.099999999999999
2096580,8.100000000000003
2096792,8.100000000000001
2097021,8.100000000000001
2097257,8.100000000000001
2097485,8.1
2097728,8.1
2097965,8.100000000000003
2098191,7.099999999999998
2098381,8.100000000000003
2098658,7.099999999999999
2098825,3.099999999999999
2099216,8.1
2099418,8.100000000000003
2099705,9.100000000000001
2099947,6.099999999999999
2100246,9.100000000000003
2100431,6.099999999999999
2100702,8.100000000000001
2100941,8.099999999999998
2101172,6.099999999999998
2101430,8.099999999999998
2101610,8.100000000000003
2101810,8.100000000000001
2102064,7.099999999999997
2102400,8.100000000000003
2102580,7.099999999999997
2102809,8.1
2103109,7.1
2103367,7.1
2103718,8.100000000000001
2104211,7.100000000000003
2104365,7.1
2104555,6.099999999999999
2104778,7.099999999999999
2104989,8.100000000000003
2105181,7.1
2105400,8.100000000000003
2105609,8.100000000000001
2105773,7.099999999999999
2106026,8.100000000000001
2106499,8.100000000000003
2106738,7.099999999999999
2106886,8.100000000000001
2107087,8.100000000000003
2107316,8.100000000000001
2107700,6.100000000000003
2107983,8.100000000000001
2108132,8.100000000000001
2108366,8.1
2108520,8.1
2108734,6.099999999999998
2109214,8.100000000000001
2109430,8.100000000000003
2109657,6.099999999999999
2109803,7.1
2110069,8.100000000000001
2110321,7.099999999999996
2110541,8.100000000000003
2110725,7.099999999999997
2111030,7.1000000000000005
2111272,7.099999999999998
2111482,8.100000000000001
2111664,6.099999999999999
2111861,6.099999999999999
2112106,8.1
2112294,8.100000000000001
2112533,5.099999999999999
2112753,7.099999999999998
2112986,7.099999999999999
2113164,8.100000000000001
2113349,8.1
2113599,8.100000000000001
2113847,7.099999999999996
2114028,8.100000000000003
2114255,7.099999999999996
2114484,7.099999999999997
2114755,6.099999999999999
2115015,8.100000000000003
2115179,8.1
2115426,8.100000000000001
2115634,6.1
2115812,8.100000000000001
2116005,4.1
2116256,7.099999999999999
2116558,7.1
2116793,7.099999999999999
2117212,7.100000000000003
2117473,6.1
2117759,7.1
2117964,8.100000000000001
2118157,6.099999999999999
2118364,8.100000000000001
2118651,5.099999999999998
2118899,7.1
2119082,8.100000000000001
2119274,7.099999999999998
2119443,8.100000000000001
2119727,8.100000000000001
2119948,7.099999999999998
2120207,7.099999999999998
2120438,7.099999999999999
2120619,8.100000000000001
2120962,7.1
2121180,7.099999999999999
2121395,5.1
2121638,6.1
2121850,8.1
2122071,6.099999999999998
2122399,8.100000000000001
2122664,8.100000000000001
2122933,7.099999999999998
2123164,7.099999999999999
2123388,8.100000000000003
2123598,7.099999999999999
2123828,7.099999999999997
2124016,7.1
2124329,8.100000000000001
2124538,7.099999999999998
2124988,7.100000000000003
2125228,7.1
2125436,8.100000000000001
2125720,7.099999999999998
2125993,7.099999999999998
2126143,6.099999999999999
2126376,7.099999999999999
2126833,8.099999999999998
2127070,7.099999999999998
2127275,7.099999999999999
2127504,8.100000000000001
2127721,8.100000000000003
2128066,7.1000000000000005
2128241,7.099999999999998
2128491,8.100000000000001
2128711,6.099999999999999
2128897,6.099999999999999
2129176,9.100000000000001
2129503,8.100000000000001
2129956,8.100000000000003
2130302,8.100000000000003
2130488,6.099999999999999
2130913,8.100000000000001
2131402,7.100000000000002
2131449,3.1
2131632,7.099999999999999
2131941,7.099999999999998
2132095,5.1
2132339,7.099999999999998
2132535,8.100000000000001
2132833,6.099999999999997
2133092,8.100000000000001
2133384,8.100000000000001
2133580,8.100000000000003
2133787,8.100000000000003
2134067,7.1000000000000005
2134274,5.099999999999999
2134487,9.100000000000003
2134712,8.1
2134979,6.099999999999998
2135199,8.100000000000003
2135424,7.099999999999998
2135874,8.100000000000003
2136129,8.100000000000001
2136358,8.100000000000001
2136868,8.099999999999998
2137110,8.100000000000001
2137336,8.100000000000001
2137497,8.1
2137720,7.099999999999999
2137928,8.100000000000003
2138277,8.1
2138486,8.1
2138748,7.099999999999999
2138949,8.100000000000001
2139159,8.100000000000001
2139396,8.100000000000001
2139660,7.099999999999998
2140106,8.1
2140316,8.1
2140407,4.099999999999999
2140601,6.099999999999999
2140814,8.100000000000003
2141080,8.100000000000003
2141325,8.100000000000003
2141543,7.1
2141693,6.099999999999999
2142018,8.100000000000001
2142210,8.1
2142394,7.1
2142627,8.100000000000001
2142853,7.099999999999998
2143004,7.099999999999999
2143050,4.1
2143370,8.100000000000001
2143662,7.099999999999999
2143884,5.099999999999999
2144136,7.099999999999999
2144368,8.100000000000001
2144643,8.100000000000003
2144840,7.099999999999998
2145092,7.099999999999998
2145303,8.099999999999998
2145527,8.100000000000003
2145777,7.099999999999999
2145934,5.1
2146433,8.100000000000001
2146623,8.100000000000001
2146767,6.1
2146974,7.099999999999998
2147525,8.100000000000001
2147678,5.099999999999999
2148146,7.099999999999999
2148361,7.099999999999999
2148759,7.1
2148990,8.099999999999998
2149222,8.1
2149424,8.100000000000001
2149621,8.100000000000001
2149911,8.100000000000001
2150138,8.1
2150333,7.099999999999998
2150669,8.100000000000003
2150863,7.099999999999998
2151080,8.100000000000001
2151600,8.100000000000003
2151782,7.099999999999999
2152104,8.100000000000001
2152577,8.100000000000001
2152802,7.099999999999999
2152984,6.099999999999999
2153454,9.100000000000001
2153648,8.100000000000003
2153851,8.1
2154107,8.100000000000001
2154283,7.1
2154486,8.100000000000001
2154655,5.1
2155002,7.1
2155244,8.1
2155419,8.100000000000001
2155724,8.1
2155925,8.100000000000003
2156168,7.099999999999999
2156402,7.099999999999999
2156721,8.100000000000003
2156780,4.1
2156923,5.099999999999999
2157163,8.100000000000001
2157473,8.099999999999998
2157654,8.100000000000001
2157864,8.1
2158056,8.100000000000001
2158262,8.100000000000001
2158413,7.1
2158631,6.099999999999998
2158928,8.1
2159136,7.099999999999997
2159328,7.1
2159485,7.099999999999999
2159660,7.099999999999997
2159981,7.1
2160372,8.100000000000003
2160646,7.099999999999998
2160844,7.099999999999999
2161203,7.099999999999997
2161378,7.099999999999999
2161656,7.099999999999999
2161942,8.100000000000003
2162182,8.100000000000001
2162359,7.1
2162584,7.099999999999999
2162786,7.1
2162974,7.099999999999999
2163141,7.099999999999999
2163410,8.100000000000003
2163600,7.099999999999998
2163832,8.100000000000003
2164023,6.099999999999999
2164231,6.099999999999999
2164434,7.099999999999999
2164604,8.100000000000003
2164835,8.1
2165069,8.100000000000001
2165287,8.100000000000001
2165695,8.100000000000001
2165951,7.099999999999999
2166166,8.100000000000001
2166399,8.100000000000003
2166637,8.100000000000003
2166799,6.1
2166953,7.099999999999999
2167295,8.1
2167543,6.099999999999998
2168010,9.1
2168239,7.099999999999999
2168441,8.100000000000001
2168642,7.099999999999999
2168957,8.100000000000003
2169239,9.100000000000003
2169296,1.1
2169568,7.099999999999999
2169809,8.100000000000001
2170050,7.099999999999997
2170246,8.100000000000003
2170559,8.100000000000003
2170780,7.099999999999999
2170984,7.099999999999998
2171216,6.099999999999999
2171454,8.100000000000001
2171687,7.099999999999998
2171932,8.100000000000003
2172137,8.1
2172347,8.100000000000001
2172578,7.099999999999997
2172859,8.100000000000003
2173055,8.100000000000001
2173230,7.1
2173482,8.1
2173954,8.100000000000003
2174122,7.099999999999999
2174351,8.100000000000003
2174561,8.100000000000001
2174804,7.099999999999998
2175019,7.099999999999999
2175260,8.100000000000001
2175534,8.100000000000003
2175753,7.099999999999999
2175990,8.100000000000003
2176175,8.100000000000001
2176614,8.100000000000001
2176863,7.099999999999997
2177113,8.100000000000001
2177300,7.099999999999999
2177574,7.099999999999998
2177769,7.099999999999998
2177974,6.099999999999998
2178139,8.1
2178313,7.099999999999999
2178529,8.100000000000001
2178736,7.099999999999997
2178932,6.099999999999997
2179102,6.1
2179298,8.100000000000003
2179466,7.099999999999999
2179695,7.099999999999998
2179877,8.100000000000003
2180115,8.100000000000001
2180368,8.099999999999998
2180833,8.1
2181001,4.099999999999999
2181288,8.100000000000003
2181515,8.100000000000003
2181756,8.100000000000003
2182087,7.099999999999999
2182286,8.100000000000001
2182440,5.099999999999999
2182802,8.100000000000001
2182951,6.099999999999999
2183193,9.100000000000003
2183394,6.099999999999999
2183522,6.099999999999998
2183765,7.099999999999998
2184095,7.1
2184367,7.099999999999998
2184557,8.099999999999998
2184799,7.1
2185034,7.099999999999997
2185292,8.100000000000001
2185583,7.099999999999997
2185960,8.100000000000001
2186399,7.1
2186611,7.099999999999998
2186837,8.1
2187069,8.100000000000001
2187554,8.100000000000001
2187783,7.099999999999998
2188028,8.100000000000001
2188224,7.099999999999999
2188398,7.099999999999998
2188627,7.099999999999998
2188871,8.100000000000001
2189173,8.100000000000001
2189222,3.0999999999999996
2189461,8.1
2189691,7.099999999999999
2189880,7.099999999999997
2190080,8.100000000000001
2190289,7.1
2190454,8.100000000000001
2190688,7.099999999999998
2191007,8.100000000000001
2191232,8.1
2191441,6.099999999999998
2191499,4.1
2191741,6.1
2191968,6.099999999999998
2192293,8.100000000000003
2192498,8.100000000000001
2192716,7.1
2192884,7.099999999999999
2193124,8.100000000000003
2193421,8.100000000000001
2193643,7.099999999999998
2193795,7.099999999999999
2194243,8.100000000000003
2194464,5.099999999999999
2194960,8.100000000000001
2195190,8.100000000000001
2195415,6.099999999999996
2195653,9.100000000000003
2195871,5.1
2196304,7.100000000000003
2196535,6.099999999999998
2196865,6.100000000000002
2197124,8.100000000000003
2197328,7.099999999999999
2197564,7.099999999999999
2197886,7.1
2198117,6.1
2198368,8.100000000000003
2198628,7.099999999999998
2198759,6.099999999999999
2199026,8.1
2199514,8.100000000000001
2199697,6.099999999999999
2199898,7.099999999999999
2200290,7.1
2200489,7.099999999999999
2200782,8.100000000000001
2200991,8.100000000000001
2201260,6.1
2201477,8.100000000000001
2201714,8.100000000000003
2202223,9.100000000000001
2202441,8.100000000000003
2202643,7.099999999999999
2202892,8.100000000000001
2203139,7.099999999999998
2203338,7.099999999999999
2203592,9.1
2203843,5.099999999999999
2204120,8.100000000000003
2204560,7.100000000000002
2204778,8.100000000000001
2204964,8.100000000000001
2205184,6.1
2205380,8.100000000000003
2205762,7.099999999999998
2206012,6.099999999999996
2206234,7.099999999999999
2206463,7.099999999999999
2206705,8.100000000000003
2206955,8.100000000000001
2207167,7.099999999999998
2207376,7.099999999999998
2207545,7.099999999999999
2207958,8.100000000000001
2208156,8.100000000000003
2208368,7.099999999999999
2208619,8.100000000000003
2208854,8.099999999999998
2209057,7.099999999999999
2209244,7.099999999999998
2209494,7.1
2209716,8.100000000000003
2209929,8.100000000000003
2210161,7.099999999999998
2210474,6.099999999999998
2210760,7.099999999999999
2210984,8.100000000000001
2211184,6.1
2211616,7.1000000000000005
2211832,7.099999999999999
2212050,6.099999999999999
2212283,7.099999999999999
2212471,7.099999999999999
2212686,8.100000000000001
2212849,4.099999999999999
2213025,7.099999999999999
2213269,8.100000000000001
2213447,6.1
2213657,5.099999999999998
2213876,5.099999999999999
2214106,7.099999999999998
2214323,7.099999999999999
2214473,7.1
2214757,7.099999999999998
2215151,7.100000000000001
2215393,7.099999999999998
2215604,5.099999999999999
2215879,8.100000000000003
2216062,8.100000000000001
2216449,8.100000000000003
2216626,7.099999999999999
2216865,8.100000000000001
2217015,6.099999999999999
2217213,7.099999999999999
2217416,7.1
2217636,7.099999999999999
2217785,6.099999999999999
2218024,5.1
2218236,8.100000000000001
2218450,7.099999999999998
2218640,7.099999999999999
2218861,6.1
2219041,7.1
2219294,7.099999999999997
2219438,6.1
2219648,7.099999999999998
2219883,8.100000000000003
2220072,7.099999999999999
2220351,7.099999999999999
2220567,4.099999999999999
2220773,6.099999999999999
2221011,7.099999999999999
2221218,6.099999999999999
2221422,7.099999999999999
2221632,6.099999999999999
2221845,7.099999999999999
2222044,7.1
2222308,8.1
2222609,7.099999999999999
2222954,7.100000000000002
2223131,8.100000000000003
2223362,7.1
2223574,7.099999999999998
2223750,6.099999999999999
2224143,9.100000000000001
2224345,6.099999999999999
2224558,6.1
2224940,7.100000000000002
2225146,7.1
2225458,6.1
2225664,7.099999999999999
2225831,7.099999999999999
2226086,5.1
2226286,7.099999999999999
2226503,8.100000000000003
2226721,8.100000000000003
2227113,8.099999999999998
2227362,8.100000000000001
2227597,8.100000000000003
2227831,7.1
2228054,7.099999999999999
2228225,7.099999999999999
2228414,8.100000000000001
2228551,5.099999999999999
2228696,8.100000000000003
2228891,8.100000000000001
2229301,8.100000000000003
2229551,7.099999999999997
2229792,4.1000000000000005
2230062,6.099999999999997
2230294,8.100000000000003
2230654,7.1
2230922,7.099999999999998
2231156,7.099999999999998
2231404,8.099999999999998
2231661,8.100000000000001
2231988,8.100000000000003
2232260,7.1
2232500,8.100000000000003
2232747,5.1
2233008,8.100000000000003
2233251,7.1
2233533,8.100000000000001
2233718,7.099999999999997
2234140,8.100000000000003
2234340,7.099999999999999
2234520,7.099999999999997
2234768,7.099999999999999
2235015,8.100000000000001
2235329,8.100000000000001
2235502,7.099999999999997
2235720,7.099999999999999
2236147,7.100000000000001
2236374,7.099999999999999
2236616,7.099999999999998
2236683,5.099999999999999
2236882,8.100000000000003
2237129,7.099999999999997
2237578,7.099999999999997
2237768,7.099999999999999
2237929,7.099999999999999
2238162,8.100000000000001
2238384,7.099999999999999
2238644,8.100000000000003
2238942,8.100000000000001
2239131,7.099999999999999
2239386,8.100000000000003
2239655,8.100000000000001
2239901,7.1
2240120,7.099999999999999
2240300,7.099999999999999
2240506,8.1
2240761,7.099999999999996
2240979,7.099999999999998
2241218,6.1
2241385,8.100000000000003
2241594,8.100000000000003
2241820,7.1
2242019,8.100000000000001
2242202,7.099999999999999
2242476,8.100000000000001
2242620,7.1
2242812,6.099999999999998
2242994,8.100000000000001
2243212,8.100000000000003
2243440,7.1
2243659,8.100000000000003
2243861,9.100000000000001
2244034,7.099999999999999
2244214,6.099999999999999
2244719,8.100000000000003
2244942,8.100000000000003
2245148,8.100000000000001
2245401,7.099999999999998
2245621,8.100000000000001
2245874,8.100000000000001
2246044,8.100000000000003
2246325,8.099999999999998
2246566,8.1
2246824,8.100000000000003
2247045,6.1
2247277,7.099999999999999
2247446,3.099999999999999
2247653,7.099999999999999
2247846,7.099999999999999
2248089,8.100000000000001
2248321,8.100000000000003
2248547,8.100000000000001
2248589,0.09999999999999998
2248805,8.100000000000001
2249226,8.100000000000001
2249426,8.100000000000001
2249673,9.100000000000003
2250032,8.1
2250229,8.100000000000003
2250467,8.100000000000001
2250850,8.100000000000003
2250896,3.099999999999999
2251304,8.100000000000003
2251547,8.100000000000001
2251745,8.100000000000001
2252042,7.1000000000000005
2252272,7.099999999999996
2252533,8.1
2252714,8.100000000000001
2252979,8.100000000000001
2253248,5.1
2253407,4.1
2253647,7.099999999999999
2253959,8.1
2254201,7.099999999999999
2254431,8.100000000000003
2254686,8.100000000000001
2254920,8.1
2255112,7.099999999999999
2255313,7.099999999999998
2255533,8.100000000000003
2255746,8.1
2256192,7.100000000000001
2256512,8.100000000000003
2256700,4.1
2256879,7.099999999999999
2257274,8.100000000000003
2257684,7.100000000000001
2258138,8.100000000000001
2258358,7.099999999999999
2258652,9.100000000000001
2259046,8.100000000000001
2259281,7.099999999999996
2259725,8.100000000000003
2260105,8.1
2260338,8.100000000000001
2260539,8.100000000000001
2260755,8.100000000000003
2261205,5.100000000000002
2261416,7.099999999999999
2261799,8.100000000000001
2262006,8.100000000000001
2262092,6.099999999999999
2262271,8.1
2262437,7.099999999999998
2262637,7.1
2262830,8.100000000000003
2263227,8.100000000000003
2263579,8.1
2263828,8.100000000000003
2264046,5.099999999999998
2264504,8.100000000000001
2264963,9.100000000000003
2265074,7.099999999999999
2265273,6.099999999999999
2265603,8.100000000000001
2265805,5.1
2266191,8.100000000000001
2266352,8.1
2266673,8.1
2266941,6.099999999999999
2267142,8.100000000000001
2267347,8.100000000000001
2267601,6.099999999999998
2267855,8.100000000000001
2268024,7.099999999999999
2268315,8.100000000000001
2268674,8.100000000000001
2268911,8.100000000000001
2269170,8.100000000000003
2269418,8.100000000000003
2269652,8.100000000000001
2269922,7.099999999999999
2270130,7.099999999999998
2270370,7.099999999999999
2270674,6.1
2270977,6.1
2271355,9.1
2271583,7.099999999999999
2271765,6.1
2272038,6.099999999999999
2272237,7.1
2272430,6.1
2272598,8.100000000000001
2272824,6.1
2273082,8.100000000000003
2273349,6.1
2273716,7.100000000000001
2273905,7.099999999999998
2274192,8.100000000000001
2274451,6.099999999999999
2274797,8.1
2275016,7.099999999999999
2275185,8.100000000000003
2275460,6.099999999999998
2275934,9.100000000000003
2276132,8.100000000000003
2276405,8.100000000000003
2276621,7.099999999999998
2276806,8.100000000000001
2277242,8.100000000000001
2277303,3.0999999999999996
2277538,8.100000000000001
2277806,8.100000000000003
2277954,8.1
2278212,7.1
2278653,9.1
2279104,8.100000000000003
2279318,7.099999999999999
2279566,7.099999999999998
2279803,8.100000000000001
2279988,8.100000000000001
2280237,6.099999999999998
2280467,7.099999999999999
2280631,7.099999999999998
2280844,8.100000000000001
2281036,6.099999999999999
2281250,6.1
2281445,8.100000000000001
2281639,8.100000000000001
2282120,8.1
2282385,8.100000000000001
2282613,7.1
2282803,7.1
2283088,7.099999999999999
2283332,8.100000000000001
2283519,7.099999999999998
2283872,8.100000000000003
2284066,7.099999999999999
2284288,7.099999999999998
2284497,8.100000000000001
2284644,6.1
2284959,8.100000000000003
2285151,7.099999999999999
2285421,7.099999999999998
2285694,8.1
2285891,7.099999999999999
2286045,8.1
2286286,8.1
2286583,8.100000000000001
2286862,8.100000000000003
2287064,7.099999999999998
2287427,8.100000000000003
2287650,6.099999999999998
2287892,7.099999999999998
2288165,8.100000000000001
2288371,8.100000000000001
2288651,7.1
2288804,8.1
2289011,8.100000000000003
2289362,7.1
2289525,7.099999999999998
2289728,8.100000000000001
2289954,8.100000000000001
2290260,8.100000000000001
2290462,7.099999999999999
2290677,8.100000000000001
2290899,8.1
2291092,4.099999999999999
2291280,8.100000000000001
2291562,8.1
2291773,8.100000000000003
2292148,8.100000000000001
2292371,8.100000000000001
2292628,7.099999999999998
2292689,4.1
2292884,8.100000000000001
2293183,6.100000000000001
2293355,7.099999999999999
2293565,8.1
2293607,4.1
2293844,8.100000000000003
2294062,5.1
2294485,8.100000000000003
2294732,7.099999999999999
2294936,7.099999999999999
2295100,8.1
2295410,9.100000000000003
2295452,4.1
2295676,8.100000000000001
2295911,8.100000000000001
2296172,5.1
2296340,8.1
2296591,8.100000000000003
2296863,7.099999999999998
2297064,5.1
2297478,8.100000000000001
2297761,8.100000000000001
2298035,8.100000000000001
2298222,8.100000000000003
2298429,7.099999999999999
2298831,8.100000000000001
2299172,7.100000000000002
2299401,8.1
2299754,8.100000000000003
2299988,8.100000000000001
2300198,8.100000000000003
2300382,7.1
2300808,8.100000000000001
2301047,9.100000000000003
2301453,8.100000000000003
2301658,4.099999999999999
2301868,8.1
2302108,8.100000000000003
2302336,8.100000000000001
2302534,8.100000000000001
2302769,8.100000000000003
2302982,8.100000000000001
2303181,7.099999999999997
2303224,4.1
2303390,8.099999999999998
2303680,8.100000000000003
2303795,6.099999999999998
2304013,6.099999999999998
2304231,6.099999999999999
2304513,8.100000000000003
2304802,8.100000000000001
2305183,7.100000000000001
2305385,9.100000000000003
2305548,7.099999999999999
2305730,9.100000000000001
2305937,6.099999999999999
2306199,8.100000000000001
2306445,8.100000000000003
2306598,3.099999999999999
2306803,6.099999999999999
2307017,8.100000000000001
2307282,7.099999999999999
2307487,7.099999999999998
2307738,8.100000000000003
2308087,8.099999999999998
2308276,8.100000000000001
2308467,6.099999999999997
2308721,7.099999999999998
2308962,7.099999999999999
2309135,7.099999999999998
2309604,8.100000000000001
2309783,6.099999999999999
2310104,8.100000000000003
2310363,8.100000000000001
2310508,8.099999999999998
2310938,8.100000000000001
2311213,7.099999999999998
2311553,8.100000000000003
2311725,8.1
2311930,8.100000000000001
2312154,8.100000000000003
2312305,7.1
2312529,7.099999999999998
2312747,8.100000000000003
2313245,8.100000000000001
2313577,7.1
2313817,8.100000000000001
2314014,8.100000000000001
2314432,8.100000000000001
2314600,6.099999999999999
2314817,8.1
2314998,8.100000000000003
2315142,5.1
2315336,7.099999999999998
2315532,7.099999999999999
2315841,8.100000000000003
2316124,7.1
2316420,8.100000000000001
2316643,6.099999999999999
2317061,8.100000000000001
2317486,9.100000000000003
2317760,8.100000000000003
2317929,5.099999999999999
2318125,8.100000000000001
2318398,8.100000000000001
2318633,8.100000000000003
2318785,7.099999999999999
2318990,8.100000000000003
2319477,8.100000000000003
2319865,8.100000000000003
2320079,7.099999999999999
2320315,8.099999999999998
2320670,8.100000000000003
2320851,8.100000000000001
2321059,8.100000000000001
2321255,6.1
2321458,8.100000000000001
2321925,8.100000000000003
2322165,8.100000000000003
2322324,7.099999999999999
2322511,7.099999999999998
2322729,8.100000000000001
2322969,7.099999999999997
2323550,8.100000000000001
2323764,7.099999999999999
2323994,8.100000000000003
2324196,7.099999999999999
2324379,7.099999999999999
2324548,7.1
2324604,4.1
2325074,8.100000000000001
2325566,7.1000000000000005
2325843,5.1000000000000005
2326093,8.100000000000003
2326273,8.100000000000003
2326535,7.099999999999997
2326738,7.099999999999999
2326783,3.0999999999999996
2327008,8.100000000000003
2327483,8.100000000000001
2327704,8.100000000000001
2327967,8.100000000000003
2328118,7.099999999999999
2328387,8.1
2328603,6.099999999999998
2328830,8.100000000000003
2329087,8.100000000000003
2329366,7.099999999999999
2329626,8.100000000000001
2329914,7.1
2330418,8.100000000000003
2330652,8.100000000000001
2330856,6.099999999999998
2331195,8.100000000000001
2331703,8.100000000000001
2331911,8.100000000000003
2332140,8.100000000000003
2332281,6.1
2332496,6.099999999999999
2332726,7.099999999999998
2332975,7.099999999999998
2333403,8.100000000000003
2333611,8.100000000000001
2333778,7.099999999999999
2333985,8.100000000000003
2334172,8.100000000000003
2334742,9.100000000000001
2334930,6.099999999999998
2335196,7.099999999999997
2335426,8.1
2335689,9.100000000000001
2335880,6.099999999999998
2336103,8.100000000000001
2336320,8.100000000000003
2336582,7.099999999999998
2336785,8.1
2336982,7.099999999999999
2337194,7.099999999999999
2337460,7.099999999999998
2337709,8.100000000000003
2337800,4.099999999999998
2338015,6.099999999999999
2338221,7.1
2338272,4.1
2338479,8.100000000000001
2338798,8.100000000000003
2339003,7.099999999999998
2339171,8.1
2339366,5.099999999999999
2339562,8.100000000000003
2339772,8.100000000000003
2340235,8.1
2340452,7.099999999999998
2340664,6.099999999999999
2340851,8.100000000000001
2341024,7.099999999999997
2341286,8.100000000000003
2341559,7.099999999999997
2341718,5.099999999999999
2341898,7.099999999999999
2342118,8.100000000000003
2342193,5.099999999999999
2342423,7.1
2342696,8.100000000000001
2342923,8.100000000000003
2343172,7.1
2343360,7.099999999999998
2343635,8.099999999999998
2343859,6.1
2344095,7.099999999999998
2344345,8.1
2344573,8.100000000000003
2344762,9.100000000000001
2344943,6.099999999999999
2345255,8.099999999999998
2345461,8.100000000000001
2345850,8.100000000000003
2346099,8.100000000000001
2346315,6.1
2346507,5.099999999999999
2346718,8.100000000000001
2346968,7.099999999999996
2347049,4.099999999999998
2347275,7.099999999999998
2347511,7.099999999999998
2347713,7.099999999999999
2347913,8.100000000000001
2348121,5.099999999999999
2348279,6.099999999999999
2348531,7.099999999999999
2349105,7.099999999999999
2349388,8.100000000000001
2349821,8.100000000000001
2350085,7.099999999999998
2350367,8.100000000000003
2350776,8.1
2350995,7.099999999999999
2351187,8.100000000000003
2351390,8.1
2351657,8.100000000000003
2351857,8.100000000000003
2352052,6.099999999999999
2352360,7.099999999999998
2352555,6.1
2352798,8.100000000000001
2352981,8.100000000000001
2353160,8.100000000000001
2353380,8.100000000000001
2353666,9.100000000000003
2353893,7.1
2354376,8.100000000000001
2354599,6.099999999999997
2354907,8.100000000000003
2355180,7.099999999999998
2355372,8.1
2355585,8.100000000000003
2355789,8.1
2356035,8.1
2356267,5.1
2356577,8.100000000000001
2356724,5.099999999999999
2357062,8.1
2357349,8.1
2357693,8.100000000000001
2357986,8.100000000000003
2358229,8.100000000000001
2358485,8.1
2358533,4.1
2358750,6.099999999999999
2358949,8.100000000000003
2359438,9.100000000000001
2359929,8.100000000000001
2360248,8.1
2360446,8.100000000000001
2360689,7.099999999999999
2360920,7.099999999999998
2361133,7.099999999999999
2361353,8.1
2361650,8.1
2362022,8.100000000000001
2362271,6.099999999999998
2362548,8.099999999999998
2362983,9.100000000000001
2363265,8.100000000000003
2363467,8.100000000000001
2363703,7.099999999999998
2364013,8.100000000000001
2364195,8.100000000000001
2364379,5.099999999999999
2364581,8.099999999999998
2364742,8.1
2365004,8.100000000000001
2365101,6.1000000000000005
2365153,4.1
2365348,8.100000000000001
2365567,8.100000000000003
2365816,7.099999999999997
2366186,7.100000000000003
2366387,7.099999999999999
2366791,8.100000000000001
2367004,8.1
2367114,6.099999999999999
2367389,8.100000000000003
2367882,6.100000000000003
2368063,8.100000000000003
2368389,9.100000000000001
2368833,8.100000000000001
2369107,8.100000000000001
2369325,7.099999999999999
2369547,8.100000000000001
2369808,8.100000000000003
2370022,7.099999999999997
2370317,8.100000000000001
2370499,8.100000000000001
2370688,8.1
2370985,8.100000000000003
2371174,8.100000000000003
2371365,6.099999999999999
2371542,7.099999999999998
2371719,8.100000000000001
2371924,8.100000000000003
2372158,8.100000000000001
2372466,7.099999999999999
2373005,8.100000000000003
2373254,7.1
2373564,8.1
2373791,7.099999999999998
2373863,2.1
2374042,8.1
2374218,6.1
2374558,8.100000000000001
2374882,8.100000000000003
2375071,6.099999999999998
2375313,8.100000000000003
2375566,8.100000000000003
2375739,6.1
2375993,8.100000000000003
2376259,7.099999999999999
2376538,8.100000000000003
2376998,8.100000000000001
2377416,8.100000000000003
2377595,8.100000000000001
2377841,8.100000000000001
2378067,8.100000000000003
2378275,8.100000000000001
2378505,8.100000000000003
2378660,8.1
2378859,5.1
2379138,8.100000000000003
2379584,8.100000000000001
2379816,7.1
2380044,5.099999999999999
2380506,9.1
2380721,8.100000000000001
2381166,7.1
2381404,8.100000000000001
2381799,8.100000000000001
2382080,9.100000000000001
2382294,7.1
2382666,8.1
2383132,8.1
2383336,8.100000000000001
2383534,6.099999999999999
2383824,8.100000000000001
2384030,8.100000000000001
2384518,8.100000000000001
2384726,6.099999999999999
2385011,8.100000000000003
2385242,8.100000000000003
2385745,8.100000000000001
2385921,7.1
2386179,7.099999999999998
2386533,8.099999999999996
2386741,7.099999999999999
2387000,8.100000000000003
2387210,7.099999999999999
2387415,7.099999999999999
2387629,8.1
2387718,5.099999999999999
2388100,8.100000000000003
2388285,8.100000000000001
2388401,7.099999999999999
2388608,8.100000000000003
2388824,7.099999999999999
2389019,8.100000000000003
2389348,7.100000000000001
2389434,6.1
2389714,8.100000000000001
2389958,8.100000000000003
2390170,4.099999999999999
2390637,8.100000000000001
2390858,8.100000000000003
2391011,6.099999999999998
2391249,8.100000000000001
2391479,8.100000000000003
2391875,7.100000000000002
2392080,5.099999999999999
2392293,7.099999999999999
2392502,8.100000000000001
2392731,7.099999999999999
2392964,8.100000000000003
2393154,7.099999999999999
2393616,8.100000000000003
2393830,7.1
2394061,8.100000000000003
2394268,4.1000000000000005
2394547,8.100000000000001
2394683,6.1
2394867,7.099999999999998
2395272,8.1
2395529,8.100000000000001
2395744,8.100000000000003
2395989,8.100000000000001
2396222,8.100000000000001
2396277,4.099999999999999
2396539,8.100000000000003
2396782,7.1
2396996,8.100000000000003
2397485,8.100000000000001
2397739,8.100000000000001
2398016,8.100000000000001
2398317,8.1
2398504,8.100000000000003
2398740,6.099999999999998
2399042,9.100000000000001
2399311,7.099999999999999
2399702,7.1000000000000005
2399912,8.100000000000003
2400083,8.100000000000001
2400271,8.100000000000003
2400421,6.099999999999999
2400618,6.099999999999999
2400849,8.100000000000001
2401110,8.100000000000003
2401330,8.100000000000003
2401581,7.099999999999997
2402005,8.100000000000001
2402422,8.100000000000001
2402582,7.099999999999999
2402788,8.100000000000001
2402941,8.100000000000001
2403271,7.100000000000001
2403451,7.099999999999999
2403764,7.1
2403958,8.100000000000001
2404161,8.1
2404461,8.100000000000003
2404686,8.100000000000001
2404880,7.099999999999999
2405332,7.1
2405534,8.100000000000001
2405877,8.100000000000003
2406031,6.1
2406406,8.100000000000003
2406870,7.100000000000003
2407373,7.100000000000003
2407563,6.1
2407831,8.100000000000003
2408022,8.100000000000003
2408225,8.100000000000003
2408502,8.1
2408654,8.1
2408808,6.099999999999999
2408844,4.1
2409185,8.100000000000001
2409406,7.099999999999998
2409806,8.100000000000003
2410022,8.100000000000003
2410234,7.099999999999998
2410484,8.100000000000001
2410645,7.099999999999998
2410868,8.100000000000003
2411074,7.099999999999999
2411268,8.100000000000001
2411529,8.100000000000001
2411735,8.100000000000001
2411995,8.1
2412218,7.099999999999999
2412669,7.099999999999997
2412959,8.100000000000003
2413245,7.099999999999999
2413664,7.1
2413882,7.1
2414165,7.099999999999999
2414412,8.1
2414691,8.100000000000001
2414892,7.099999999999999
2415113,7.099999999999998
2415371,7.099999999999998
2415644,8.1
2415875,7.1
2416093,5.099999999999999
2416316,8.100000000000001
2416627,8.100000000000001
2416881,7.1000000000000005
2417109,9.100000000000001
2417360,7.099999999999997
2417643,8.100000000000001
2417815,8.100000000000001
2418067,8.100000000000001
2418286,8.100000000000001
2418481,7.099999999999999
2418742,8.100000000000001
2418878,8.1
2419104,9.100000000000003
2419327,8.100000000000001
2419536,7.099999999999998
2419723,7.099999999999999
2419946,8.100000000000003
2420117,7.099999999999997
2420365,7.099999999999998
2420571,8.1
2420956,8.100000000000003
2421148,7.099999999999999
2421328,6.099999999999997
2421617,6.099999999999998
2421819,8.100000000000001
2422116,8.100000000000001
2422645,8.100000000000003
2422846,6.099999999999998
2423088,6.099999999999997
2423291,6.1
2423618,7.099999999999997
2423747,5.099999999999999
2424105,6.1000000000000005
2424320,6.099999999999998
2424527,8.100000000000003
2424732,7.099999999999999
2425008,7.099999999999998
2425241,7.099999999999999
2425523,7.1000000000000005
2425737,5.1
2425937,5.099999999999999
2426168,8.100000000000003
2426394,8.1
2426621,7.099999999999998
2426895,6.100000000000001
2427183,6.099999999999996
2427429,8.1
2427684,7.099999999999997
2427963,7.099999999999999
2428164,7.099999999999999
2428575,8.100000000000003
2428778,7.099999999999998
2428996,9.1
2429203,8.100000000000001
2429662,8.100000000000001
2429864,7.099999999999998
2430097,8.099999999999998
2430381,6.1
2430650,8.100000000000003
2430859,7.099999999999999
2430915,4.1
2431170,7.099999999999999
2431601,7.100000000000001
2431793,7.099999999999999
2432052,7.099999999999998
2432274,6.099999999999999
2432712,8.100000000000001
2432949,9.100000000000001
2433195,7.099999999999999
2433433,8.1
2433643,8.100000000000001
2434043,8.100000000000001
2434209,8.100000000000001
2434490,8.100000000000001
2434635,8.100000000000001
2434848,8.100000000000001
2435055,6.099999999999999
2435435,8.100000000000003
2435692,8.1
2435946,8.100000000000003
2436375,8.100000000000001
2436668,8.100000000000003
2436901,8.100000000000001
2437202,8.1
2437431,8.1
2437641,8.100000000000001
2438085,8.100000000000001
2438251,6.099999999999998
2438688,8.100000000000003
2438840,5.099999999999999
2439101,7.099999999999997
2439293,7.099999999999999
2439486,7.099999999999999
2439687,7.099999999999999
2439875,8.100000000000001
2440039,8.1
2440456,9.100000000000003
2440694,7.099999999999997
2441106,8.100000000000001
2441401,8.100000000000001
2441607,8.100000000000001
2442048,8.100000000000003
2442263,8.1
2442434,7.099999999999999
2442761,7.099999999999999
2443071,7.099999999999999
2443323,8.100000000000001
2443546,8.100000000000001
2443730,6.099999999999999
2443930,6.099999999999998
2444166,8.100000000000001
2444361,8.100000000000003
2444611,8.1
2444789,8.1
2445038,8.1
2445319,9.100000000000001
2445606,8.100000000000001
2445806,8.100000000000001
2446027,8.100000000000001
2446214,8.100000000000001
2446568,8.100000000000001
2446828,7.099999999999999
2447036,7.099999999999999
2447355,7.099999999999998
2447679,7.1000000000000005
2448243,8.100000000000003
2448429,6.099999999999997
2448734,8.1
2448919,8.100000000000001
2449107,8.100000000000001
2449268,6.1
2449457,8.1
2449621,7.1
2449828,7.099999999999999
2450283,8.100000000000001
2450456,8.100000000000001
2450824,7.100000000000001
2451023,8.099999999999998
2451280,8.100000000000001
2451526,5.1
2451732,9.100000000000003
2451919,7.099999999999997
2452140,8.100000000000003
2452482,8.100000000000003
2452653,4.1
2452899,7.099999999999999
2453123,8.100000000000001
2453304,7.099999999999998
2453563,9.100000000000003
2453832,10.100000000000003
2454100,7.1
2454304,8.1
2454522,7.099999999999999
2454771,7.099999999999998
2454986,5.1
2455425,8.100000000000003
2455667,8.100000000000003
2456107,6.100000000000003
2456364,7.099999999999998
2456557,7.099999999999999
2457223,9.100000000000001
2457485,7.099999999999999
2457573,5.099999999999999
2457787,8.100000000000001
2458182,7.100000000000003
2458383,5.1
2458792,8.100000000000001
2459331,8.100000000000003
2459721,7.099999999999998
2460007,9.099999999999996
2460274,7.099999999999999
2460553,7.099999999999999
2460730,6.1
2460978,9.100000000000003
2461420,8.100000000000001
2461622,9.100000000000003
2461877,9.100000000000001
2462126,7.099999999999999
2462442,9.100000000000003
2462587,5.099999999999999
2462784,8.100000000000001
2463024,8.100000000000001
2463181,7.099999999999999
2463388,8.1
2463633,8.100000000000001
2463804,6.099999999999999
2464042,8.100000000000003
2464294,9.100000000000003
2464574,7.099999999999999
2464894,7.099999999999997
2465110,8.1
2465439,8.100000000000001
2465925,8.100000000000003
2466242,8.100000000000003
2466494,7.099999999999998
2466848,9.100000000000001
2467037,7.099999999999999
2467390,8.100000000000001
2467812,8.100000000000001
2468054,8.100000000000003
2468459,8.100000000000001
2468676,8.100000000000003
2468971,8.100000000000001
2469174,8.100000000000003
2469330,7.099999999999998
2469586,7.099999999999999
2469872,8.100000000000003
2470360,8.100000000000001
2470594,8.100000000000003
2470814,8.100000000000003
2471109,7.1
2471385,8.100000000000001
2471718,7.1
2471898,7.099999999999999
2472176,8.100000000000003
2472392,7.1
2472636,8.1
2472858,7.099999999999998
2473091,7.099999999999999
2473342,8.100000000000001
2473782,8.100000000000001
2474012,7.099999999999999
2474269,8.100000000000003
2474468,8.100000000000001
2474723,8.100000000000003
2474980,7.1000000000000005
2475260,8.100000000000001
2475495,8.100000000000001
2475772,7.099999999999997
2476033,8.100000000000001
2476224,6.099999999999997
2476443,8.1
2476797,8.100000000000001
2476970,8.100000000000003
2477176,6.099999999999997
2477334,5.1
2477500,7.099999999999999
2477646,6.099999999999999
2478096,8.100000000000001
2478611,8.1
2478879,7.099999999999998
2479103,7.099999999999997
2479328,6.1
2479622,7.099999999999999
2479903,6.1000000000000005
2480159,8.100000000000001
2480615,8.1
2481024,8.100000000000001
2481247,7.099999999999998
2481476,7.099999999999998
2481964,8.100000000000003
2482203,7.099999999999997
2482467,7.099999999999998
2482714,6.1
2482917,8.1
2483199,7.099999999999999
2483547,7.1000000000000005
2483866,8.100000000000003
2484094,8.100000000000003
2484366,8.100000000000003
2484664,7.100000000000001
2484851,8.100000000000003
2485181,7.099999999999999
2485802,8.099999999999998
2486085,7.099999999999999
2486291,9.100000000000001
2486515,5.099999999999998
2486774,8.1
2487054,9.100000000000003
2487333,7.100000000000001
2487670,9.100000000000001
2487997,7.100000000000002
2488234,7.099999999999997
2488466,7.099999999999996
2488666,7.099999999999998
2488885,7.099999999999998
2489109,8.1
2489341,7.099999999999998
2489627,7.099999999999999
2489839,7.099999999999998
2490038,7.099999999999999
2490284,8.100000000000001
2490482,5.099999999999999
2490740,8.100000000000003
2491058,8.100000000000003
2491379,8.100000000000001
2491597,7.099999999999998
2491788,5.099999999999999
2491991,7.099999999999999
2492227,8.100000000000003
2492458,8.100000000000001
2492625,7.099999999999999
2493086,9.100000000000003
2493565,8.099999999999998
2493758,8.100000000000003
2493993,6.099999999999998
2494269,7.099999999999998
2494478,7.099999999999998
2494680,7.099999999999999
2494894,9.100000000000001
2495181,8.100000000000001
2495380,6.099999999999999
2495834,8.100000000000001
2496022,8.100000000000003
2496311,7.1
2496543,8.100000000000003
2496979,8.100000000000001
2497155,8.100000000000001
2497348,7.099999999999999
2497528,3.0999999999999996
2497768,12.100000000000001
2498192,9.100000000000001
2498444,8.100000000000003
2498659,8.100000000000003
2498886,8.100000000000003
2499132,7.099999999999999
2499370,8.1
2499630,8.100000000000001
2499939,8.100000000000001
2500161,7.1
2500515,8.100000000000003
2500971,8.100000000000001
2501202,8.1
2501465,7.1000000000000005
2501677,8.100000000000001
2501888,8.100000000000003
2502170,8.100000000000001
2502377,7.1
2502677,8.1
2502863,7.099999999999999
2503123,7.099999999999999
2503249,3.0999999999999996
2503466,7.099999999999999
2503932,12.1
2504131,8.100000000000003
2504296,7.099999999999999
2504496,6.1
2504783,7.099999999999998
2505054,7.099999999999999
2505360,8.100000000000003
2505590,7.1
2505802,8.099999999999998
2506075,8.100000000000001
2506325,7.099999999999998
2506542,8.100000000000001
2506725,7.099999999999998
2507163,8.100000000000001
2507604,8.100000000000003
2507807,7.1
2508029,8.100000000000003
2508249,7.1
2508485,8.100000000000001
2508672,6.099999999999999
2508883,8.100000000000001
2509237,8.100000000000003
2509443,8.100000000000001
2509664,7.099999999999999
2510136,8.100000000000003
2510342,8.100000000000001
2510686,8.100000000000001
2510894,7.099999999999999
2511082,8.100000000000003
2511312,8.100000000000001
2511530,8.100000000000001
2511727,8.100000000000001
2511896,7.1
2512146,8.100000000000001
2512443,8.100000000000001
2512641,7.099999999999999
2512835,8.100000000000003
2513054,6.099999999999999
2513256,8.099999999999998
2513519,7.099999999999996
2513765,8.100000000000001
2513985,7.099999999999999
2514249,8.100000000000001
2514441,8.100000000000003
2514746,7.099999999999998
2514988,7.099999999999998
2515466,8.100000000000003
2515715,7.099999999999997
2515906,8.1
2516088,8.100000000000001
2516267,7.099999999999999
2516540,10.100000000000003
2516724,8.100000000000001
2516981,7.099999999999997
2517480,9.100000000000001
2517771,8.100000000000003
2517974,7.1
2518448,8.100000000000003
2518703,8.100000000000001
2518942,8.100000000000001
2519209,7.099999999999997
2519409,7.099999999999998
2519597,8.100000000000001
2519826,8.100000000000001
2520133,8.100000000000001
2520525,8.100000000000003
2520810,6.099999999999998
2520972,5.1
2521195,8.100000000000001
2521428,9.100000000000003
2521625,7.099999999999999
2521863,8.100000000000003
2522350,8.100000000000001
2522537,6.099999999999999
2522722,6.1
2522982,8.100000000000001
2523238,8.100000000000003
2523520,11.100000000000001
2523765,9.1
2523964,6.1
2524002,3.0999999999999996
2524237,8.099999999999998
2524671,8.100000000000003
2524957,8.100000000000003
2525118,7.099999999999997
2525297,8.100000000000001
2525559,7.1000000000000005
2525767,8.100000000000001
2525961,7.099999999999999
2526314,7.1
2526616,8.100000000000003
2527054,8.100000000000001
2527317,8.100000000000003
2527530,7.099999999999999
2527762,8.1
2527989,7.099999999999999
2528328,6.1
2528659,9.100000000000003
2529062,8.100000000000001
2529248,7.099999999999999
2529436,7.099999999999999
2529693,6.099999999999998
2529976,8.100000000000003
2530221,7.099999999999998
2530455,8.100000000000003
2530876,8.100000000000001
2531046,8.100000000000001
2531269,8.100000000000003
2531753,9.100000000000003
2532239,8.100000000000003
2532490,8.100000000000003
2532763,8.099999999999998
2533097,8.100000000000003
2533301,8.100000000000003
2533543,7.099999999999999
2533807,7.099999999999997
2534064,8.100000000000001
2534257,8.100000000000003
2534572,9.100000000000003
2534779,8.100000000000001
2534954,7.099999999999998
2535212,6.1
2535401,6.099999999999998
2535708,9.100000000000003
2536014,7.1
2536195,6.1
2536334,6.1
2536639,8.1
2536844,8.100000000000001
2537014,7.099999999999999
2537212,5.099999999999999
2537357,7.099999999999999
2537598,6.099999999999999
2537806,8.1
2538065,7.099999999999996
2538337,8.100000000000001
2538554,9.100000000000003
2538944,8.100000000000001
2539186,9.100000000000001
2539443,8.100000000000003
2539672,9.100000000000001
2539939,8.1
2540329,7.1000000000000005
2540576,7.099999999999997
2540801,7.099999999999999
2540981,7.099999999999999
2541152,8.100000000000003
2541424,7.099999999999998
2541751,8.100000000000003
2542068,8.100000000000003
2542298,8.100000000000001
2542587,9.100000000000003
2543046,8.100000000000003
2543281,8.100000000000001
2543692,8.100000000000001
2543911,8.100000000000001
2544110,7.099999999999999
2544345,7.099999999999998
2544593,8.100000000000001
2544795,8.099999999999998
2544932,6.099999999999998
2545326,7.100000000000002
2545514,8.100000000000003
2545750,8.100000000000003
2545955,8.100000000000001
2546144,8.099999999999998
2546427,8.100000000000001
2546634,7.099999999999999
2547088,8.100000000000003
2547245,7.099999999999999
2547500,9.100000000000003
2547998,9.100000000000003
2548292,8.100000000000003
2548515,8.100000000000003
2548769,7.099999999999999
2548992,8.100000000000001
2549195,8.100000000000003
2549441,8.100000000000003
2549624,8.1
2550083,8.1
2550301,7.099999999999999
2550483,8.100000000000003
2550706,9.100000000000001
2550892,7.099999999999998
2551096,6.1
2551251,8.1
2551483,6.1
2551788,5.1
2552157,7.1000000000000005
2552477,9.100000000000001
2552898,8.100000000000001
2553152,8.099999999999998
2553445,7.1000000000000005
2553646,6.1
2553814,8.100000000000001
2554178,9.100000000000003
2554392,8.100000000000001
2554818,8.100000000000001
2555179,8.100000000000003
2555354,6.099999999999998
2555557,7.099999999999999
2555798,7.099999999999998
2556001,8.100000000000001
2556432,9.100000000000003
2556671,8.1
2556879,7.099999999999999
2557127,7.099999999999998
2557375,7.099999999999999
2557658,8.100000000000003
2557846,8.100000000000003
2558113,7.099999999999998
2558608,8.100000000000001
2559115,9.100000000000003
2559452,8.100000000000003
2559647,7.1
2560024,8.100000000000003
2560294,8.100000000000001
2560539,8.100000000000001
2560801,7.1
2561211,8.100000000000001
2561460,9.100000000000003
2561982,9.100000000000001
2562180,8.100000000000001
2562403,7.099999999999997
2562768,8.100000000000003
2563045,5.099999999999996
2563328,8.100000000000003
2563534,8.100000000000003
2563761,7.1
2563963,8.099999999999998
2564146,7.099999999999998
2564396,8.100000000000003
2564750,8.100000000000001
2565118,7.1000000000000005
2565417,7.099999999999998
2565696,8.100000000000003
2565896,6.099999999999998
2566334,8.100000000000001
2566374,4.1
2566426,4.1
2566564,4.1
2566765,7.1
2567210,5.100000000000003
2567466,8.1
2567679,7.099999999999999
2567922,8.100000000000001
2568118,6.099999999999999
2568407,8.100000000000001
2568577,7.099999999999999
2568819,6.1
2569045,8.100000000000001
2569087,3.099999999999999
2569390,8.100000000000003
2569581,8.100000000000003
2569808,9.100000000000001
2570060,10.100000000000003
2570307,8.100000000000003
2570809,9.1
2571075,7.099999999999999
2571321,8.100000000000001
2571621,8.100000000000003
2571668,4.1
2571985,8.100000000000001
2572161,7.099999999999999
2572352,7.099999999999999
2572601,8.100000000000003
2572834,6.099999999999998
2573010,8.1
2573336,9.100000000000001
2573420,6.1
2573787,8.100000000000001
2574350,9.100000000000003
2574586,6.1
2574788,8.099999999999998
2575076,7.099999999999998
2575433,9.100000000000001
2575676,8.100000000000003
2575870,8.1
2576136,8.100000000000001
2576182,4.1
2576447,8.100000000000001
2576668,8.100000000000003
2576938,7.099999999999998
2577254,8.100000000000001
2577741,8.100000000000003
2578116,8.100000000000003
2578279,7.1
2578334,3.0999999999999996
2578565,9.100000000000001
2578754,6.099999999999999
2579066,7.099999999999999
2579331,8.1
2579557,8.100000000000003
2579796,9.100000000000003
2580189,9.100000000000003
2580412,8.100000000000003
2580632,9.100000000000001
2580964,8.100000000000001
2581166,9.100000000000003
2581334,7.099999999999999
2581783,9.100000000000001
2582043,7.099999999999998
2582374,7.1000000000000005
2582836,8.100000000000001
2583253,7.1
2583761,9.100000000000003
2583984,8.100000000000001
2584286,9.100000000000001
2584621,9.100000000000003
2584867,6.099999999999999
2585072,8.100000000000001
2585395,8.100000000000001
2585932,11.100000000000001
2585963,3.0999999999999996
2586408,8.1
2586611,6.1
2586882,9.100000000000001
2587075,7.099999999999999
2587313,10.100000000000001
2587553,8.100000000000001
2587740,8.1
2588040,8.1
2588580,9.099999999999998
2588812,9.100000000000003
2589079,8.100000000000001
2589267,8.100000000000003
2589590,10.100000000000003
2589835,8.1
2590112,8.100000000000003
2590416,9.100000000000003
2590822,8.100000000000003
2591083,8.100000000000001
2591343,8.100000000000001
2591538,8.100000000000001
2591790,8.100000000000003
2592177,8.1
2592447,7.099999999999999
2592709,8.100000000000001
2592999,9.100000000000003
2593215,7.099999999999998
2593426,8.100000000000001
2593612,8.099999999999998
2593793,8.100000000000003
2594071,7.099999999999999
2594284,8.1
2594692,5.100000000000001
2595020,6.099999999999999
2595178,6.099999999999999
2595409,7.099999999999999
2595628,8.100000000000003
2595878,8.100000000000001
2596089,5.1
2596307,8.100000000000003
2596499,7.099999999999998
2596938,8.1
2597223,9.100000000000001
2597698,8.100000000000003
2597979,8.100000000000003
2598159,7.099999999999999
2598401,9.100000000000001
2598442,3.0999999999999996
2598655,8.100000000000001
2598693,1.1
2598857,8.1
2599045,8.1
2599227,7.099999999999999
2599510,8.1
2599848,7.099999999999997
2600030,5.099999999999998
2600240,8.100000000000003
2600478,8.100000000000001
2600678,8.100000000000001
2600876,8.100000000000001
2601118,7.099999999999998
2601361,7.1
2601620,6.099999999999998
2601812,7.099999999999999
2602032,8.099999999999998
2602584,9.100000000000003
2602767,7.099999999999998
2602968,8.099999999999998
2603218,9.100000000000003
2603436,8.1
2603626,9.100000000000001
2603822,7.099999999999999
2604072,8.100000000000001
2604319,8.100000000000003
2604503,7.099999999999999
2604760,7.099999999999998
2605098,7.1
2605394,8.1
2605631,9.1
2605790,8.100000000000001
2606083,7.099999999999998
2606283,8.100000000000003
2606547,9.100000000000003
2606780,8.100000000000001
2606936,7.099999999999999
2607289,8.100000000000003
2607652,9.1
2607934,8.1
2608196,7.1
2608361,7.099999999999999
2608539,6.099999999999998
2608745,9.1
2609072,7.1
2609305,8.100000000000001
2609666,7.1000000000000005
2609874,8.100000000000001
2610191,8.100000000000001
2610425,7.1
2610685,7.099999999999999
2610728,5.1
2611231,8.100000000000003
2611507,6.099999999999997
2611970,8.100000000000001
2612430,8.100000000000001
2612860,9.100000000000003
2613138,7.099999999999999
2613379,8.100000000000001
2613687,9.1
2613889,8.1
2614328,9.100000000000003
2614793,9.100000000000003
2614948,7.099999999999998
2615375,8.1
2615644,8.100000000000001
2615871,8.100000000000001
2616117,8.100000000000001
2616150,4.1
2616431,8.100000000000001
2616472,4.1
2616694,7.099999999999998
2616922,10.100000000000003
2617202,9.100000000000003
2617340,6.1
2617540,9.100000000000001
2617737,9.100000000000003
2618083,10.099999999999998
2618285,8.100000000000003
2618475,8.100000000000001
2618844,9.100000000000003
2619032,8.100000000000001
2619254,9.100000000000003
2619707,9.100000000000001
2620060,9.100000000000003
2620404,10.100000000000003
2620613,8.1
2620944,8.100000000000003
2621154,8.100000000000003
2621347,9.100000000000003
2621565,6.099999999999999
2621749,9.100000000000001
2621976,8.100000000000001
2622153,7.099999999999999
2622346,7.099999999999998
2622665,9.100000000000001
2623197,8.100000000000001
2623536,8.100000000000003
2623790,8.100000000000001
2624044,6.1
2624251,8.100000000000003
2624492,8.100000000000001
2624886,8.100000000000003
2625110,9.100000000000003
2625329,7.099999999999999
2625584,9.100000000000001
2625818,8.100000000000001
2626013,8.1
2626146,5.099999999999998
2626290,8.100000000000001
2626469,8.100000000000001
2626703,9.100000000000003
2626947,7.099999999999998
2627174,7.099999999999999
2627215,3.0999999999999996
2627402,5.099999999999999
2627584,5.099999999999998
2627816,9.1
2628043,8.100000000000001
2628330,8.100000000000001
2628582,9.100000000000001
2628752,7.099999999999999
2628970,6.099999999999998
2629176,8.1
2629391,7.099999999999999
2629712,9.100000000000001
2629892,7.099999999999999
2630340,9.100000000000003
2630557,8.100000000000001
2631002,8.100000000000001
2631199,7.099999999999997
2631474,8.100000000000001
2631666,8.100000000000001
2631888,9.1
2632096,8.100000000000001
2632290,8.100000000000003
2632497,8.100000000000003
2632785,9.100000000000003
2633328,8.100000000000001
2633521,7.099999999999999
2633842,8.100000000000003
2634120,8.100000000000001
2634467,9.1
2634911,8.100000000000003
2635170,7.099999999999998
2635419,8.100000000000003
2635781,7.099999999999999
2636008,7.099999999999999
2636262,8.100000000000001
2636662,7.099999999999997
2636843,8.100000000000003
2637054,8.100000000000001
2637250,7.099999999999998
2637692,8.100000000000003
2637891,8.1
2638070,8.100000000000001
2638349,9.100000000000001
2638600,7.099999999999998
2638809,9.100000000000001
2639260,8.1
2639498,9.100000000000003
2639763,8.100000000000001
2639942,9.100000000000003
2640221,8.100000000000001
2640382,8.099999999999998
2640840,8.100000000000001
2641318,8.100000000000003
2641604,7.099999999999999
2641762,8.100000000000001
2642130,7.100000000000002
2642547,8.100000000000001
2642779,9.100000000000003
2643012,8.100000000000001
2643232,7.099999999999998
2643445,8.1
2643677,9.100000000000001
2644144,9.100000000000001
2644385,8.100000000000001
2644673,9.100000000000003
2644867,7.099999999999999
2645155,6.099999999999998
2645413,7.099999999999998
2645597,5.099999999999998
2645818,7.099999999999999
2646054,8.100000000000001
2646306,6.099999999999999
2646746,6.100000000000003
2647045,8.1
2647366,9.100000000000003
2647884,8.099999999999998
2648096,8.100000000000001
2648347,8.100000000000003
2648700,7.100000000000002
2649080,9.100000000000001
2649302,8.100000000000003
2649501,8.1
2649788,7.099999999999999
2650022,8.100000000000001
2650262,9.100000000000001
2650455,7.099999999999998
2650780,8.1
2651240,8.100000000000003
2651612,6.1
2651775,8.100000000000003
2652024,9.100000000000003
2652291,10.100000000000003
2652526,9.100000000000003
2652948,8.100000000000003
2653228,9.100000000000003
2653423,7.1
2653883,9.100000000000001
2654169,9.1
2654429,9.100000000000001
2654594,8.1
2654885,8.100000000000001
2655146,8.1
2655366,6.099999999999998
2655545,5.099999999999999
2655743,6.1
2655942,10.100000000000001
2656281,7.099999999999999
2656501,7.099999999999999
2656724,8.100000000000003
2657051,9.100000000000001
2657294,9.100000000000003
2657726,9.100000000000003
2658033,7.1
2658365,7.100000000000001
2658609,8.100000000000003
2658755,6.099999999999997
2658955,6.1
2659187,6.099999999999999
2659405,7.099999999999999
2659632,9.100000000000003
2659918,10.100000000000003
2660190,9.100000000000003
2660418,9.100000000000001
2660716,9.100000000000003
2660950,8.1
2661166,6.099999999999999
2661392,8.100000000000001
2661745,8.100000000000003
2661991,8.100000000000001
2662176,7.1
2662352,7.1
2662564,9.100000000000003
2662844,9.100000000000003
2663027,6.099999999999999
2663353,5.1
2663485,4.1
2663701,8.100000000000003
2664024,8.100000000000003
2664205,7.1
2664661,9.100000000000003
2664944,10.1
2665221,9.100000000000003
2665399,6.099999999999998
2665598,6.099999999999999
2665787,7.099999999999998
2666067,8.1
2666232,8.100000000000001
2666396,6.099999999999999
2666878,9.100000000000003
2667112,8.100000000000001
2667640,9.100000000000003
2667912,7.099999999999999
2668193,8.100000000000001
2668563,11.099999999999998
2668814,8.100000000000001
2668989,7.099999999999999
2669323,7.100000000000002
2669605,7.1000000000000005
2669837,8.100000000000001
2669992,7.099999999999999
2670214,8.100000000000001
2670476,8.099999999999998
2670725,8.100000000000003
2671007,6.1
2671353,7.1
2671553,9.1
2671749,8.100000000000003
2672060,8.100000000000001
2672580,8.100000000000001
2672796,8.100000000000003
2673017,8.100000000000001
2673252,8.100000000000003
2673307,4.1
2673500,8.1
2673812,10.100000000000003
2674107,9.100000000000001
2674324,7.099999999999999
2674417,6.099999999999999
2674693,10.100000000000003
2674871,7.099999999999998
2675321,10.100000000000001
2675504,9.100000000000003
2675780,8.1
2676042,9.100000000000003
2676194,7.099999999999999
2676675,8.100000000000003
2676942,9.100000000000003
2677276,7.1000000000000005
2677500,7.099999999999999
2677665,7.099999999999999
2678127,8.100000000000001
2678358,8.100000000000003
2678564,8.1
2678741,6.099999999999998
2678907,7.1
2679085,8.100000000000003
2679329,9.100000000000001
2679611,8.1
2679897,8.100000000000003
2679957,3.0999999999999996
2680203,8.100000000000003
2680436,9.100000000000003
2680642,7.099999999999999
2680828,8.100000000000001
2681049,7.1
2681399,9.100000000000003
2681694,8.1
2681952,9.100000000000001
2682158,8.100000000000001
2682406,8.100000000000003
2682609,8.100000000000001
2682863,8.100000000000001
2683131,7.099999999999999
2683313,9.100000000000003
2683537,9.100000000000003
2683749,7.1
2684114,9.100000000000001
2684326,7.099999999999999
2684588,7.099999999999998
2684847,8.100000000000001
2685032,7.099999999999999
2685232,6.099999999999998
2685555,7.099999999999999
2685762,7.099999999999998
2686009,8.099999999999998
2686189,10.100000000000001
2686485,8.100000000000001
2686705,8.100000000000003
2686961,7.099999999999998
2687237,6.1
2687668,9.100000000000001
2687843,6.099999999999999
2688043,8.100000000000001
2688362,8.100000000000003
2688598,7.1
2688814,7.1
2689040,9.100000000000001
2689250,8.100000000000003
2689454,8.100000000000001
2689901,9.099999999999998
2690169,6.099999999999998
2690352,9.100000000000003
2690553,9.100000000000003
2691193,9.100000000000003
2691241,5.1
2691493,9.100000000000003
2691703,8.100000000000003
2691957,7.099999999999999
2692241,7.099999999999999
2692552,9.1
2692756,8.100000000000001
2692964,9.100000000000003
2693240,9.100000000000001
2693495,8.100000000000003
2693887,8.100000000000003
2694055,8.100000000000001
2694450,10.100000000000003
2694620,6.099999999999999
2694793,7.1
2695006,8.100000000000003
2695207,7.099999999999999
2695411,7.099999999999998
2695663,9.100000000000003
2695846,8.100000000000003
2696150,9.1
2696356,9.100000000000001
2696521,6.1
2696910,8.100000000000001
2697111,8.100000000000001
2697345,9.100000000000001
2697591,8.099999999999998
2697945,9.100000000000003
2698193,8.100000000000001
2698465,8.1
2698726,8.100000000000001
2698936,7.099999999999999
2699163,9.100000000000003
2699378,8.100000000000001
2699604,8.100000000000001
2699782,8.100000000000001
2699995,8.100000000000001
2700190,9.100000000000003
2700404,9.100000000000001
2700604,9.100000000000001
2700823,8.1
2701013,8.1
2701264,8.100000000000001
2701489,6.099999999999998
2701717,8.100000000000003
2702054,9.100000000000001
2702268,8.100000000000001
2702522,9.100000000000003
2702783,8.100000000000001
2703054,8.100000000000003
2703197,5.1
2703590,8.100000000000001
2703859,8.100000000000003
2704164,6.100000000000001
2704460,7.1000000000000005
2704691,8.100000000000001
2704882,9.100000000000003
2705177,9.100000000000003
2705384,9.100000000000003
2705659,9.100000000000003
2705868,8.100000000000003
2706063,6.099999999999999
2706245,9.100000000000003
2706527,8.100000000000003
2706746,8.100000000000003
2707012,9.100000000000003
2707218,8.1
2707405,8.1
2707681,8.100000000000001
2707864,7.1
2708114,9.100000000000001
2708369,9.100000000000003
2708627,8.100000000000003
2708912,9.100000000000001
2709110,6.099999999999999
2709310,7.099999999999998
2709533,8.100000000000001
2709811,9.100000000000003
2710020,8.100000000000001
2710326,8.100000000000001
2710720,10.100000000000003
2710879,8.100000000000001
2711349,9.100000000000001
2711678,8.100000000000001
2712154,9.100000000000001
2712417,10.100000000000001
2712614,8.100000000000001
2712875,8.1
2713379,9.1
2713605,7.099999999999999
2713806,7.099999999999999
2714147,9.100000000000003
2714362,8.100000000000001
2714845,9.100000000000001
2715105,6.1
2715311,8.100000000000001
2715529,8.1
2715863,9.1
2716071,8.1
2716314,9.100000000000001
2716561,6.099999999999999
2716784,9.100000000000003
2717083,6.099999999999997
2717261,7.1
2717429,7.099999999999998
2717664,9.100000000000003
2717836,7.099999999999998
2718387,8.100000000000003
2718662,10.100000000000001
2719098,7.099999999999999
2719556,9.1
2719825,9.100000000000003
2720047,8.1
2720307,8.100000000000003
2720587,9.100000000000003
2720819,8.100000000000003
2721067,8.100000000000003
2721278,4.099999999999999
2721511,8.100000000000001
2721711,7.099999999999999
2722171,9.100000000000003
2722427,9.100000000000003
2722836,9.100000000000003
2723021,8.100000000000001
2723310,8.100000000000003
2723507,6.1
2723723,8.100000000000001
2723921,7.099999999999999
2724134,9.100000000000003
2724342,9.100000000000003
2724544,9.100000000000003
2724772,7.099999999999999
2725272,9.100000000000003
2725810,7.099999999999997
2726147,8.100000000000001
2726364,8.100000000000001
2726795,9.100000000000003
2727088,9.100000000000003
2727363,8.1
2727592,7.1
2727697,6.099999999999999
2727877,6.099999999999998
2728155,9.100000000000003
2728392,9.100000000000003
2728613,8.100000000000001
2728807,8.100000000000001
2729101,9.100000000000003
2729257,8.100000000000001
2729450,8.100000000000001
2729677,9.100000000000001
2729933,9.100000000000001
2730688,9.100000000000001
2730897,7.099999999999998
2731251,7.099999999999997
2731515,9.1
2731778,7.099999999999998
2731982,8.100000000000001
2732249,7.099999999999998
2732460,6.099999999999999
2732696,9.100000000000001
2732946,7.099999999999999
2733221,7.099999999999999
2733431,9.100000000000003
2733904,9.100000000000003
2734354,9.100000000000001
2734634,9.100000000000001
2734839,8.1
2735101,9.100000000000001
2735330,9.100000000000001
2735554,8.100000000000003
2735735,8.100000000000001
2735786,5.1
2735952,7.099999999999998
2736218,9.100000000000001
2736478,7.099999999999998
2736887,7.100000000000003
2737113,8.100000000000003
2737368,8.100000000000003
2737607,7.099999999999997
2737824,9.100000000000001
2738183,8.100000000000003
2738385,8.100000000000003
2738603,9.100000000000001
2738841,6.099999999999996
2739118,9.100000000000003
2739338,8.1
2739622,8.1
2739920,10.100000000000003
2740151,9.100000000000001
2740427,9.1
2740663,9.100000000000001
2740884,9.100000000000003
2741059,8.1
2741358,9.100000000000001
2741789,9.100000000000003
2741969,8.100000000000001
2742236,9.100000000000003
2742385,7.099999999999999
2742652,11.100000000000003
2742939,9.100000000000001
2743130,9.100000000000001
2743371,8.100000000000001
2743598,8.1
2743887,7.099999999999999
2744124,8.100000000000003
2744308,7.099999999999999
2744592,8.1
2744813,8.100000000000003
2745042,8.100000000000001
2745732,10.100000000000003
2745967,8.100000000000003
2746159,8.100000000000003
2746332,8.099999999999998
2746575,9.100000000000003
2747155,12.100000000000003
2747336,7.099999999999999
2747555,10.099999999999998
2747769,8.100000000000003
2747947,8.100000000000001
2748293,9.100000000000003
2748504,7.099999999999998
2748724,8.100000000000003
2748995,8.100000000000003
2749161,8.1
2749391,8.100000000000001
2749562,7.099999999999997
2749834,8.100000000000003
2750082,10.100000000000001
2750381,9.1
2750618,8.100000000000003
2750877,9.100000000000003
2751177,9.100000000000003
2751384,9.100000000000001
2751639,10.100000000000001
2751824,8.100000000000003
2752091,9.100000000000003
2752530,9.100000000000003
2752786,8.1
2752961,7.099999999999999
2753270,10.100000000000001
2753490,9.100000000000003
2753848,7.100000000000001
2754173,9.1
2754420,8.100000000000001
2754595,9.100000000000003
2754734,7.099999999999998
2754910,8.100000000000001
2755255,8.100000000000001
2755501,7.1
2755684,8.1
2755918,6.1
2756243,8.100000000000001
2756402,4.099999999999998
2756687,9.100000000000003
2756836,7.099999999999999
2757022,9.100000000000003
2757181,8.099999999999998
2757397,7.099999999999998
2757583,8.100000000000003
2757928,8.100000000000003
2758189,8.100000000000003
2758410,6.099999999999999
2758904,9.100000000000003
2759212,8.100000000000001
2759280,3.1
2759567,9.100000000000001
2759799,8.100000000000001
2760096,7.1
2760349,8.100000000000003
2760404,4.1
2760620,9.100000000000003
2760861,8.100000000000003
2761087,8.100000000000001
2761316,10.100000000000003
2761566,7.1
2761826,9.100000000000003
2762157,8.100000000000001
2762537,8.100000000000003
2762846,7.1
2763093,8.100000000000003
2763318,9.100000000000001
2763541,6.1
2763755,10.100000000000001
2764034,9.100000000000001
2764288,8.100000000000003
2764535,8.100000000000001
2764775,9.1
2765018,9.1
2765432,8.100000000000001
2765633,9.100000000000001
2765846,9.1
2766118,7.099999999999999
2766400,9.100000000000003
2766616,8.1
2766969,9.100000000000001
2767214,9.100000000000001
2767480,9.100000000000003
2767701,6.1
2767972,9.100000000000003
2768368,9.100000000000001
2768578,9.100000000000003
2768862,8.1
2769246,8.100000000000003
2769423,8.100000000000001
2769611,9.100000000000001
2769767,7.099999999999997
2769957,6.099999999999999
2770309,9.100000000000003
2770435,7.099999999999999
2770793,9.100000000000003
2771056,7.099999999999998
2771371,9.100000000000003
2771632,8.100000000000003
2771799,7.099999999999998
2772010,8.100000000000003
2772246,8.100000000000003
2772452,8.100000000000001
2772653,7.099999999999999
2772993,8.100000000000003
2773211,8.1
2773379,7.099999999999999
2773681,8.100000000000001
2774140,9.100000000000001
2774523,8.100000000000001
2774890,10.100000000000003
2775108,8.1
2775316,9.100000000000003
2775586,7.099999999999997
2775870,8.099999999999998
2776322,9.100000000000001
2776581,9.100000000000003
2776775,6.099999999999999
2776984,6.099999999999999
2777188,9.1
2777609,6.100000000000003
2777887,9.100000000000003
2778170,11.100000000000001
2778363,8.100000000000003
2778551,9.100000000000001
2778732,8.100000000000001
2778939,9.100000000000003
2779262,8.1
2779524,8.100000000000001
2780014,9.100000000000003
2780318,9.100000000000003
2780656,8.100000000000003
2780875,9.100000000000001
2781087,7.099999999999999
2781359,9.100000000000003
2781588,9.100000000000001
2781946,10.100000000000001
2782147,7.099999999999998
2782418,9.100000000000001
2782638,8.100000000000001
2782886,8.100000000000003
2783078,7.099999999999999
2783346,8.1
2783691,8.100000000000003
2783890,7.099999999999999
2784242,9.100000000000001
2784496,9.100000000000001
2784700,7.099999999999999
2785164,9.100000000000003
2785474,10.100000000000003
2785837,10.100000000000003
2786086,9.100000000000001
2786638,7.099999999999997
2786892,6.099999999999999
2787265,8.100000000000003
2787552,8.100000000000001
2787713,9.100000000000001
2787941,9.100000000000001
2788153,6.099999999999999
2788388,9.100000000000001
2788749,9.100000000000003
2788976,8.100000000000003
2789141,8.1
2789367,8.100000000000003
2789597,8.100000000000001
2789830,8.100000000000001
2790116,9.100000000000003
2790353,9.100000000000003
2790610,7.099999999999999
2790855,9.100000000000001
2791054,9.100000000000003
2791326,8.100000000000001
2791545,9.100000000000003
2791763,9.100000000000003
2791954,8.100000000000001
2792458,9.100000000000003
2792721,9.100000000000001
2792972,7.099999999999995
2793149,8.100000000000003
2793423,8.100000000000001
2793676,9.100000000000003
2793854,8.100000000000001
2794070,9.100000000000003
2794256,7.099999999999999
2794487,8.100000000000003
2795034,9.100000000000003
2795314,9.100000000000001
2795508,8.100000000000001
2795785,9.100000000000003
2796082,8.100000000000001
2796328,9.100000000000003
2796752,8.100000000000003
2796994,7.1
2797148,7.099999999999999
2797421,9.100000000000001
2797674,7.1
2797852,7.099999999999999
2798083,6.099999999999999
2798315,9.100000000000003
2798544,10.100000000000001
2798754,9.100000000000003
2798952,8.100000000000001
2799143,9.100000000000003
2799443,8.100000000000001
2799642,7.099999999999998
2800017,7.1000000000000005
2800216,8.100000000000003
2800513,8.100000000000001
2800661,5.099999999999998
2800804,8.1
2801230,10.100000000000003
2801540,8.100000000000001
2801705,9.100000000000003
2801915,9.100000000000001
2802153,7.1
2802432,9.100000000000003
2802640,7.1
2802939,8.1
2803151,7.099999999999996
2803370,9.100000000000001
2803581,6.099999999999998
2803761,8.100000000000001
2804015,9.100000000000003
2804199,6.099999999999999
2804458,9.100000000000003
2804759,9.100000000000003
2804996,7.099999999999996
2805270,9.1
2805489,9.100000000000003
2805674,9.100000000000003
2806048,10.100000000000003
2806342,8.100000000000001
2806866,9.100000000000003
2807102,8.100000000000001
2807333,7.099999999999998
2807593,9.100000000000003
2807824,8.099999999999998
2808079,6.099999999999999
2808316,8.100000000000003
2808534,7.099999999999999
2808750,10.100000000000001
2808820,2.0999999999999996
2809042,8.100000000000003
2809265,8.100000000000001
2809537,9.100000000000003
2809830,8.100000000000001
2810101,8.1
2810343,9.100000000000001
2810402,4.1
2810858,6.100000000000003
2811087,9.100000000000001
2811284,7.099999999999999
2811503,8.100000000000001
2811680,10.100000000000003
2811894,9.100000000000003
2812121,8.1
2812326,9.100000000000001
2812537,6.1
2812720,8.100000000000001
2812913,9.100000000000003
2813093,9.1
2813622,10.1
2813993,9.100000000000003
2814245,9.100000000000003
2814594,11.100000000000001
2814791,8.100000000000001
2814968,9.100000000000003
2815469,10.100000000000003
2815713,8.1
2815917,9.099999999999998
2816221,9.100000000000001
2816405,9.100000000000003
2816679,8.1
2816881,8.100000000000001
2817068,8.100000000000003
2817274,8.099999999999998
2817738,8.100000000000003
2818183,9.100000000000003
2818676,9.100000000000003
2819052,4.100000000000003
2819284,8.100000000000003
2819323,5.1
2819605,9.100000000000001
2819825,9.1
2820019,9.100000000000001
2820209,9.100000000000003
2820714,9.100000000000003
2820964,9.100000000000003
2821146,9.100000000000001
2821423,6.099999999999999
2821627,5.099999999999998
2821837,7.099999999999997
2822056,9.100000000000001
2822266,9.100000000000003
2822421,5.099999999999998
2822673,9.1
2822950,9.100000000000001
2823196,9.100000000000003
2823438,8.100000000000001
2823638,7.099999999999999
2823826,9.100000000000003
2824107,9.100000000000003
2824306,7.099999999999997
2824827,9.100000000000001
2825022,7.099999999999999
2825240,9.100000000000003
2825679,9.100000000000003
2825857,6.099999999999997
2826060,9.100000000000003
2826285,7.099999999999998
2826450,9.1
2826604,9.100000000000001
2826898,8.100000000000001
2827137,7.099999999999999
2827346,8.1
2827580,8.100000000000003
2827813,7.1
2828001,9.100000000000003
2828459,8.100000000000001
2828980,9.100000000000003
2829273,9.100000000000003
2829470,8.100000000000001
2829695,10.100000000000003
2829900,8.100000000000003
2830106,8.100000000000001
2830303,9.100000000000003
2830509,8.1
2830723,6.1
2830980,9.100000000000001
2831141,9.1
2831346,8.100000000000001
2831532,7.099999999999999
2831810,8.100000000000003
2832023,9.100000000000003
2832202,7.099999999999998
2832484,8.100000000000001
2832699,9.099999999999998
2832924,7.099999999999999
2833170,9.100000000000003
2833462,8.099999999999998
2833964,9.100000000000003
2834112,9.100000000000001
2834299,9.100000000000001
2834525,8.100000000000003
2834858,9.100000000000003
2835070,8.100000000000003
2835522,9.100000000000003
2835878,8.100000000000003
2836073,7.1
2836256,8.1
2836475,9.100000000000003
2836748,9.100000000000003
2836909,5.1
2837104,9.100000000000003
2837271,8.1
2837477,8.099999999999998
2837654,8.100000000000003
2837872,6.099999999999999
2838238,8.100000000000003
2838683,9.1
2838876,7.099999999999999
2839128,9.100000000000003
2839278,6.099999999999999
2839542,9.1
2839837,9.100000000000003
2840204,10.100000000000003
2840392,8.100000000000001
2840692,8.1
2840995,9.100000000000003
2841210,8.100000000000003
2841423,8.100000000000003
2841656,9.100000000000001
2841831,8.1
2842050,6.099999999999998
2842344,8.100000000000003
2842570,9.100000000000003
2842866,6.1
2843164,8.100000000000001
2843336,8.100000000000001
2843386,3.099999999999999
2843569,8.1
2843762,9.100000000000003
2843966,8.100000000000001
2844433,9.100000000000003
2844654,8.100000000000001
2845006,9.100000000000003
2845200,9.100000000000003
2845512,9.100000000000001
2845971,9.100000000000001
2846153,8.100000000000003
2846334,9.100000000000003
2846632,7.099999999999999
2846801,8.100000000000001
2847031,7.099999999999998
2847242,7.099999999999999
2847493,9.100000000000001
2847881,11.100000000000003
2848161,9.100000000000001
2848466,8.100000000000003
2848732,9.100000000000001
2849215,9.100000000000001
2849418,9.1
2849916,9.100000000000001
2850107,9.100000000000001
2850342,10.100000000000003
2850617,9.100000000000001
2850866,9.100000000000001
2851023,7.099999999999999
2851277,9.100000000000001
2851562,6.1000000000000005
2851745,8.100000000000001
2852081,9.100000000000003
2852292,7.099999999999998
2852335,5.1
2852558,8.100000000000003
2852924,9.100000000000003
2853293,9.100000000000003
2853551,9.100000000000003
2853755,8.100000000000001
2854077,10.100000000000001
2854451,8.100000000000003
2854620,5.099999999999999
2854810,9.100000000000003
2855167,9.100000000000003
2855434,8.100000000000001
2855661,9.100000000000003
2855868,7.099999999999999
2856134,9.100000000000001
2856354,9.100000000000003
2856864,9.100000000000003
2857285,9.100000000000003
2857543,8.100000000000003
2857739,7.099999999999999
2858177,10.100000000000003
2858391,9.100000000000003
2858662,9.100000000000001
2858867,9.100000000000003
2859053,7.1
2859252,9.100000000000003
2859509,9.100000000000001
2859942,8.100000000000001
2860182,9.100000000000003
2860678,8.100000000000003
2860875,9.100000000000003
2861105,9.100000000000001
2861466,9.100000000000003
2861685,9.100000000000003
2861895,6.1
2862094,9.100000000000001
2862444,9.100000000000001
2862760,6.1
2863008,9.100000000000003
2863410,6.100000000000002
2863642,9.100000000000003
2863911,9.100000000000003
2864176,10.100000000000003
2864408,8.100000000000001
2864805,9.100000000000003
2865003,7.099999999999999
2865252,8.100000000000001
2865454,9.100000000000001
2865828,9.100000000000003
2866660,10.100000000000003
2867028,10.100000000000003
2867317,9.100000000000001
2867489,8.100000000000001
2867822,7.099999999999999
2868033,8.1
2868412,10.1
2868871,8.1
2869063,9.100000000000001
2869287,9.100000000000003
2869506,8.100000000000001
2869923,12.100000000000001
2870111,8.100000000000003
2870542,8.100000000000001
2870707,8.099999999999998
2870961,9.100000000000003
2871174,8.100000000000003
2871392,8.100000000000001
2871635,9.100000000000003
2872071,7.100000000000003
2872296,9.100000000000001
2872508,9.1
2872819,11.100000000000003
2873028,9.100000000000001
2873565,9.100000000000001
2873862,10.100000000000001
2874048,8.100000000000001
2874285,10.100000000000001
2874510,9.100000000000001
2874694,9.100000000000001
2875003,9.100000000000003
2875218,8.100000000000001
2875443,8.100000000000003
2875647,9.100000000000003
2876163,9.1
2876424,9.100000000000003
2876601,6.099999999999999
2877052,9.100000000000001
2877278,8.100000000000001
2877493,9.100000000000003
2877698,9.100000000000003
2877975,9.1
2878209,9.1
2878477,8.100000000000003
2878689,7.099999999999999
2878911,9.100000000000003
2879152,8.100000000000001
2879364,9.100000000000003
2879818,8.1
2880044,8.1
2880336,7.099999999999998
2880526,9.100000000000001
2880771,8.100000000000001
2880991,6.099999999999999
2881252,7.099999999999998
2881475,9.100000000000003
2881674,7.099999999999999
2881869,8.1
2882057,8.100000000000003
2882451,9.100000000000003
2882645,8.100000000000003
2882861,8.100000000000001
2883151,8.100000000000001
2883350,6.1
2883734,9.100000000000003
2884225,9.100000000000003
2884403,9.100000000000001
2884839,11.100000000000003
2885042,9.100000000000003
2885253,9.100000000000003
2885556,8.100000000000001
2885743,4.099999999999998
2885951,8.100000000000003
2886145,7.099999999999996
2886344,8.100000000000003
2886576,7.099999999999999
2886781,9.100000000000003
2887054,9.100000000000003
2887269,9.100000000000003
2887529,8.100000000000003
2887725,8.100000000000003
2887956,9.100000000000003
2888226,10.1
2888490,8.100000000000003
2888696,9.100000000000001
2888898,8.100000000000003
2889369,9.100000000000003
2889615,8.1
2889885,9.100000000000003
2890076,8.100000000000001
2890307,10.100000000000003
2890487,9.100000000000001
2890717,9.100000000000003
2890925,9.1
2891450,9.100000000000003
2891683,8.100000000000001
2892134,7.100000000000003
2892367,9.1
2892637,9.100000000000001
2892852,9.100000000000003
2893140,8.100000000000001
2893327,8.1
2893583,9.100000000000003
2894125,9.100000000000001
2894344,9.100000000000003
2894522,7.1
2894920,8.100000000000003
2895097,7.099999999999998
2895377,9.100000000000003
2895608,9.100000000000003
2895849,8.100000000000001
2896148,8.1
2896293,5.099999999999999
2896585,9.100000000000001
2896880,9.100000000000003
2897142,9.100000000000003
2897308,9.100000000000001
2897580,8.100000000000003
2897997,8.100000000000001
2898185,9.100000000000003
2898367,7.099999999999999
2898408,4.1
2898810,9.100000000000003
2899048,10.100000000000003
2899249,7.099999999999999
2899502,8.100000000000001
2899727,9.100000000000003
2899975,8.100000000000001
2900203,8.1
2900539,9.100000000000003
2901042,9.100000000000003
2901205,8.1
2901431,8.100000000000001
2901587,6.099999999999999
2901920,9.100000000000003
2902164,9.100000000000003
2902331,7.099999999999999
2902534,10.100000000000003
2902783,8.100000000000001
2903102,9.100000000000001
2903552,9.1
2903744,9.100000000000001
2903957,9.100000000000003
2904277,8.100000000000001
2904527,8.100000000000001
2904715,8.1
2904921,6.099999999999998
2905135,9.100000000000003
2905651,8.100000000000003
2905889,9.100000000000001
2906187,9.100000000000001
2906366,8.100000000000003
2906604,8.100000000000003
2906808,7.1
2906992,9.100000000000003
2907244,7.099999999999998
2907501,8.100000000000003
2907693,9.100000000000003
2908064,7.100000000000001
2908352,8.1
2908802,10.1
2908971,9.100000000000003
2909252,9.100000000000001
2909784,9.100000000000003
2909967,8.100000000000001
2910258,9.100000000000001
2910569,6.1
2911026,7.1
2911204,8.1
2911425,9.100000000000003
2911652,8.100000000000003
2912040,7.099999999999999
2912503,9.100000000000003
2912762,10.100000000000003
2913155,8.100000000000003
2913606,7.100000000000001
2913861,9.100000000000003
2914022,7.1
2914219,8.100000000000003
2914481,8.1
2914724,8.1
2914924,8.1
2915209,9.100000000000003
2915516,9.100000000000003
2915746,9.100000000000003
2915998,5.1
2916218,7.099999999999999
2916512,9.100000000000003
2916803,8.1
2917211,8.100000000000003
2917759,8.100000000000003
2917992,10.100000000000001
2918197,8.100000000000003
2918758,9.1
2919031,10.100000000000003
2919245,6.099999999999997
2919411,6.099999999999999
2919595,6.099999999999999
2919850,7.1000000000000005
2920073,5.099999999999998
2920478,8.100000000000003
2920700,8.100000000000001
2920935,7.1
2921157,6.099999999999999
2921408,7.099999999999999
2921632,8.100000000000003
2921894,12.1
2922174,8.100000000000003
2922340,10.100000000000003
2922570,8.1
2922809,7.099999999999998
2922952,8.1
2923399,9.100000000000003
2923577,8.100000000000001
2923846,9.100000000000001
2924087,9.100000000000001
2924345,9.100000000000001
2924510,7.099999999999999
2924711,9.100000000000003
2924892,8.100000000000001
2925087,9.100000000000003
2925373,9.100000000000003
2925746,8.1
2925970,9.100000000000003
2926384,10.100000000000001
2926614,6.099999999999998
2926857,6.099999999999999
2927254,8.100000000000001
2927468,7.099999999999998
2927747,7.1
2928408,9.100000000000001
2928622,9.100000000000001
2928815,8.100000000000003
2929402,9.100000000000001
2929649,7.099999999999998
2929856,8.100000000000003
2930021,8.100000000000001
2930199,7.099999999999999
2930473,8.100000000000003
2930675,5.099999999999998
2930945,7.099999999999997
2931392,7.100000000000002
2931656,9.100000000000003
2931855,7.099999999999999
2932118,9.100000000000001
2932373,8.100000000000003
2932580,9.100000000000003
2932835,9.100000000000001
2933224,10.100000000000003
2933478,10.100000000000003
2933874,8.100000000000003
2934065,9.1
2934240,8.100000000000001
2934433,8.100000000000001
2934695,5.099999999999999
2935258,9.100000000000003
2935698,8.100000000000003
2935914,9.100000000000001
2936168,9.100000000000001
2936591,11.100000000000003
2936889,9.100000000000001
2937091,6.099999999999998
2937433,10.100000000000003
2937862,10.100000000000003
2938097,8.100000000000001
2938310,7.1
2938670,9.100000000000003
2938967,6.099999999999999
2939197,8.100000000000001
2939608,9.100000000000003
2939817,7.099999999999998
2940032,9.100000000000001
2940226,9.100000000000001
2940422,9.100000000000003
2940611,8.1
2940814,8.100000000000001
2941001,9.100000000000001
2941672,9.100000000000003
2941930,9.100000000000001
2942125,8.099999999999998
2942607,9.100000000000001
2942867,9.100000000000003
2943242,8.100000000000003
2943298,4.1
2943495,7.099999999999999
2943758,8.100000000000003
2944468,10.100000000000003
2944709,9.100000000000003
2945025,9.100000000000003
2945203,8.100000000000001
2945340,6.1
2945634,10.1
2945829,9.100000000000003
2946250,11.100000000000003
2946550,10.100000000000001
2946765,9.100000000000001
2946963,8.1
2947178,8.100000000000001
2947397,9.100000000000003
2947895,9.100000000000003
2948145,8.100000000000001
2948358,7.099999999999999
2948806,10.100000000000003
2949086,9.100000000000003
2949371,8.100000000000001
2949629,8.100000000000003
2950036,9.100000000000003
2950382,10.100000000000003
2950671,8.100000000000003
2950966,9.100000000000003
2951405,9.1
2951635,8.100000000000003
2951950,8.099999999999998
2952233,10.100000000000003
2952492,8.100000000000003
2952977,9.1
2953225,9.100000000000001
2953426,8.100000000000003
2953671,7.099999999999998
2953897,7.099999999999999
2954095,8.100000000000001
2954315,9.100000000000003
2954567,8.100000000000003
2954802,7.099999999999999
2955055,4.1000000000000005
2955263,6.099999999999999
2955623,8.100000000000003
2956036,9.100000000000001
2956224,9.100000000000001
2956469,8.100000000000001
2956725,8.100000000000003
2957006,8.100000000000001
2957205,9.100000000000003
2957409,8.1
2957729,9.100000000000001
2957989,8.100000000000001
2958237,9.100000000000003
2958472,9.100000000000001
2958685,8.100000000000001
2958957,9.100000000000003
2959214,9.100000000000003
2959413,8.100000000000003
2959634,10.100000000000003
2959867,7.099999999999999
2960139,9.100000000000003
2960395,9.100000000000003
2960666,8.100000000000003
2960910,8.100000000000001
2961142,8.1
2961357,9.100000000000003
2962205,9.100000000000003
2962469,9.100000000000001
2962834,7.100000000000001
2963048,8.100000000000001
2963311,9.100000000000001
2963510,7.1
2963913,8.100000000000003
2964107,6.099999999999999
2964507,9.100000000000003
2964702,9.100000000000003
2965093,10.100000000000003
2965294,9.100000000000003
2965486,6.099999999999999
2965775,9.100000000000003
2966016,9.1
2966241,9.100000000000003
2966406,9.100000000000001
2966598,6.099999999999999
2966919,8.100000000000001
2967206,8.100000000000001
2967486,9.100000000000003
2967680,9.100000000000003
2967962,9.1
2968197,8.1
2968399,8.100000000000003
2968447,5.1
2968712,8.1
2969094,10.100000000000003
2969496,9.100000000000003
2969780,8.1
2969988,8.1
2970552,13.100000000000003
2970942,8.100000000000003
2971196,8.100000000000003
2971629,9.100000000000003
2971831,7.1
2972031,8.100000000000001
2972370,9.100000000000003
2972557,8.100000000000003
2972796,9.1
2973032,9.100000000000003
2973211,8.1
2973446,6.1
2973697,10.100000000000003
2973948,10.100000000000003
2974154,9.100000000000003
2974598,9.100000000000003
2974832,9.100000000000003
2975078,8.1
2975469,11.100000000000003
2975874,11.100000000000003
2976092,9.100000000000003
2976303,7.099999999999999
2976510,9.100000000000003
2976884,10.100000000000003
2977120,9.100000000000001
2977294,7.099999999999999
2977344,4.1
2977604,9.100000000000003
2977939,9.100000000000003
2978183,8.100000000000001
2978439,10.100000000000003
2978716,10.100000000000003
2978990,9.100000000000003
2979184,8.100000000000003
2979420,9.100000000000003
2979758,10.100000000000001
2980180,6.1
2980450,9.100000000000003
2981008,11.100000000000003
2981375,11.100000000000001
2981657,11.100000000000001
2981850,9.100000000000003
2982063,9.100000000000003
2982331,8.100000000000001
2982533,9.100000000000003
2982777,7.099999999999999
2983035,9.100000000000003
2983488,9.100000000000003
2983681,9.100000000000003
2983934,6.1
2984203,8.100000000000001
2984412,8.100000000000001
2984671,10.100000000000003
2985021,9.100000000000003
2985240,9.100000000000001
2985509,9.100000000000003
2985686,7.099999999999999
2986164,8.100000000000003
2986340,9.100000000000003
2986566,9.100000000000001
2986637,4.1
2986878,8.100000000000003
2987091,8.100000000000001
2987239,8.099999999999998
2987523,10.100000000000001
2987772,9.100000000000001
2988026,8.100000000000001
2988164,7.099999999999999
2988368,9.100000000000003
2988991,8.100000000000001
2989184,9.1
2989411,8.100000000000003
2989626,8.1
2989986,9.100000000000001
2990452,9.100000000000001
2990680,9.100000000000003
2991025,9.100000000000003
2991223,7.099999999999997
2991407,8.100000000000001
2991661,9.100000000000003
2991883,8.1
2992276,10.100000000000003
2992616,10.100000000000003
2992828,10.100000000000001
2993053,8.1
2993288,9.100000000000003
2993509,12.100000000000003
2993775,11.100000000000001
2993963,7.099999999999999
2994165,9.100000000000001
2994372,9.100000000000003
2994679,9.100000000000003
2994911,9.100000000000001
2995202,10.100000000000003
2995386,8.1
2995578,6.099999999999999
2995894,8.100000000000001
2996380,11.100000000000003
2996635,9.100000000000003
2996814,8.100000000000003
2997061,8.100000000000003
2997129,4.1
2997500,11.100000000000003
2997775,9.100000000000003
2998064,9.100000000000003
2998519,9.100000000000003
2998724,9.100000000000001
2999084,8.100000000000003
2999443,11.100000000000003
2999773,11.100000000000003
