402,0.10000000000000014
585,1.1000000000000003
844,1.0999999999999996
1035,1.1000000000000003
1295,3.099999999999999
1445,0.09999999999999992
1506,0.09999999999999987
1675,2.0999999999999996
1947,1.0999999999999996
2023,1.1
2361,-0.8999999999999999
2581,1.1
2772,1.1000000000000003
3070,-0.9
3217,1.1000000000000003
3246,-0.9000000000000001
3450,1.1000000000000003
3643,0.09999999999999992
3793,1.1000000000000003
3975,1.1
4214,1.0999999999999999
4387,1.1000000000000003
4725,1.0999999999999992
4801,1.1
4970,1.1000000000000003
5136,-0.9000000000000001
5314,1.1000000000000003
5467,1.1000000000000003
5667,1.1
5847,1.1
6029,1.1
6209,1.1
6251,1.1
6366,-0.9
6549,2.099999999999999
6734,1.1000000000000003
6900,1.1000000000000003
7060,2.099999999999999
7222,1.1
7270,0.10000000000000003
7407,1.1000000000000003
7573,2.099999999999999
7745,0.09999999999999998
7927,2.1
8017,-0.9000000000000001
8132,1.1000000000000003
8309,1.1000000000000003
8476,-0.9000000000000001
8631,1.1000000000000003
8808,1.1
9049,1.0999999999999999
9162,1.1000000000000003
9334,1.1000000000000003
9494,1.1000000000000003
9704,1.1
9857,1.1000000000000003
10082,1.1000000000000003
10231,-0.8999999999999999
10441,-0.9
10611,1.1000000000000003
10727,2.099999999999999
10953,-0.8999999999999999
11206,2.099999999999999
11281,1.1
11461,1.1
11626,1.1
11674,-0.9
11823,1.1000000000000003
11995,1.1
12051,1.1000000000000003
12389,2.099999999999999
12542,1.1
12765,1.1
12861,-0.8999999999999999
13046,1.1000000000000003
13107,1.1000000000000003
13260,2.099999999999999
13527,1.0999999999999996
13721,1.1000000000000003
13963,1.0999999999999999
13998,1.1
14150,2.1
14246,-0.8999999999999999
14417,1.1000000000000003
14480,1.1000000000000003
14657,1.1000000000000003
14805,1.1
14959,1.1000000000000003
15159,2.0999999999999996
15315,1.1
15374,1.1000000000000003
15500,-0.9
15688,2.0999999999999996
15855,1.1000000000000003
16225,1.0999999999999996
16397,3.099999999999999
16490,1.1000000000000003
16668,2.099999999999999
16843,2.099999999999999
17013,2.099999999999999
17232,-0.8999999999999999
17448,2.0999999999999996
17707,1.0999999999999996
17778,1.1000000000000003
17963,1.1000000000000003
18185,2.099999999999999
18375,1.1000000000000003
18529,2.099999999999999
18735,1.1
18971,0.10000000000000006
19135,1.1000000000000003
19311,1.1
19391,1.1000000000000003
19587,0.10000000000000009
19738,1.1000000000000003
19934,1.1000000000000003
20151,1.1
20312,1.1000000000000003
20488,1.1000000000000003
20694,2.0999999999999996
20867,1.1000000000000003
21072,1.1000000000000003
21275,2.099999999999999
21342,1.1
21557,2.099999999999999
21726,0.10000000000000009
21947,1.1
22111,0.10000000000000009
22160,0.10000000000000006
22325,0.09999999999999992
22445,0.10000000000000006
22595,0.09999999999999992
22989,2.099999999999999
23176,2.099999999999999
23364,1.1000000000000003
23514,0.09999999999999992
23680,0.09999999999999998
23883,1.1000000000000003
24091,1.1000000000000003
24149,0.10000000000000003
24283,1.1
24481,1.1000000000000003
24682,1.1000000000000003
24841,0.10000000000000003
25000,1.1000000000000003
25170,2.099999999999999
25338,1.1
25624,2.099999999999999
25850,2.0999999999999996
26017,0.09999999999999998
26080,1.1
26157,1.1
26351,1.1000000000000003
26535,1.1000000000000003
26690,2.1
26890,2.0999999999999996
27008,1.1000000000000003
27184,1.1000000000000003
27389,2.099999999999999
27567,2.099999999999999
27756,1.1000000000000003
27916,1.1
28082,1.1000000000000003
28356,1.0999999999999996
28503,1.1
28683,1.1
28928,1.0999999999999999
29138,2.099999999999999
29332,1.1000000000000003
29517,1.1000000000000003
29679,1.1000000000000003
29849,1.0999999999999999
30022,1.1000000000000003
30296,1.0999999999999996
30492,1.1000000000000003
30718,2.1
30913,2.099999999999999
31046,1.1000000000000003
31192,1.1
31374,1.1
31564,2.099999999999999
31771,1.1
31961,2.099999999999999
32135,1.1
32289,1.1000000000000003
32492,1.1
32673,1.1000000000000003
32860,1.1000000000000005
33052,1.1000000000000003
33229,1.1
33393,1.1000000000000003
33570,2.099999999999999
33772,1.1
33933,1.1000000000000003
34095,1.1
34295,1.1000000000000003
34384,1.1000000000000003
34557,1.1000000000000003
34729,1.1000000000000003
34892,1.1000000000000003
35092,1.1000000000000003
35312,1.1
35517,2.099999999999999
35689,2.099999999999999
35844,1.1000000000000003
36006,2.1000000000000005
36236,1.0999999999999999
36487,3.099999999999999
36644,1.1000000000000003
36840,2.099999999999999
37009,2.099999999999999
37220,2.1
37359,1.1000000000000003
37536,2.099999999999999
37730,2.1
37891,1.1
38043,1.1000000000000003
38219,1.1000000000000005
38376,1.1000000000000003
38543,2.0999999999999996
38713,1.1
38863,1.1000000000000003
38917,1.1000000000000003
39088,1.1
39302,2.099999999999999
39506,1.1000000000000003
39679,1.1
39850,2.099999999999999
40059,2.099999999999999
40254,1.1000000000000003
40447,3.099999999999999
40606,2.099999999999999
40848,1.0999999999999999
41154,1.0999999999999994
41357,2.0999999999999996
41578,3.099999999999999
41830,1.0999999999999999
41884,1.1000000000000003
42076,1.1000000000000003
42286,1.1
42411,1.1000000000000003
42575,1.1000000000000003
42767,1.1000000000000003
42802,1.1000000000000003
42926,1.1
43150,2.099999999999999
43303,2.099999999999999
43496,1.1
43651,2.099999999999999
43834,1.1000000000000003
44056,1.1
44248,1.1000000000000003
44291,1.1000000000000003
44401,1.1000000000000003
44554,1.1000000000000003
44725,1.1000000000000003
44903,1.1000000000000003
45149,2.099999999999999
45351,1.1000000000000003
45513,2.0999999999999996
45688,2.099999999999999
45852,1.1
46028,2.099999999999999
46204,1.1000000000000003
46331,1.1
46540,2.099999999999999
46684,1.1000000000000003
46871,2.099999999999999
47052,1.1000000000000003
47207,1.1000000000000003
47417,3.0999999999999996
47643,1.1
47791,1.1
47955,1.1000000000000003
48118,1.1000000000000003
48411,1.0999999999999994
48561,1.1000000000000003
48789,2.099999999999999
48936,1.1
49116,1.1
49336,1.1
49521,1.1000000000000003
49696,1.1000000000000003
49888,2.099999999999999
50033,1.1
50112,1.1000000000000003
50276,2.1
50508,3.099999999999999
50670,1.1
50834,1.1000000000000005
51030,1.1000000000000003
51232,2.099999999999999
51393,1.1000000000000003
51659,1.0999999999999996
51918,2.099999999999999
52079,1.1000000000000003
52259,2.1
52427,1.1
52641,2.0999999999999996
52795,1.1000000000000003
52959,1.1000000000000003
53165,3.0999999999999996
53339,1.1000000000000003
53487,2.1
53668,1.0999999999999999
53872,2.099999999999999
54054,2.0999999999999996
54220,2.099999999999999
54383,2.099999999999999
54527,2.099999999999999
54642,1.1
54807,1.1000000000000003
55008,2.0999999999999996
55213,2.099999999999999
55380,1.1000000000000003
55534,1.1000000000000003
55752,2.0999999999999996
55917,1.1
56169,2.099999999999999
56314,1.1
56462,1.1000000000000003
56643,1.1
56751,1.1
56924,1.1000000000000003
57089,1.1000000000000008
57242,3.0999999999999996
57293,1.1000000000000003
57447,2.099999999999999
57618,1.1000000000000003
57776,1.1000000000000003
57968,2.0999999999999996
58105,1.1000000000000003
58347,3.0999999999999996
58463,1.1000000000000003
58627,3.0999999999999996
58820,1.1000000000000003
59000,2.099999999999999
59167,2.099999999999999
59323,1.1
59469,3.0999999999999996
59621,2.1
59755,1.1000000000000003
59946,1.1000000000000003
60114,1.1
60278,1.1000000000000003
60443,1.1000000000000003
60646,2.1
60792,1.1000000000000003
60924,1.1000000000000003
61081,1.1000000000000003
61258,2.099999999999999
61461,2.099999999999999
61618,2.1
61828,3.099999999999999
62094,2.099999999999999
62260,1.1000000000000003
62454,3.0999999999999996
62651,1.1000000000000003
62840,2.099999999999999
62972,1.0999999999999999
63211,3.099999999999999
63390,2.099999999999999
63598,2.099999999999999
63808,2.1
64028,1.1
64196,2.099999999999999
64395,2.0999999999999996
64612,2.099999999999999
64785,1.1000000000000003
64938,1.1000000000000003
65110,1.1000000000000003
65320,2.0999999999999996
65476,2.0999999999999996
65654,2.099999999999999
65851,2.099999999999999
66140,2.099999999999999
66372,2.099999999999999
66523,1.1000000000000003
66736,3.099999999999999
66931,3.099999999999999
67121,3.099999999999999
67313,2.099999999999999
67473,2.099999999999999
67652,2.099999999999999
67822,3.099999999999999
68038,1.1
68231,3.1
68407,3.099999999999999
68673,2.1000000000000005
68899,2.0999999999999996
69084,3.099999999999999
69294,1.1
69459,3.099999999999999
69587,2.0999999999999996
69793,1.1
69936,3.099999999999999
70116,1.1000000000000003
70322,2.099999999999999
70490,2.099999999999999
70731,1.0999999999999999
70895,1.1000000000000003
71113,3.099999999999999
71264,2.099999999999999
71431,1.1000000000000003
71607,2.099999999999999
71852,1.0999999999999999
72048,1.1
72386,1.0999999999999992
72549,2.099999999999999
72684,2.099999999999999
72772,1.1000000000000003
72932,1.1000000000000003
73086,2.099999999999999
73252,1.1000000000000003
73344,1.1000000000000003
73568,2.099999999999999
73721,2.099999999999999
73982,1.0999999999999996
74192,1.1
74367,1.1000000000000003
74518,3.099999999999999
74728,4.099999999999998
74885,2.099999999999999
74971,2.099999999999999
75174,2.099999999999999
75337,1.1
75429,1.1000000000000003
75591,2.099999999999999
75761,1.1000000000000003
75984,2.099999999999999
76146,1.1
76356,2.099999999999999
76589,3.099999999999999
76811,2.099999999999999
76968,2.099999999999999
77193,3.099999999999999
77354,2.099999999999999
77562,1.1
77737,2.099999999999999
77902,1.1000000000000003
78059,3.099999999999999
78272,2.099999999999999
78465,1.1000000000000003
78667,1.1000000000000003
78828,1.1000000000000003
78938,2.099999999999999
79117,3.099999999999999
79340,3.099999999999999
79516,1.1
79720,3.099999999999999
79863,3.099999999999999
79992,2.099999999999999
80088,1.1000000000000003
80253,2.099999999999999
80466,1.1
80742,1.0999999999999996
80907,1.1
81076,1.1000000000000003
81303,1.0999999999999999
81497,2.099999999999999
81719,3.0999999999999996
81867,2.099999999999999
82205,2.099999999999999
82393,2.099999999999999
82533,1.1000000000000005
82711,2.099999999999999
82879,3.099999999999999
83040,2.0999999999999996
83250,3.099999999999999
83469,1.1
83700,2.099999999999999
83878,3.099999999999999
84120,2.099999999999999
84320,2.0999999999999996
84548,3.099999999999999
84770,2.099999999999999
84960,2.099999999999999
85115,3.099999999999999
85309,2.0999999999999996
85372,1.1000000000000003
85519,2.0999999999999996
85671,2.099999999999999
85861,3.099999999999999
86071,2.0999999999999996
86220,1.1000000000000003
86584,2.099999999999999
86806,3.099999999999999
86863,1.1
87076,1.1
87294,2.099999999999999
87523,1.0999999999999999
87687,1.1
87879,1.1000000000000003
88031,1.1000000000000003
88214,1.1000000000000003
88425,3.0999999999999996
88629,1.1000000000000003
88803,2.099999999999999
89008,2.099999999999999
89129,1.1000000000000003
89296,2.099999999999999
89511,2.1
89682,3.099999999999999
89920,2.099999999999999
90125,2.099999999999999
90309,1.1000000000000003
90547,1.0999999999999999
90949,2.099999999999999
91122,2.099999999999999
91364,2.099999999999999
91546,2.099999999999999
91642,1.1
91915,2.0999999999999996
92253,2.099999999999999
92482,3.0999999999999996
92717,2.099999999999999
92894,3.099999999999999
93069,2.099999999999999
93407,2.099999999999999
93604,2.099999999999999
93782,2.099999999999999
93841,2.099999999999999
94029,2.099999999999999
94201,3.099999999999999
94473,3.099999999999999
94723,2.099999999999999
94881,2.099999999999999
95191,2.099999999999999
95336,1.1000000000000003
95391,2.099999999999999
95577,1.1000000000000003
95794,1.1
95938,3.099999999999999
96128,3.099999999999999
96300,3.099999999999999
96574,3.099999999999999
96784,3.099999999999999
96957,2.099999999999999
97140,2.099999999999999
97290,2.099999999999999
97500,1.1
97743,3.099999999999999
97788,1.1000000000000003
97928,1.1000000000000003
98266,2.099999999999999
98435,3.099999999999999
98585,2.099999999999999
98750,1.1
98918,3.099999999999999
99090,3.0999999999999996
99428,3.099999999999999
99589,3.099999999999999
99794,3.0999999999999996
99945,2.099999999999999
100120,1.1000000000000003
100322,3.099999999999999
100549,3.099999999999999
100741,3.099999999999999
100933,4.099999999999999
101109,2.099999999999999
101270,2.099999999999999
101461,2.099999999999999
101620,2.099999999999999
101830,2.099999999999999
102023,3.099999999999999
102093,1.1000000000000003
102259,1.1000000000000003
102597,2.099999999999999
102798,1.1000000000000003
102946,1.1
103116,1.1000000000000003
103180,1.1000000000000003
103444,3.0999999999999996
103615,3.099999999999999
103857,3.099999999999999
104025,2.0999999999999996
104219,4.1000000000000005
104365,2.099999999999999
104518,3.099999999999999
104850,3.0999999999999996
105140,4.099999999999999
105379,3.099999999999999
105611,3.099999999999999
105786,3.099999999999999
105915,3.099999999999999
106067,3.0999999999999996
106219,2.099999999999999
106268,1.1
106417,2.099999999999999
106627,2.099999999999999
106965,2.099999999999999
107020,2.1
107234,4.1
107394,2.099999999999999
107579,1.1000000000000003
107832,2.099999999999999
107922,2.099999999999999
108083,2.099999999999999
108293,1.1
108363,1.1000000000000003
108551,2.0999999999999996
108750,2.099999999999999
108896,2.1
109048,3.099999999999999
109318,3.0999999999999996
109545,4.1
109611,2.099999999999999
109811,3.0999999999999996
109974,4.099999999999999
110160,2.099999999999999
110328,3.099999999999999
110449,1.1000000000000003
110719,4.1000000000000005
110880,3.099999999999999
111049,4.099999999999999
111228,3.099999999999999
111294,1.1000000000000003
111453,1.1000000000000003
111506,1.1000000000000003
111663,4.099999999999998
111840,2.099999999999999
112021,3.099999999999999
112217,2.099999999999999
112415,3.0999999999999996
112590,3.099999999999999
112775,3.099999999999999
112929,2.099999999999999
113145,4.1000000000000005
113311,2.099999999999999
113482,4.099999999999999
113632,4.1
113885,3.099999999999999
114067,2.099999999999999
114246,4.099999999999999
114446,3.099999999999999
114647,2.099999999999999
114813,2.0999999999999996
115043,2.099999999999999
115136,3.099999999999999
115317,3.099999999999999
115587,2.099999999999999
115759,1.1000000000000008
115957,3.099999999999999
116163,4.1
116355,3.099999999999999
116581,4.1
116823,1.0999999999999999
117018,2.099999999999999
117212,2.0999999999999996
117372,1.1000000000000003
117596,4.099999999999998
117636,1.1000000000000003
117930,3.099999999999999
118124,2.099999999999999
118335,3.099999999999999
118523,2.099999999999999
118813,4.1000000000000005
119025,1.1
119191,3.099999999999999
119369,2.099999999999999
119530,2.099999999999999
119853,1.0999999999999992
120019,3.099999999999999
120251,2.099999999999999
120536,3.099999999999999
120703,2.099999999999999
120948,3.0999999999999996
121126,2.099999999999999
121290,3.099999999999999
121452,3.0999999999999996
121705,4.1
121855,2.099999999999999
122024,2.0999999999999996
122234,2.099999999999999
122287,1.1000000000000003
122534,4.1
122724,4.099999999999999
122942,4.099999999999999
123187,3.099999999999999
123378,2.0999999999999996
123545,4.099999999999999
123703,3.099999999999999
123770,2.099999999999999
123941,1.1000000000000003
124100,2.099999999999999
124253,3.099999999999999
124462,3.099999999999999
124646,2.099999999999999
124808,1.1
125055,3.099999999999999
125253,4.1
125379,1.1
125531,5.099999999999999
125702,2.099999999999999
125757,2.0999999999999996
125965,3.099999999999999
126200,3.099999999999999
126422,4.1
126464,1.1
126631,3.099999999999999
126863,3.0999999999999996
127099,3.099999999999999
127301,3.099999999999999
127545,4.1
127744,2.099999999999999
127936,3.099999999999999
128120,3.099999999999999
128281,1.1000000000000005
128351,1.1000000000000003
128529,1.1000000000000003
128762,2.099999999999999
128958,4.1
129140,2.099999999999999
129365,3.099999999999999
129618,2.099999999999999
129820,3.099999999999999
130015,2.099999999999999
130177,3.099999999999999
130379,4.1
130542,1.1000000000000003
130828,1.0999999999999996
130990,3.099999999999999
131064,3.099999999999999
131322,5.1000000000000005
131509,1.1000000000000003
131704,4.1
131882,3.099999999999999
132089,5.099999999999999
132427,1.0999999999999992
132662,3.099999999999999
132892,1.0999999999999999
133063,3.099999999999999
133317,3.099999999999999
133482,3.099999999999999
133650,2.1
133915,2.099999999999999
134125,3.1
134299,2.0999999999999996
134500,3.099999999999999
134721,4.1
134891,2.0999999999999996
135065,2.099999999999999
135403,3.099999999999999
135589,4.099999999999999
135773,3.099999999999999
135959,2.0999999999999996
136178,4.099999999999999
136382,3.099999999999999
136535,2.099999999999999
136809,4.1000000000000005
136858,2.099999999999999
137106,3.099999999999999
137320,1.1
137484,3.099999999999999
137542,1.1000000000000003
137724,3.099999999999999
137998,2.099999999999999
138150,2.099999999999999
138365,4.1
138578,2.099999999999999
138750,2.099999999999999
138937,3.099999999999999
139112,2.0999999999999996
139320,3.099999999999999
139553,2.099999999999999
139714,2.099999999999999
139922,3.099999999999999
140081,2.099999999999999
140224,2.0999999999999996
140391,2.099999999999999
140457,2.099999999999999
140696,4.1000000000000005
140878,3.099999999999999
141077,3.099999999999999
141250,3.1
141476,4.1000000000000005
141681,3.099999999999999
141861,3.099999999999999
142057,2.099999999999999
142208,5.1
142367,2.099999999999999
142519,3.099999999999999
142731,4.099999999999999
142937,2.099999999999999
143064,2.099999999999999
143254,3.099999999999999
143445,3.099999999999999
143493,1.1000000000000003
143660,1.1000000000000003
143821,3.099999999999999
143984,2.0999999999999996
144264,3.099999999999999
144425,2.099999999999999
144683,3.1
144893,3.099999999999999
145097,1.1000000000000003
145309,2.099999999999999
145464,2.0999999999999996
145688,4.1000000000000005
145867,2.099999999999999
146084,3.099999999999999
146364,1.0999999999999996
146601,3.0999999999999996
146755,1.1000000000000003
146933,4.099999999999998
147188,4.099999999999999
147384,2.099999999999999
147453,3.099999999999999
147652,3.099999999999999
147856,2.0999999999999996
148076,4.1
148242,3.099999999999999
148407,2.099999999999999
148456,2.099999999999999
148608,2.099999999999999
148800,2.099999999999999
148971,2.1
149151,3.099999999999999
149385,2.099999999999999
149649,2.099999999999999
149987,4.100000000000001
150153,2.099999999999999
150339,2.099999999999999
150645,3.099999999999999
150913,3.099999999999999
151130,4.1000000000000005
151279,3.099999999999999
151681,4.100000000000003
151770,2.0999999999999996
152172,2.099999999999999
152216,1.1000000000000003
152439,1.1
152630,4.099999999999999
152796,3.099999999999999
153041,2.099999999999999
153289,3.1
153451,3.099999999999999
153615,2.099999999999999
153953,4.100000000000003
154092,3.099999999999999
154294,3.0999999999999996
154503,2.099999999999999
154652,1.1000000000000003
154825,2.099999999999999
155004,2.099999999999999
155235,4.1
155404,5.1
155569,2.099999999999999
155753,2.099999999999999
155935,1.1
156054,3.099999999999999
156283,3.099999999999999
156445,4.1
156605,2.099999999999999
156768,3.099999999999999
156851,1.1000000000000003
157054,4.099999999999999
157260,4.1
157475,4.1
157688,3.0999999999999996
157739,2.099999999999999
157890,2.099999999999999
158066,3.099999999999999
158262,3.099999999999999
158472,3.099999999999999
158609,2.099999999999999
158757,2.099999999999999
158908,3.099999999999999
159083,3.099999999999999
159219,2.0999999999999996
159473,2.099999999999999
159811,3.099999999999999
159997,3.099999999999999
160159,2.099999999999999
160497,1.0999999999999992
160667,2.099999999999999
160841,2.099999999999999
161257,5.100000000000003
161425,2.099999999999999
161578,3.099999999999999
161635,2.099999999999999
161798,3.099999999999999
161982,4.099999999999999
162176,3.099999999999999
162377,2.099999999999999
162542,2.1
162786,1.1
163007,2.099999999999999
163182,1.1000000000000003
163270,2.099999999999999
163473,4.1
163676,2.099999999999999
163918,5.1000000000000005
164282,3.099999999999999
164346,1.1000000000000003
164542,4.099999999999999
164715,1.1000000000000003
164890,2.0999999999999996
165112,4.1
165302,3.099999999999999
165571,2.099999999999999
165767,3.099999999999999
165961,4.1
166123,1.1000000000000003
166299,3.099999999999999
166409,2.099999999999999
166598,2.099999999999999
166853,5.1
167116,4.1000000000000005
167298,4.1
167563,5.1
167788,2.099999999999999
168000,3.099999999999999
168194,3.099999999999999
168382,3.099999999999999
168579,2.1000000000000005
168782,2.099999999999999
168939,1.0999999999999999
169159,1.1
169336,2.099999999999999
169553,2.099999999999999
169727,3.099999999999999
169799,3.0999999999999996
170040,3.0999999999999996
170260,4.1
170475,4.1
170679,4.099999999999999
170852,1.1
171094,4.1000000000000005
171283,3.099999999999999
171561,2.0999999999999996
171724,3.099999999999999
171884,1.1000000000000003
172149,3.0999999999999996
172313,4.099999999999999
172499,3.099999999999999
172694,2.099999999999999
172893,2.0999999999999996
173074,5.1
173275,4.1
173494,4.099999999999999
173754,2.099999999999999
173946,3.099999999999999
174114,2.099999999999999
174313,3.099999999999999
174498,2.1
174651,3.099999999999999
174817,2.099999999999999
175201,3.099999999999999
175398,1.1000000000000003
175595,3.099999999999999
175873,4.1
176099,2.0999999999999996
176272,4.099999999999999
176532,3.1
176700,3.099999999999999
176989,4.099999999999999
177178,4.099999999999999
177409,2.099999999999999
177566,3.099999999999999
177773,3.099999999999999
177925,3.099999999999999
178123,4.099999999999999
178321,4.1
178502,4.099999999999999
178739,2.099999999999999
179039,2.099999999999999
179202,5.099999999999998
179417,3.0999999999999996
179610,2.099999999999999
179884,4.1
180286,2.099999999999999
180448,2.099999999999999
180630,4.1
180842,2.099999999999999
181004,2.099999999999999
181179,2.099999999999999
181343,4.099999999999999
181568,4.1
181669,3.099999999999999
181913,6.1000000000000005
182091,2.099999999999999
182291,4.099999999999999
182491,5.099999999999998
182658,3.099999999999999
182804,2.0999999999999996
182953,3.099999999999999
183026,3.099999999999999
183204,2.099999999999999
183496,2.099999999999999
183874,2.099999999999999
184035,3.099999999999999
184341,3.099999999999999
184469,3.099999999999999
184667,4.099999999999999
184903,5.099999999999999
185024,1.1000000000000003
185198,3.099999999999999
185463,5.099999999999998
185769,5.100000000000002
185958,4.099999999999999
186372,5.100000000000003
186621,3.099999999999999
186824,3.099999999999999
186989,4.099999999999998
187391,4.100000000000002
187571,5.1
187779,5.099999999999999
187993,3.099999999999999
188176,1.1000000000000003
188360,3.099999999999999
188514,3.0999999999999996
188734,2.099999999999999
188871,2.099999999999999
189079,2.0999999999999996
189276,4.1
189468,3.099999999999999
189656,2.099999999999999
189844,3.099999999999999
190070,4.1
190251,3.099999999999999
190458,5.1
190668,3.099999999999999
190906,5.099999999999999
191100,4.099999999999999
191321,3.099999999999999
191535,5.099999999999999
191698,3.099999999999999
191884,5.1
192060,3.0999999999999996
192382,5.1000000000000005
192601,4.1
192802,4.099999999999999
192922,4.099999999999999
193134,3.099999999999999
193325,3.099999999999999
193534,3.099999999999999
193782,5.099999999999999
193945,1.1000000000000003
194144,3.1
194352,3.0999999999999996
194516,2.099999999999999
194726,3.099999999999999
194995,4.1
195395,2.099999999999999
195566,2.1
195807,2.0999999999999996
195994,3.099999999999999
196160,1.1000000000000003
196308,2.099999999999999
196522,4.1
196589,3.0999999999999996
196780,3.099999999999999
196949,3.099999999999999
197177,4.1
197611,4.100000000000003
197828,2.099999999999999
198038,3.099999999999999
198214,2.099999999999999
198452,5.1
198654,5.1
198871,4.1
198945,2.0999999999999996
199144,2.099999999999999
199338,4.099999999999999
199510,4.1
199698,3.099999999999999
199888,5.099999999999999
200072,3.099999999999999
200264,4.099999999999999
200453,2.099999999999999
200608,3.099999999999999
200877,1.0999999999999996
201112,5.099999999999999
201281,3.099999999999999
201529,5.099999999999997
201698,2.1000000000000005
201962,4.1
202115,3.099999999999999
202206,2.099999999999999
202449,2.099999999999999
202573,2.099999999999999
202911,4.100000000000003
203150,5.099999999999999
203360,5.1
203520,2.099999999999999
203720,3.099999999999999
203869,3.099999999999999
204207,3.099999999999999
204416,4.1
204626,1.1
204841,3.099999999999999
205001,2.099999999999999
205165,4.099999999999999
205381,2.099999999999999
205590,4.099999999999999
205794,1.1000000000000008
205973,5.099999999999999
206153,4.1
206345,2.099999999999999
206683,3.099999999999999
206835,3.099999999999999
207001,2.1
207232,5.099999999999998
207267,0.09999999999999987
207464,3.0999999999999996
207644,2.099999999999999
207829,3.099999999999999
208004,3.099999999999999
208179,4.099999999999999
208275,4.099999999999999
208476,4.099999999999999
208679,5.099999999999999
208901,4.1
209011,1.1000000000000005
209163,4.099999999999999
209309,3.099999999999999
209554,5.1000000000000005
209707,4.099999999999999
209947,2.099999999999999
210193,3.099999999999999
210243,2.099999999999999
210513,4.1
210698,2.0999999999999996
211100,3.099999999999999
211227,4.099999999999999
211405,4.099999999999999
211579,4.099999999999999
211666,2.099999999999999
211936,3.1
212134,1.1000000000000003
212367,3.099999999999999
212536,3.099999999999999
212717,2.099999999999999
212917,4.099999999999999
213083,5.099999999999999
213278,4.099999999999999
213443,2.099999999999999
213514,3.099999999999999
213820,5.100000000000001
213975,2.0999999999999996
214191,4.099999999999999
214359,4.099999999999999
214582,4.1
214733,2.099999999999999
214943,1.1000000000000003
215132,4.1
215406,5.100000000000001
215465,4.099999999999999
215638,3.099999999999999
215808,4.099999999999999
216000,2.099999999999999
216198,4.1
216370,2.0999999999999996
216440,1.1000000000000003
216645,5.099999999999999
216822,3.099999999999999
217059,3.099999999999999
217250,5.099999999999997
217628,4.100000000000001
217712,1.1
217947,4.1000000000000005
218167,3.099999999999999
218366,2.099999999999999
218517,5.099999999999999
218702,2.099999999999999
218919,4.1
219167,5.1000000000000005
219382,2.0999999999999996
219592,4.1
219841,4.1
220195,5.100000000000003
220465,3.099999999999999
220636,1.1000000000000003
220813,3.099999999999999
220867,3.099999999999999
221058,4.099999999999999
221303,1.0999999999999999
221477,4.1
221697,4.1
221883,2.099999999999999
222043,3.099999999999999
222254,3.099999999999999
222476,4.1
222659,3.099999999999999
222860,4.099999999999999
223001,2.099999999999999
223261,4.1
223528,4.1
223731,3.099999999999999
223912,3.099999999999999
224085,1.1
224295,2.099999999999999
224482,2.099999999999999
224655,5.099999999999999
224823,4.099999999999997
224998,2.099999999999999
225272,5.099999999999999
225441,5.1
225632,3.099999999999999
225804,3.099999999999999
225846,1.1000000000000003
226036,2.099999999999999
226208,4.099999999999999
226454,5.099999999999999
226661,4.1
226824,4.099999999999999
227036,3.099999999999999
227214,1.1
227368,3.0999999999999996
227578,3.099999999999999
227816,5.099999999999999
228059,3.099999999999999
228204,3.099999999999999
228406,3.099999999999999
228652,4.099999999999999
229054,4.100000000000003
229234,2.1
229636,2.099999999999999
229836,5.099999999999999
229989,4.099999999999999
230295,4.1000000000000005
230507,4.099999999999999
230656,3.099999999999999
230821,3.099999999999999
231028,3.099999999999999
231334,5.1000000000000005
231576,5.099999999999999
231755,4.099999999999999
231958,4.099999999999999
232201,3.099999999999999
232415,3.0999999999999996
232586,4.1
232777,2.099999999999999
232988,4.099999999999999
233412,5.100000000000001
233624,3.1
233827,4.1
234102,5.099999999999997
234275,4.099999999999999
234405,4.1
234579,4.1
234738,4.099999999999999
234910,3.099999999999999
235069,4.099999999999999
235236,3.099999999999999
235393,4.099999999999999
235571,4.099999999999999
235778,4.1
235943,3.099999999999999
236110,5.099999999999999
236323,5.099999999999999
236487,2.0999999999999996
236658,2.099999999999999
236910,3.099999999999999
237075,2.0999999999999996
237285,3.099999999999999
237546,3.099999999999999
237759,5.099999999999999
237826,1.1000000000000003
238049,5.099999999999999
238387,2.099999999999999
238567,4.099999999999999
238873,5.100000000000002
239028,4.1
239223,3.099999999999999
239369,3.0999999999999996
239559,5.099999999999999
239727,3.099999999999999
239948,3.099999999999999
240005,4.099999999999999
240343,4.100000000000002
240514,3.099999999999999
240852,3.099999999999999
240940,2.0999999999999996
241163,3.099999999999999
241342,4.099999999999999
241501,4.099999999999999
241682,3.0999999999999996
241904,4.099999999999999
242060,4.1
242119,3.099999999999999
242393,3.099999999999999
242586,3.0999999999999996
242845,4.099999999999999
243041,4.099999999999999
243233,2.099999999999999
243394,4.099999999999999
243589,3.0999999999999996
243783,4.099999999999999
243947,3.099999999999999
244098,3.099999999999999
244279,3.099999999999999
244411,3.099999999999999
244501,3.099999999999999
244680,5.099999999999999
244927,3.099999999999999
245158,3.099999999999999
245343,4.099999999999999
245630,2.099999999999999
245884,2.099999999999999
246074,3.099999999999999
246243,3.099999999999999
246548,3.099999999999999
246790,4.1000000000000005
246967,4.099999999999999
247131,3.099999999999999
247341,4.1
247570,2.099999999999999
247841,4.1000000000000005
248062,3.099999999999999
248263,3.0999999999999996
248438,2.1
248634,5.099999999999999
248845,4.099999999999999
249055,4.099999999999999
249250,5.1
249519,4.100000000000001
249727,2.099999999999999
249911,3.099999999999999
250067,3.0999999999999996
250236,2.099999999999999
250445,4.1
250597,4.099999999999999
250807,5.1
250951,4.099999999999997
251154,3.099999999999999
251397,6.099999999999999
251495,5.1
251664,5.1
252002,6.100000000000001
252098,2.099999999999999
252322,4.1
252585,4.100000000000001
252767,2.099999999999999
252956,4.099999999999999
253352,4.100000000000003
253764,6.100000000000002
253999,5.1
254267,5.1000000000000005
254453,4.099999999999999
254682,5.099999999999999
254866,4.099999999999997
255169,6.1
255328,2.099999999999999
255586,5.099999999999999
255772,5.099999999999999
255979,3.099999999999999
256198,4.099999999999999
256350,3.099999999999999
256540,4.1
256715,4.1
256976,4.1000000000000005
257169,4.099999999999999
257523,4.100000000000001
257766,4.1000000000000005
257966,3.099999999999999
258127,4.099999999999999
258369,3.099999999999999
258494,4.099999999999999
258710,5.099999999999998
258920,5.099999999999999
259181,6.099999999999997
259380,5.099999999999999
259564,4.1
259782,5.099999999999999
260025,3.099999999999999
260229,3.099999999999999
260390,2.099999999999999
260591,2.099999999999999
260767,4.099999999999999
260971,4.099999999999999
261047,3.099999999999999
261238,3.099999999999999
261399,3.099999999999999
261642,3.099999999999999
261816,4.1
262006,5.099999999999999
262221,6.099999999999999
262475,4.099999999999999
262682,5.099999999999999
262943,4.1000000000000005
263172,3.099999999999999
263325,3.099999999999999
263477,3.099999999999999
263630,3.099999999999999
263827,4.099999999999999
264016,4.099999999999999
264215,2.0999999999999996
264315,2.0999999999999996
264385,2.099999999999999
264649,4.1
264928,2.0999999999999996
265046,4.099999999999998
265286,3.099999999999999
265438,5.099999999999999
265633,2.099999999999999
265855,5.1
266100,4.1000000000000005
266341,5.1
266679,4.100000000000003
266900,3.099999999999999
267068,4.099999999999999
267246,5.099999999999998
267450,4.099999999999999
267716,3.099999999999999
267979,5.1000000000000005
268132,4.1
268524,4.100000000000001
268695,5.099999999999999
268966,4.1
269208,3.099999999999999
269407,3.099999999999999
269735,5.1000000000000005
269960,4.1
270352,6.1000000000000005
270620,5.1000000000000005
270833,4.099999999999999
271014,4.1
271255,5.099999999999998
271409,5.1
271606,4.099999999999999
271855,5.1000000000000005
272113,3.099999999999999
272390,4.1
272587,4.099999999999999
272752,2.099999999999999
272959,5.1
273184,4.099999999999998
273341,4.099999999999998
273588,5.1
273762,3.099999999999999
273931,4.099999999999999
274103,2.099999999999999
274292,4.099999999999999
274676,4.100000000000002
274890,4.1
275180,3.099999999999999
275382,2.099999999999999
275580,2.099999999999999
275803,2.0999999999999996
276021,2.099999999999999
276197,4.1
276581,3.099999999999999
276830,2.099999999999999
276965,3.099999999999999
277142,3.099999999999999
277370,5.099999999999999
277602,5.099999999999999
277798,5.1
277995,2.099999999999999
278200,3.099999999999999
278475,4.1000000000000005
278691,5.1
278934,4.1000000000000005
279151,3.0999999999999996
279302,4.099999999999999
279461,2.1
279694,5.099999999999999
279792,3.099999999999999
280002,4.1
280252,3.099999999999999
280455,2.099999999999999
280504,3.099999999999999
280737,4.1
280919,3.099999999999999
281098,2.1
281305,4.1
281476,4.099999999999998
281702,4.099999999999999
281868,4.099999999999999
282038,4.1
282136,3.099999999999999
282311,2.099999999999999
282531,5.1
282699,4.1
282936,5.1
283118,6.099999999999999
283279,3.099999999999999
283459,3.099999999999999
283640,4.1
283812,5.099999999999999
283985,2.099999999999999
284195,3.0999999999999996
284404,4.099999999999998
284594,3.099999999999999
284676,2.0999999999999996
284824,2.099999999999999
284998,5.099999999999999
285155,5.099999999999999
285304,3.099999999999999
285542,4.099999999999999
285735,4.099999999999999
285967,5.1000000000000005
286178,4.099999999999999
286460,6.099999999999998
286884,6.1000000000000005
287129,4.1000000000000005
287272,4.099999999999999
287422,4.099999999999999
287584,5.099999999999999
287727,4.099999999999999
287970,4.1
288212,5.1
288358,4.1
288531,2.099999999999999
288754,4.1
288936,4.1
289274,5.1000000000000005
289431,3.099999999999999
289596,2.099999999999999
289798,2.099999999999999
290083,5.1000000000000005
290276,4.099999999999999
290349,4.1
290564,4.1
290810,5.099999999999999
290857,5.1
291097,3.099999999999999
291261,5.099999999999999
291538,2.099999999999999
291764,4.099999999999999
291810,3.099999999999999
291998,5.1
292207,2.099999999999999
292411,4.1
292589,5.099999999999999
292748,4.099999999999999
292969,5.1
293211,4.1000000000000005
293391,3.099999999999999
293649,4.1
293830,2.099999999999999
293980,2.099999999999999
294122,3.099999999999999
294288,2.099999999999999
294440,2.099999999999999
294600,3.099999999999999
294835,4.099999999999999
295012,5.099999999999997
295252,4.1
295419,2.099999999999999
295600,3.099999999999999
295787,4.099999999999998
296013,5.1
296218,5.099999999999999
296556,3.099999999999999
296728,2.099999999999999
296937,3.099999999999999
297126,4.099999999999999
297378,3.099999999999999
297588,3.099999999999999
297794,3.099999999999999
297950,3.099999999999999
298115,3.0999999999999996
298325,6.099999999999999
298765,5.100000000000002
298977,6.099999999999997
299026,4.1
299219,6.099999999999999
299393,5.099999999999998
299590,5.099999999999999
299743,4.099999999999999
299927,4.099999999999999
300089,2.0999999999999996
300297,3.099999999999999
300486,3.099999999999999
300672,3.099999999999999
300842,3.099999999999999
301148,2.0999999999999996
301321,3.099999999999999
301510,5.099999999999999
301723,5.1
301945,4.1
302178,3.099999999999999
302345,3.099999999999999
302595,3.1
302825,4.099999999999999
302979,3.099999999999999
303147,4.099999999999999
303338,4.099999999999999
303568,5.1000000000000005
303954,6.1000000000000005
304176,6.099999999999999
304352,4.099999999999999
304626,3.099999999999999
304867,4.099999999999999
305181,6.1000000000000005
305399,4.099999999999999
305603,4.1
305707,2.0999999999999996
305934,5.1
306176,5.1000000000000005
306326,4.099999999999999
306556,2.099999999999999
306743,4.099999999999999
306955,2.099999999999999
307122,3.099999999999999
307317,1.1000000000000003
307517,3.099999999999999
307713,2.099999999999999
307918,2.099999999999999
308206,5.099999999999998
308440,6.099999999999999
308650,5.099999999999999
308813,4.099999999999999
309007,5.099999999999999
309224,4.1
309434,4.1
309592,4.099999999999999
309788,3.099999999999999
310013,3.099999999999999
310415,5.100000000000003
310619,2.099999999999999
310814,5.099999999999999
311081,4.1
311306,5.099999999999999
311471,3.099999999999999
311555,4.099999999999999
311781,5.1
311959,4.099999999999999
312145,5.099999999999999
312337,4.099999999999999
312497,3.099999999999999
312704,6.099999999999998
312962,4.100000000000001
313172,4.099999999999999
313398,5.1
313517,2.099999999999999
313727,2.099999999999999
314009,5.1
314176,5.099999999999999
314358,4.099999999999999
314540,4.1
314726,3.099999999999999
314936,4.1
315201,4.100000000000001
315371,3.099999999999999
315573,4.099999999999998
315696,3.099999999999999
315922,5.1
316164,4.1
316383,3.099999999999999
316558,5.1
316829,6.100000000000001
316981,3.099999999999999
317191,4.1
317401,5.099999999999999
317634,4.1000000000000005
317853,5.099999999999999
318022,4.1
318138,2.1000000000000005
318331,5.099999999999999
318577,3.099999999999999
318787,4.099999999999999
318946,3.099999999999999
319153,5.1
319427,3.0999999999999996
319584,4.099999999999999
319762,4.099999999999998
320020,5.1
320298,5.1
320469,3.099999999999999
320660,5.099999999999999
320934,4.1000000000000005
321088,3.0999999999999996
321352,3.099999999999999
321547,3.0999999999999996
321742,4.099999999999999
321791,4.099999999999999
321982,5.099999999999998
322241,5.1
322457,3.0999999999999996
322628,3.0999999999999996
322818,6.099999999999999
322969,1.1000000000000003
323118,5.1
323408,3.099999999999999
323577,3.099999999999999
323819,4.1000000000000005
324073,4.1000000000000005
324288,4.1
324511,5.1
324703,5.099999999999999
324889,4.099999999999999
325085,4.099999999999999
325176,4.099999999999999
325372,4.1
325525,2.099999999999999
325697,4.1
325904,4.099999999999999
325948,2.0999999999999996
326129,5.099999999999999
326289,4.099999999999999
326487,5.099999999999999
326825,4.100000000000003
327053,5.099999999999999
327242,4.099999999999999
327429,5.099999999999998
327600,3.099999999999999
327828,5.099999999999999
328037,3.099999999999999
328232,3.099999999999999
328403,3.0999999999999996
328623,4.1
328862,4.1000000000000005
329072,5.099999999999999
329228,5.1
329392,3.1
329547,2.099999999999999
329953,5.100000000000003
330180,4.1000000000000005
330381,4.099999999999999
330552,4.099999999999999
330705,4.1
330915,5.1
331094,3.099999999999999
331172,2.099999999999999
331389,4.099999999999999
331530,3.099999999999999
331727,4.099999999999999
332033,3.099999999999999
332291,2.0999999999999996
332487,5.099999999999999
332673,3.099999999999999
332848,5.099999999999997
333058,5.099999999999999
333300,5.1000000000000005
333496,4.099999999999999
333651,3.099999999999999
333776,4.1
334114,2.099999999999999
334276,5.1
334454,4.099999999999999
334680,5.099999999999999
334845,4.099999999999999
335050,6.099999999999999
335228,5.1
335416,4.099999999999999
335588,3.099999999999999
335766,5.099999999999999
335997,3.099999999999999
336206,3.099999999999999
336407,3.099999999999999
336627,3.099999999999999
336949,3.099999999999999
337226,5.099999999999999
337487,5.099999999999999
337597,3.099999999999999
337839,4.1
338055,5.1
338301,5.1
338514,4.1000000000000005
338686,4.1
338939,5.1
339222,2.099999999999999
339478,5.099999999999999
339683,5.1
339873,5.099999999999999
340038,3.0999999999999996
340256,5.1
340433,5.099999999999999
340585,3.099999999999999
340970,4.1
341166,4.1
341414,6.099999999999998
341637,5.1
341975,3.099999999999999
342160,4.099999999999999
342309,4.099999999999999
342536,4.1
342786,4.1
342928,4.099999999999999
343161,5.099999999999999
343387,5.099999999999998
343580,4.099999999999999
343728,3.099999999999999
343888,4.099999999999997
344085,3.099999999999999
344306,6.1
344477,4.099999999999999
344697,3.099999999999999
344906,6.099999999999997
345183,5.1000000000000005
345397,5.1
345592,4.099999999999999
345757,5.099999999999998
345982,3.099999999999999
346302,4.100000000000001
346554,6.1
346707,2.099999999999999
346897,5.099999999999999
347074,3.099999999999999
347287,5.099999999999999
347689,4.100000000000003
347849,3.0999999999999996
348041,4.099999999999999
348256,4.1000000000000005
348466,4.099999999999999
348621,4.099999999999999
348795,6.099999999999998
349037,1.1000000000000005
349279,4.1000000000000005
349505,5.1
349699,3.0999999999999996
349898,4.099999999999999
350101,4.1
350327,4.1000000000000005
350490,4.099999999999999
350782,4.100000000000001
350953,4.099999999999999
351186,5.1
351412,5.099999999999999
351704,5.1
351978,5.100000000000001
352195,6.099999999999998
352405,4.1
352475,1.1
352778,5.1
352948,3.099999999999999
353152,4.1
353266,2.099999999999999
353492,5.1
353669,4.1
353911,1.0999999999999999
354343,5.100000000000003
354530,2.099999999999999
354771,5.1
355020,4.1000000000000005
355221,4.099999999999999
355399,5.099999999999998
355573,2.0999999999999996
355734,2.099999999999999
355977,6.1
356174,6.099999999999997
356387,6.099999999999999
356586,4.099999999999999
356786,4.099999999999999
357014,5.099999999999999
357188,4.099999999999999
357385,5.099999999999999
357635,3.099999999999999
357805,4.1
357991,4.099999999999999
358179,5.1
358376,4.099999999999998
358588,3.099999999999999
358789,4.099999999999999
358996,5.1
359203,3.099999999999999
359400,5.099999999999997
359589,5.099999999999999
359805,5.099999999999998
360011,3.099999999999999
360114,4.1
360304,4.099999999999999
360497,5.099999999999999
360803,5.100000000000001
360975,4.099999999999999
361211,3.099999999999999
361364,4.099999999999999
361709,5.100000000000001
361987,4.100000000000001
362162,5.099999999999999
362379,5.099999999999999
362598,2.099999999999999
362817,5.1
363034,5.099999999999999
363276,5.1000000000000005
363420,4.1
363597,3.099999999999999
363708,3.099999999999999
363906,4.099999999999999
364111,5.099999999999999
364258,4.099999999999999
364477,5.099999999999998
364736,2.099999999999999
364905,5.1
365067,4.1
365247,4.099999999999999
365395,3.099999999999999
365745,6.1
365977,4.1000000000000005
366134,4.099999999999999
366309,3.099999999999999
366520,3.099999999999999
366600,4.099999999999999
366788,4.1
366979,5.099999999999999
367154,5.099999999999999
367378,4.1
367588,5.099999999999999
368024,6.100000000000001
368218,5.099999999999999
368374,4.1
368595,3.099999999999999
368747,2.099999999999999
368983,5.1
369246,4.1
369436,5.099999999999999
369485,3.099999999999999
369789,4.100000000000002
369963,3.099999999999999
370250,4.1000000000000005
370448,3.099999999999999
370651,5.099999999999998
370913,6.099999999999998
371139,3.099999999999999
371268,3.099999999999999
371478,3.099999999999999
371679,5.1
371906,6.099999999999999
372157,4.1
372405,5.1000000000000005
372649,3.099999999999999
372987,4.100000000000001
373194,3.099999999999999
373353,4.1000000000000005
373659,5.100000000000002
373965,4.100000000000001
374159,3.099999999999999
374465,3.099999999999999
374614,4.099999999999999
374786,4.099999999999999
374958,5.099999999999999
375210,5.1
375442,4.1000000000000005
375515,4.099999999999999
375742,5.099999999999999
375973,3.099999999999999
376133,4.099999999999999
376389,4.1
376592,4.099999999999999
376846,5.099999999999998
377028,4.1
377234,4.1
377459,6.1
377566,3.099999999999999
377769,4.099999999999999
377931,3.099999999999999
378117,5.099999999999997
378281,5.099999999999999
378491,4.1
378797,6.099999999999999
378956,3.099999999999999
379085,4.1
379274,4.099999999999999
379438,5.099999999999999
379627,5.099999999999999
379825,5.099999999999999
380099,4.1000000000000005
380296,3.099999999999999
380549,6.1
380855,4.1000000000000005
381022,2.099999999999999
381212,4.1000000000000005
381378,3.099999999999999
381716,4.100000000000002
381894,5.099999999999998
382049,4.1
382203,3.099999999999999
382367,4.1
382606,5.1
382801,6.099999999999997
383075,4.100000000000001
383315,3.099999999999999
383555,3.099999999999999
383773,5.099999999999998
384028,4.1000000000000005
384185,4.099999999999998
384450,5.099999999999999
384670,5.099999999999999
384920,5.099999999999999
385115,4.099999999999999
385316,2.099999999999999
385482,3.099999999999999
385710,4.099999999999999
385877,4.099999999999999
386068,4.099999999999999
386258,4.099999999999999
386467,5.099999999999998
386654,4.099999999999999
386896,4.099999999999998
387126,4.099999999999999
387331,3.099999999999999
387523,2.099999999999999
387696,5.099999999999999
387781,2.099999999999999
387968,5.099999999999999
388274,4.100000000000002
388452,4.099999999999999
388671,2.099999999999999
388849,3.099999999999999
389070,4.099999999999999
389299,5.099999999999999
389509,4.099999999999999
389713,2.099999999999999
389922,5.1
390219,4.100000000000001
390386,4.099999999999998
390632,5.099999999999999
390826,3.099999999999999
391122,6.099999999999998
391377,5.1
391577,5.1
391746,2.099999999999999
391951,5.099999999999999
392154,4.099999999999998
392329,4.099999999999999
392526,5.099999999999999
392724,6.099999999999999
392932,6.099999999999999
393286,5.1000000000000005
393496,5.1
393702,5.099999999999999
393885,5.099999999999997
394094,5.099999999999999
394283,4.099999999999999
394459,4.1
394666,5.099999999999999
394878,4.099999999999999
395103,6.099999999999999
395348,4.099999999999998
395418,3.099999999999999
395579,5.099999999999999
395823,6.099999999999999
396033,3.099999999999999
396202,3.099999999999999
396333,3.0999999999999996
396577,5.099999999999999
396762,5.099999999999998
396986,4.1
397207,5.099999999999999
397263,3.0999999999999996
397575,6.099999999999998
397818,5.1
398010,5.099999999999997
398182,4.099999999999999
398369,3.099999999999999
398582,5.1
398731,4.1
398939,4.1
399315,6.1
399481,5.099999999999999
399746,5.1000000000000005
399937,4.099999999999999
400171,4.1
400375,4.1
400612,4.1000000000000005
400782,4.1
400973,4.099999999999999
401179,6.099999999999999
401368,3.099999999999999
401562,4.099999999999999
401716,3.0999999999999996
401906,4.099999999999999
402144,5.099999999999999
402357,5.1
402584,5.099999999999998
402792,5.099999999999999
403008,3.099999999999999
403240,5.099999999999999
403373,5.099999999999999
403567,4.099999999999998
403806,3.099999999999999
403962,4.1
404194,5.099999999999999
404369,4.099999999999999
404524,3.099999999999999
404698,5.099999999999999
404918,5.099999999999999
405128,4.099999999999998
405346,4.099999999999999
405471,4.099999999999999
405665,3.0999999999999996
405864,6.099999999999999
406042,4.1
406268,4.1
406478,5.1
406703,2.099999999999999
406871,3.099999999999999
407198,5.1000000000000005
407405,4.1
407638,5.1000000000000005
407815,3.099999999999999
408019,5.099999999999999
408224,6.099999999999999
408395,4.099999999999999
408599,4.1
408873,5.1
409057,4.099999999999999
409245,6.099999999999999
409514,4.1
409716,5.099999999999999
410118,4.100000000000003
410331,5.099999999999999
410589,5.1
410838,5.099999999999999
410884,3.0999999999999996
411114,5.1000000000000005
411342,5.1
411542,3.099999999999999
411799,4.1000000000000005
411950,4.099999999999999
412123,4.099999999999999
412333,5.099999999999999
412509,3.099999999999999
412798,6.099999999999996
413019,1.1000000000000005
413184,6.099999999999999
413414,4.1
413768,6.1000000000000005
413979,5.099999999999999
414114,1.1000000000000003
414336,5.1
414515,4.099999999999999
414676,5.099999999999999
414902,4.1
415100,6.099999999999999
415289,2.099999999999999
415520,5.1000000000000005
415713,5.099999999999998
415887,4.099999999999999
416065,3.0999999999999996
416403,5.1000000000000005
416608,2.099999999999999
416817,4.1
417123,5.100000000000001
417328,5.099999999999998
417533,3.099999999999999
417710,5.099999999999999
417904,4.1
418076,5.1
418247,4.099999999999999
418494,6.099999999999997
418710,5.1
418919,4.1
419134,4.099999999999999
419304,5.099999999999999
419402,3.099999999999999
419538,1.1
419697,6.099999999999999
419918,3.099999999999999
420121,5.099999999999999
420368,5.1
420584,6.099999999999997
420761,3.099999999999999
420945,3.099999999999999
421144,5.099999999999999
421417,5.1000000000000005
421547,2.099999999999999
421709,5.1
421943,4.1
422233,5.099999999999999
422406,3.099999999999999
422709,4.1000000000000005
422887,5.099999999999998
423133,4.1
423270,5.099999999999999
423529,6.099999999999998
423731,5.099999999999998
423948,6.099999999999998
424101,2.099999999999999
424184,3.099999999999999
424397,4.1
424700,6.099999999999998
424941,4.1
425232,5.1000000000000005
425386,4.099999999999999
425555,2.099999999999999
425778,4.1
425949,4.099999999999999
426319,4.100000000000002
426485,2.099999999999999
426692,5.099999999999999
426910,6.099999999999999
427248,5.1000000000000005
427568,3.099999999999999
427874,4.1
428108,3.099999999999999
428265,4.099999999999999
428465,4.1
428695,4.1
428888,4.099999999999999
428978,3.099999999999999
429149,3.099999999999999
429384,4.1
429586,5.099999999999999
429760,5.099999999999999
430080,6.099999999999999
430257,4.1
430499,4.1000000000000005
430694,3.099999999999999
430909,4.1
431159,3.0999999999999996
431334,4.099999999999999
431533,5.099999999999999
431763,2.099999999999999
431968,4.1
432188,4.099999999999999
432450,3.099999999999999
432641,4.099999999999999
432840,3.099999999999999
433066,3.099999999999999
433239,6.099999999999999
433513,4.1
433683,4.099999999999999
433863,4.099999999999998
433941,5.1
434109,4.099999999999999
434286,3.099999999999999
434480,4.099999999999999
434623,6.099999999999999
434660,4.1
434831,3.099999999999999
434903,2.099999999999999
435076,3.0999999999999996
435309,5.1
435479,5.1
435730,4.099999999999999
435956,4.099999999999998
436165,5.099999999999999
436439,4.1000000000000005
436643,4.099999999999999
436881,5.1000000000000005
437073,4.1
437324,4.1
437556,6.099999999999998
437737,1.1
437956,5.099999999999998
438222,5.099999999999998
438464,5.1
438758,5.1000000000000005
438950,5.099999999999999
439160,3.099999999999999
439407,4.1000000000000005
439526,4.1
439750,6.099999999999999
440066,6.1000000000000005
440260,5.099999999999999
440430,4.1
440749,5.1000000000000005
440991,4.1
441122,4.099999999999998
441382,4.1
441593,5.1
441767,4.1
441945,5.099999999999999
442108,5.1
442308,3.099999999999999
442490,5.099999999999999
442752,5.1
442947,3.099999999999999
443146,6.099999999999999
443305,4.1
443605,4.1000000000000005
443752,3.099999999999999
443986,4.1
444220,5.1000000000000005
444400,5.1
444574,4.099999999999999
444768,4.1
445046,5.1000000000000005
445320,3.099999999999999
445538,3.099999999999999
445842,6.1000000000000005
446021,3.0999999999999996
446226,5.099999999999999
446500,5.1000000000000005
446689,5.099999999999997
446895,4.099999999999999
447124,5.1
447400,3.099999999999999
447610,6.099999999999999
447916,5.1
448178,5.1
448452,3.099999999999999
448680,5.1
448876,4.1
449099,2.099999999999999
449303,4.1
449705,3.099999999999999
449909,5.099999999999999
450192,5.1
450406,4.099999999999999
450558,5.099999999999998
450693,2.099999999999999
450858,5.099999999999999
451039,3.099999999999999
451219,4.099999999999999
451397,5.099999999999999
451569,5.1
451971,4.100000000000003
452174,4.099999999999999
452339,5.099999999999999
452492,5.099999999999999
452757,4.099999999999998
453051,6.1
453285,4.1000000000000005
453529,6.099999999999998
453726,4.099999999999999
453853,3.099999999999999
454077,3.099999999999999
454161,1.1
454404,5.099999999999998
454644,6.099999999999999
454881,4.1000000000000005
455083,4.1
455243,3.099999999999999
455455,2.099999999999999
455669,5.1
455822,5.1
456039,4.099999999999999
456216,2.099999999999999
456409,4.099999999999999
456617,4.099999999999999
456794,2.0999999999999996
457000,4.099999999999999
457168,4.1
457347,4.1
457516,5.1
457694,5.099999999999999
457891,6.099999999999999
458165,5.100000000000001
458411,4.1
458608,4.099999999999999
458778,5.099999999999999
458947,5.099999999999999
459160,2.099999999999999
459380,3.0999999999999996
459557,2.099999999999999
459767,4.099999999999999
460050,4.099999999999999
460212,5.099999999999998
460422,4.099999999999999
460760,5.100000000000001
460923,3.0999999999999996
461133,4.099999999999999
461349,5.099999999999999
461499,4.099999999999999
461763,2.099999999999999
462020,4.099999999999999
462209,4.099999999999999
462483,5.1000000000000005
462762,5.099999999999999
462968,5.1
463145,3.099999999999999
463210,3.099999999999999
463386,4.099999999999998
463551,3.099999999999999
463734,5.099999999999999
464072,3.099999999999999
464187,5.1
464290,3.099999999999999
464467,5.099999999999998
464701,3.099999999999999
464948,4.1
465145,5.099999999999997
465312,6.099999999999999
465519,3.099999999999999
465685,5.099999999999999
465991,5.100000000000001
466140,3.099999999999999
466353,6.099999999999999
466493,4.1
466694,3.099999999999999
466973,4.1
467154,4.099999999999999
467349,4.1
467588,4.1
467828,4.1000000000000005
468130,6.1000000000000005
468412,5.099999999999999
468606,4.1
468781,4.1
468972,3.099999999999999
469153,1.1
469246,3.099999999999999
469418,3.0999999999999996
469611,3.099999999999999
469897,6.099999999999999
470061,2.099999999999999
470227,2.099999999999999
470452,4.099999999999999
470641,4.099999999999999
470817,4.099999999999998
471070,5.099999999999999
471440,4.100000000000003
471631,4.099999999999999
471881,4.1
472032,4.1
472217,4.099999999999999
472425,5.099999999999999
472658,4.1
472850,5.099999999999999
473068,3.099999999999999
473253,5.099999999999999
473454,4.1
473627,2.099999999999999
473842,5.099999999999999
474041,5.099999999999999
474224,4.099999999999999
474416,6.099999999999999
474626,5.099999999999999
474833,4.1
475043,5.1
475112,2.099999999999999
475329,5.1
475551,5.099999999999999
475703,3.099999999999999
475895,5.1
476068,5.099999999999999
476470,4.100000000000003
476649,4.1
476788,4.099999999999999
477078,5.1
477224,5.099999999999998
477402,5.1
477622,4.099999999999999
477816,5.1
477967,5.1
478133,4.099999999999998
478403,3.0999999999999996
478616,6.099999999999998
478835,5.099999999999999
479173,3.099999999999999
479347,4.1
479563,3.099999999999999
479766,6.099999999999999
480042,5.1000000000000005
480252,5.099999999999999
480516,5.100000000000001
480764,5.1
481006,4.1000000000000005
481204,3.099999999999999
481572,6.1
481726,5.1000000000000005
481894,3.099999999999999
482070,5.099999999999999
482243,4.099999999999999
482481,4.099999999999998
482680,5.1
482890,4.1
483016,1.1000000000000003
483261,5.099999999999999
483479,3.0999999999999996
483733,5.1
483881,4.099999999999999
484071,4.099999999999999
484160,4.099999999999999
484370,5.099999999999999
484552,2.099999999999999
484778,4.1
484958,4.099999999999999
485139,5.099999999999999
485336,5.099999999999999
485557,5.099999999999998
485765,3.099999999999999
485985,5.099999999999998
486184,4.1
486358,4.1
486592,6.099999999999999
486767,5.1
486947,3.099999999999999
487228,4.099999999999999
487434,4.1
487639,6.099999999999999
487821,3.099999999999999
488048,4.1
488209,3.099999999999999
488417,5.099999999999999
488626,3.099999999999999
488829,4.099999999999999
489049,5.1
489255,5.1
489452,5.099999999999999
489669,5.1
489875,3.099999999999999
490136,5.099999999999998
490311,4.099999999999999
490526,5.1
490682,3.099999999999999
490988,4.100000000000001
491229,5.099999999999999
491492,4.1000000000000005
491766,4.1000000000000005
492019,5.1000000000000005
492250,5.1000000000000005
492588,5.100000000000001
492820,5.099999999999998
492978,3.099999999999999
493236,4.100000000000001
493443,6.099999999999999
493639,4.1
493855,5.1
494060,5.1
494234,4.1
494428,3.099999999999999
494667,4.1
494813,5.1
494992,5.1
495196,5.099999999999999
495438,5.1000000000000005
495693,5.1000000000000005
495901,5.099999999999999
496056,5.1
496262,5.099999999999999
496504,4.1000000000000005
496697,4.099999999999999
497035,4.100000000000001
497475,4.100000000000003
497797,5.1000000000000005
497929,3.099999999999999
498096,6.099999999999999
498237,5.099999999999999
498485,5.099999999999999
498665,6.1
498841,5.1
499077,5.099999999999999
499296,4.099999999999999
499473,4.1
499849,6.1
500050,3.099999999999999
500324,5.100000000000001
500527,4.099999999999999
500698,4.099999999999999
500752,3.0999999999999996
501098,6.100000000000002
501315,6.099999999999998
501570,7.099999999999997
501812,4.1000000000000005
502023,5.099999999999999
502265,4.1000000000000005
502408,6.099999999999999
502626,4.1
502828,5.099999999999999
503206,5.100000000000003
503448,5.1000000000000005
503650,6.099999999999999
503860,6.099999999999999
504102,4.1000000000000005
504308,6.1
504501,4.099999999999999
504681,5.099999999999999
504891,3.099999999999999
505090,4.099999999999999
505311,5.1
505468,4.099999999999999
505685,6.1
505845,4.099999999999999
506042,5.099999999999999
506175,3.0999999999999996
506373,4.1
506632,5.099999999999998
506851,6.099999999999998
507093,5.1
507322,4.1
507524,6.099999999999999
507727,6.099999999999999
507910,2.0999999999999996
508162,4.1
508516,3.099999999999999
508798,4.1
508902,2.099999999999999
509119,5.099999999999999
509337,4.099999999999999
509643,4.100000000000002
509816,5.099999999999999
510090,4.100000000000001
510314,5.1
510498,4.099999999999999
510797,5.1000000000000005
510965,2.099999999999999
511234,4.1
511399,5.1
511606,6.099999999999999
511761,3.099999999999999
511905,5.099999999999999
512047,3.0999999999999996
512209,3.099999999999999
512481,3.099999999999999
512819,5.100000000000001
512992,4.099999999999999
513170,5.099999999999999
513392,5.1
513577,6.1
513825,5.099999999999998
514035,5.099999999999999
514264,4.1000000000000005
514480,4.1
514668,4.1
514947,6.1
515115,5.099999999999999
515271,6.1
515366,4.099999999999999
515704,5.100000000000001
516096,6.100000000000001
516265,4.1
516443,5.1
516637,3.099999999999999
516835,5.099999999999999
517012,4.1
517190,5.1
517370,4.099999999999999
517615,3.099999999999999
517853,3.099999999999999
518109,6.099999999999997
518359,4.099999999999998
518537,4.1
518629,3.099999999999999
518851,5.1
519253,4.100000000000003
519482,3.099999999999999
519707,6.099999999999998
519903,5.099999999999998
520142,5.1
520363,5.099999999999999
520555,6.099999999999999
520833,2.0999999999999996
521061,6.099999999999999
521386,5.100000000000001
521612,4.1
521809,3.0999999999999996
522092,4.100000000000001
522272,5.099999999999999
522481,6.099999999999998
522873,6.100000000000001
523064,5.1
523139,3.099999999999999
523321,5.1
523499,5.099999999999999
523651,6.099999999999999
523842,5.099999999999999
524026,5.099999999999998
524210,4.099999999999999
524432,6.099999999999999
524623,6.099999999999998
524926,6.099999999999996
525267,6.1
525484,5.099999999999997
525664,6.099999999999999
525817,5.1
526067,2.0999999999999996
526234,5.099999999999999
526389,5.1
526613,5.099999999999998
526791,4.1
526960,4.099999999999998
527148,5.1
527382,5.099999999999998
527558,4.099999999999999
527779,4.099999999999999
527990,5.1
528205,4.1
528597,6.1
528823,6.099999999999999
529110,4.1
529336,5.099999999999999
529526,5.099999999999999
529766,4.1
529981,4.1
530255,2.099999999999999
530529,5.100000000000001
530751,5.1
530842,3.099999999999999
531019,5.099999999999999
531194,6.099999999999999
531376,3.099999999999999
531666,4.100000000000001
531858,6.099999999999998
532031,3.0999999999999996
532220,5.099999999999999
532436,4.1
532625,3.099999999999999
532811,3.099999999999999
532963,3.099999999999999
533333,4.100000000000001
533543,4.1
533905,6.1
534275,5.1000000000000005
534431,6.099999999999998
534600,5.099999999999999
534779,2.0999999999999996
534938,4.099999999999999
535127,4.099999999999999
535326,6.099999999999998
535472,4.1
535698,4.1
535901,3.099999999999999
536134,4.099999999999999
536298,4.099999999999999
536531,3.099999999999999
536733,5.099999999999997
537034,6.099999999999999
537286,6.1
537476,5.099999999999998
537788,6.099999999999999
538014,4.1
538257,6.1
538525,5.1
538733,4.099999999999999
538828,3.099999999999999
539110,6.099999999999996
539332,5.099999999999999
539551,5.1
539809,4.1000000000000005
540147,4.100000000000001
540358,3.099999999999999
540616,3.0999999999999996
541016,6.100000000000002
541234,6.099999999999999
541489,6.099999999999999
541713,5.099999999999999
541914,5.099999999999999
542125,4.1
542445,4.099999999999999
542669,5.1
542881,5.099999999999999
543041,5.099999999999999
543192,3.099999999999999
543381,5.099999999999998
543614,4.1
543824,5.099999999999999
544018,3.099999999999999
544324,5.099999999999999
544497,5.099999999999999
544738,5.1000000000000005
544941,3.099999999999999
545151,4.1
545320,4.099999999999999
545529,6.099999999999999
545733,5.1
545986,6.099999999999999
546093,4.099999999999999
546302,4.1
546608,4.100000000000002
546822,4.1
547037,5.099999999999998
547223,4.099999999999999
547382,4.1
547610,5.099999999999999
547950,6.1000000000000005
548184,3.099999999999999
548345,5.099999999999999
548524,5.099999999999999
548726,5.099999999999999
548938,5.099999999999998
549180,4.1000000000000005
549375,4.099999999999999
549618,5.099999999999998
549825,4.099999999999999
550024,4.099999999999999
550340,6.099999999999998
550544,6.099999999999999
550822,5.100000000000001
551003,6.1
551204,4.099999999999999
551358,4.099999999999999
551568,5.099999999999999
551799,6.099999999999997
552014,6.1
552230,6.1
552460,5.1000000000000005
552683,5.099999999999999
552925,4.1
553195,5.099999999999997
553533,5.100000000000001
553772,3.099999999999999
554078,6.1
554291,4.099999999999999
554517,3.099999999999999
554764,5.1
554966,5.099999999999998
555176,4.099999999999999
555345,5.099999999999999
555584,4.1
555928,6.099999999999998
556154,5.099999999999999
556331,5.099999999999997
556529,3.099999999999999
556781,5.1
556970,5.099999999999998
557197,4.1000000000000005
557381,4.1
557588,5.099999999999999
557808,5.1000000000000005
557985,6.099999999999999
558216,3.1
558436,5.1
558665,5.099999999999999
558874,6.099999999999998
559105,5.1000000000000005
559214,3.099999999999999
559397,5.099999999999999
559576,5.1
559802,5.1
560032,5.1
560248,3.0999999999999996
560376,2.099999999999999
560630,5.1
560814,3.099999999999999
561003,3.099999999999999
561221,4.099999999999999
561419,6.099999999999998
561657,6.099999999999997
562081,6.1000000000000005
562307,4.1
562515,5.1
562646,2.0999999999999996
562807,3.099999999999999
562963,2.099999999999999
563291,6.099999999999999
563536,5.1
563662,3.099999999999999
563853,4.1000000000000005
564055,5.099999999999999
564200,4.099999999999999
564536,6.1000000000000005
564767,3.099999999999999
564926,4.099999999999999
565137,5.1
565314,5.1
565460,5.099999999999999
565658,5.099999999999999
565886,6.099999999999999
566027,3.099999999999999
566199,6.099999999999999
566369,5.1
566536,5.099999999999999
566731,5.1
566900,3.099999999999999
567077,5.099999999999999
567292,5.099999999999998
567500,4.1
567732,6.099999999999998
567990,4.1000000000000005
568232,5.1
568415,6.099999999999998
568599,5.099999999999999
568906,6.1
569266,6.1
569522,5.099999999999999
569752,5.099999999999999
569945,5.099999999999999
570180,3.099999999999999
570392,6.099999999999998
570677,3.099999999999999
570919,6.099999999999998
571177,5.1000000000000005
571380,2.1
571561,3.0999999999999996
571737,4.1
571913,5.099999999999999
572135,4.099999999999999
572353,3.099999999999999
572496,5.099999999999999
572782,6.099999999999998
573056,5.099999999999999
573382,4.100000000000001
573596,5.099999999999999
573835,3.099999999999999
574042,5.099999999999999
574252,5.099999999999999
574444,4.099999999999999
574525,3.099999999999999
574725,5.099999999999999
574933,5.1
575093,6.099999999999997
575280,4.099999999999999
575506,5.1
575679,1.1000000000000003
575830,5.099999999999997
576087,4.1
576447,6.099999999999999
576577,2.099999999999999
576856,5.1000000000000005
577035,5.099999999999999
577193,5.099999999999997
577393,5.099999999999999
577667,5.100000000000001
577862,5.099999999999999
578042,5.099999999999999
578239,6.099999999999996
578453,4.1
578644,6.099999999999999
578787,3.099999999999999
578944,4.099999999999999
579118,5.099999999999999
579316,5.099999999999999
579553,3.099999999999999
579723,3.099999999999999
579915,6.1
580087,5.099999999999999
580284,5.099999999999999
580494,5.1
580719,6.099999999999998
580910,4.1
581208,6.099999999999999
581412,4.1
581586,5.099999999999999
581776,4.099999999999999
582082,5.100000000000001
582388,5.100000000000002
582605,5.099999999999998
582847,6.099999999999997
583060,6.099999999999999
583287,4.1000000000000005
583508,5.1000000000000005
583668,5.099999999999999
583953,5.099999999999999
584163,4.1
584565,5.100000000000003
584747,5.1
585019,4.1
585205,5.099999999999999
585422,5.099999999999999
585800,5.100000000000001
586010,4.1
586216,6.1
586412,6.099999999999998
586638,5.1
586874,5.099999999999999
587123,6.099999999999999
587341,6.099999999999998
587713,4.100000000000003
587918,4.1
588135,5.099999999999999
588319,4.099999999999999
588469,5.1
588647,6.099999999999999
588825,6.1000000000000005
589025,6.1
589237,4.099999999999998
589476,5.099999999999999
589697,5.099999999999998
589912,4.099999999999999
590097,5.099999999999999
590251,4.099999999999999
590464,6.099999999999999
590631,4.099999999999999
590863,5.099999999999999
591069,5.099999999999999
591362,6.099999999999998
591531,6.099999999999999
591731,3.0999999999999996
591908,5.099999999999999
592081,6.1
592307,5.1
592495,3.099999999999999
592708,4.099999999999999
592891,4.1
593101,5.099999999999999
593445,6.099999999999999
593649,5.099999999999998
593963,6.100000000000001
594176,4.099999999999999
594370,2.099999999999999
594583,6.099999999999999
594832,5.1
595053,5.099999999999999
595233,6.099999999999999
595476,5.099999999999999
595637,4.099999999999999
595833,5.099999999999999
596016,4.099999999999999
596182,4.099999999999999
596472,6.099999999999999
596633,4.099999999999999
596828,5.099999999999999
597036,4.099999999999999
597195,5.099999999999998
597469,6.099999999999998
597525,4.099999999999999
597752,5.099999999999999
597999,6.1
598283,6.099999999999998
598512,5.099999999999999
598732,6.099999999999999
598983,4.1
599273,5.099999999999999
599442,5.1
599650,5.1
599923,5.1
600151,6.099999999999998
600356,5.099999999999999
600522,4.099999999999999
600741,4.099999999999999
600963,5.099999999999996
601172,6.099999999999998
601387,5.1
601583,4.1
601762,3.099999999999999
601965,4.099999999999999
602186,3.099999999999999
602373,4.099999999999999
602561,6.1
602766,5.099999999999999
603008,6.099999999999998
603231,5.099999999999999
603417,2.0999999999999996
603655,3.0999999999999996
603880,3.099999999999999
603946,3.099999999999999
604200,5.099999999999998
604508,6.099999999999999
604753,6.099999999999998
604984,4.099999999999999
605162,4.099999999999999
605395,4.099999999999999
605573,5.099999999999999
605776,5.099999999999998
606104,6.099999999999999
606287,6.099999999999999
606470,4.099999999999998
606714,5.1000000000000005
607068,5.100000000000001
607278,4.099999999999999
607442,4.099999999999999
607645,5.099999999999999
607919,4.1
608055,2.099999999999999
608313,5.099999999999999
608507,5.099999999999999
608713,5.099999999999997
608989,4.1000000000000005
609185,6.1
609411,4.1
609538,2.1
609730,4.1
609938,5.099999999999999
610147,5.1
610329,4.1
610559,5.1
610830,6.099999999999999
611031,5.099999999999999
611337,4.100000000000001
611545,5.099999999999999
611752,4.099999999999999
612003,5.099999999999999
612200,6.099999999999999
612412,6.099999999999998
612854,6.100000000000002
613060,6.1
613248,5.1
613438,6.099999999999999
613609,6.1
613819,3.099999999999999
614037,6.099999999999999
614334,5.099999999999999
614554,5.099999999999999
614736,5.099999999999999
614949,4.1
615241,6.099999999999999
615515,5.099999999999999
615758,5.099999999999998
615984,4.1
616261,3.099999999999999
616493,5.099999999999998
616901,6.100000000000002
617143,4.1
617346,3.099999999999999
617634,6.099999999999998
617838,4.099999999999999
618009,6.1
618252,4.1
618438,5.099999999999999
618692,5.099999999999998
618859,6.099999999999998
619299,5.1000000000000005
619530,5.1
619716,2.099999999999999
619916,5.099999999999998
620128,5.099999999999998
620337,5.1
620609,6.099999999999998
620818,5.099999999999998
621058,5.099999999999999
621286,6.099999999999998
621424,4.1
621660,6.099999999999998
621940,6.099999999999998
622028,3.099999999999999
622186,4.099999999999999
622431,6.099999999999997
622620,3.099999999999999
622793,5.1
623035,5.1000000000000005
623225,3.099999999999999
623427,5.099999999999999
623593,6.099999999999999
623804,6.099999999999999
624162,6.099999999999999
624351,5.099999999999999
624471,4.099999999999999
624799,4.1
625036,5.099999999999999
625455,6.100000000000001
625649,5.1
625912,5.099999999999999
626141,5.1
626298,5.099999999999999
626526,4.1
626773,3.0999999999999996
627007,5.099999999999999
627281,4.100000000000001
627468,5.1
627661,4.099999999999999
627866,6.099999999999999
627995,4.1
628172,5.1
628516,6.099999999999999
628742,5.099999999999999
629048,6.099999999999997
629370,4.100000000000002
629546,5.099999999999999
629717,6.099999999999999
630097,6.1000000000000005
630317,4.099999999999999
630491,3.099999999999999
630688,6.099999999999999
630895,5.099999999999999
631207,6.099999999999999
631395,5.099999999999998
631605,6.099999999999997
631880,6.099999999999997
632182,4.1000000000000005
632405,5.099999999999999
632548,5.099999999999999
632717,4.1
633054,5.1000000000000005
633243,6.099999999999999
633517,5.1000000000000005
633689,6.099999999999999
633850,4.099999999999999
634076,4.1
634300,5.099999999999999
634357,6.099999999999999
634765,7.1000000000000005
634892,3.099999999999999
635140,6.099999999999999
635368,6.099999999999998
635580,5.1
635822,4.1000000000000005
635990,4.1
636247,6.099999999999998
636398,4.099999999999999
636607,6.099999999999997
636849,5.1
637100,5.1000000000000005
637192,3.099999999999999
637356,5.099999999999999
637662,5.100000000000001
637857,5.099999999999999
638112,4.1000000000000005
638393,4.1
638603,4.099999999999999
639013,5.100000000000003
639159,4.1
639431,4.099999999999997
639635,4.099999999999999
639896,5.100000000000001
640110,4.1
640349,4.1000000000000005
640655,5.100000000000001
640843,5.099999999999998
641053,5.099999999999999
641202,5.099999999999998
641493,5.1
641662,1.1000000000000003
642092,3.099999999999999
642310,2.099999999999999
642480,5.099999999999999
642667,4.099999999999999
642834,6.099999999999997
643172,4.100000000000003
643342,5.099999999999999
643645,6.099999999999998
643919,5.099999999999999
644136,6.099999999999998
644315,2.099999999999999
644575,5.1
644817,5.1
645074,6.099999999999999
645316,5.1000000000000005
645550,5.1000000000000005
645776,5.099999999999999
645988,6.099999999999999
646143,5.1
646356,4.1
646629,6.099999999999997
646979,6.1
647166,3.099999999999999
647416,4.099999999999999
647604,5.1000000000000005
647810,5.1
647999,6.099999999999999
648141,4.1
648367,4.1
648530,6.099999999999998
648747,5.099999999999998
648954,5.099999999999999
649266,5.1
649513,6.099999999999998
649730,6.099999999999999
649917,6.099999999999999
650098,4.099999999999999
650269,4.1
650462,4.099999999999999
650683,2.099999999999999
650987,5.100000000000002
651190,3.099999999999999
651400,5.1
651633,5.1000000000000005
651910,5.099999999999999
652102,2.099999999999999
652350,3.0999999999999996
652583,5.1
652779,5.099999999999999
652997,6.099999999999998
653274,5.1000000000000005
653512,5.099999999999998
653571,3.099999999999999
653734,4.099999999999999
653923,5.099999999999999
654251,6.099999999999999
654520,3.099999999999999
654866,5.099999999999999
655045,4.099999999999999
655226,6.099999999999999
655468,4.1000000000000005
655705,6.099999999999996
655837,4.099999999999999
656021,4.099999999999999
656193,5.099999999999999
656354,2.099999999999999
656518,4.1
656827,6.099999999999997
657026,5.099999999999999
657205,5.099999999999998
657389,5.1
657569,6.099999999999999
657762,4.099999999999999
658068,6.099999999999999
658286,6.099999999999999
658474,6.099999999999998
658706,6.099999999999998
658927,6.099999999999998
659120,5.099999999999999
659338,6.099999999999999
659535,4.099999999999999
659730,6.099999999999999
660058,6.099999999999999
660258,5.099999999999998
660450,5.099999999999999
660673,5.099999999999998
660912,4.099999999999998
661120,5.099999999999999
661361,4.099999999999998
661521,5.099999999999999
661684,4.099999999999999
661876,4.099999999999998
662037,3.099999999999999
662215,6.099999999999999
662545,6.1
662720,4.099999999999999
662955,5.099999999999999
663159,5.099999999999999
663383,6.1
663619,6.1
663799,6.099999999999999
663989,5.1
664092,5.099999999999999
664296,5.099999999999997
664580,6.099999999999998
664802,6.1
665086,5.1
665288,6.099999999999999
665562,5.1
665762,5.099999999999999
666106,6.099999999999999
666294,4.099999999999999
666499,3.099999999999999
666694,5.1
666919,4.099999999999999
667257,4.100000000000003
667569,6.099999999999998
667797,6.099999999999999
667999,5.099999999999999
668207,5.1
668442,6.099999999999999
668641,5.099999999999999
668863,4.1
669064,6.099999999999999
669250,5.099999999999999
669472,6.1
669701,5.099999999999997
669858,4.099999999999999
670059,6.099999999999999
670317,6.099999999999998
670593,6.099999999999999
670803,4.1
671043,5.1
671285,5.1000000000000005
671463,5.099999999999999
671673,4.1
671870,6.099999999999997
672051,5.1
672239,4.099999999999999
672432,4.099999999999998
672658,5.099999999999998
672935,6.099999999999998
673106,4.1
673321,4.1
673533,5.099999999999998
673786,5.099999999999999
674013,6.099999999999999
674288,5.099999999999999
674487,3.099999999999999
674715,6.099999999999998
675006,5.099999999999999
675179,5.099999999999999
675349,4.099999999999999
675408,1.1
675831,5.100000000000003
676041,5.099999999999999
676349,6.099999999999999
676592,4.1
676858,7.1
677196,4.100000000000003
677377,4.099999999999999
677683,5.1000000000000005
677897,5.1
678235,6.100000000000001
678406,4.099999999999999
678712,5.1000000000000005
678856,5.099999999999999
679044,5.1000000000000005
679318,3.0999999999999996
679467,5.1
679619,5.099999999999999
679901,7.099999999999998
680036,2.099999999999999
680322,4.1
680548,5.1
680744,5.099999999999999
681022,4.099999999999999
681296,5.1
681462,4.099999999999998
681671,6.099999999999999
681892,6.099999999999999
682104,5.099999999999999
682314,4.1
682548,5.099999999999999
682812,6.099999999999998
683004,5.099999999999999
683183,6.099999999999999
683433,6.099999999999998
683666,4.099999999999999
684106,5.100000000000003
684267,5.099999999999999
684526,6.099999999999999
684768,3.099999999999999
685106,5.1000000000000005
685233,2.099999999999999
685404,3.099999999999999
685646,5.1000000000000005
686016,6.1000000000000005
686281,5.099999999999998
686456,6.1
686784,4.099999999999998
687043,5.1000000000000005
687264,6.099999999999997
687472,5.1
687661,3.0999999999999996
687946,5.1000000000000005
688156,5.099999999999998
688406,3.099999999999999
688680,5.1
688899,5.099999999999999
689205,5.100000000000002
689380,5.099999999999999
689558,3.099999999999999
689864,5.1
690077,4.1
690271,6.099999999999998
690469,5.099999999999999
690711,4.1
690909,4.099999999999999
691158,6.1
691319,4.099999999999997
691575,5.1
691823,6.099999999999998
692135,6.1000000000000005
692283,5.1
692525,5.1
692941,4.100000000000002
693295,6.1
693492,5.099999999999999
693689,6.099999999999999
693909,5.099999999999999
694064,3.099999999999999
694236,4.099999999999999
694478,5.099999999999999
694705,5.099999999999998
694924,5.099999999999999
695093,5.099999999999999
695371,3.0999999999999996
695625,6.099999999999998
695765,5.099999999999999
695964,5.099999999999999
696197,6.099999999999999
696373,6.1
696606,6.099999999999999
696847,5.1
697031,5.099999999999999
697222,4.099999999999999
697364,5.099999999999999
697593,5.1
697802,6.1
698055,6.099999999999997
698201,2.099999999999999
698411,4.1
698667,6.1
698903,5.1
699167,6.1
699387,4.099999999999999
699599,5.1
699794,5.099999999999999
699973,3.099999999999999
700173,4.099999999999999
700403,5.1000000000000005
700595,5.1
701027,6.100000000000002
701239,3.099999999999999
701454,6.099999999999998
701782,6.099999999999999
701992,5.1
702244,5.099999999999999
702470,4.1
702689,4.099999999999998
702915,3.099999999999999
703227,6.099999999999999
703397,5.099999999999998
703687,3.0999999999999996
703851,6.099999999999999
704137,7.099999999999999
704350,5.1000000000000005
704530,4.1
704815,6.099999999999999
705059,5.099999999999999
705229,5.099999999999999
705475,5.1000000000000005
705825,6.099999999999999
706095,6.099999999999998
706280,4.099999999999998
706469,5.1
706764,6.1
706949,4.099999999999999
707100,5.099999999999999
707335,5.1
707545,5.1
707728,5.099999999999999
707919,4.099999999999999
708115,4.099999999999998
708353,5.1
708552,5.099999999999998
708826,4.1000000000000005
709003,6.1
709219,5.099999999999999
709591,6.1000000000000005
709774,4.099999999999999
710112,5.1000000000000005
710437,6.1000000000000005
710658,4.1
710947,5.1
711175,6.099999999999998
711354,5.099999999999999
711624,4.099999999999999
711860,4.099999999999999
712072,5.099999999999999
712442,5.100000000000001
712635,5.1
712979,6.1000000000000005
713208,5.099999999999998
713610,6.100000000000001
713827,5.099999999999999
714175,6.1
714393,4.099999999999998
714642,5.099999999999997
714879,4.1000000000000005
715050,6.099999999999999
715238,4.099999999999998
715420,3.099999999999999
715595,5.099999999999999
715763,5.099999999999999
715898,5.1
716118,5.1
716408,4.100000000000001
716614,4.1
716841,4.1
716954,5.1
717186,6.099999999999999
717391,4.1
717588,5.099999999999998
717801,6.099999999999999
717850,4.1
718023,5.099999999999999
718237,5.099999999999998
718431,4.1
718593,4.1
718768,5.099999999999998
718995,5.099999999999999
719201,6.099999999999999
719393,3.099999999999999
719689,6.099999999999998
719855,5.099999999999998
720081,5.099999999999999
720255,5.099999999999998
720456,5.099999999999998
720708,3.099999999999999
720889,4.1
721327,5.100000000000003
721484,5.099999999999999
721694,5.099999999999999
721934,5.099999999999999
722191,5.099999999999999
722389,3.099999999999999
722546,3.099999999999999
722735,4.099999999999999
722960,5.099999999999997
723163,5.099999999999999
723315,2.099999999999999
723563,5.1
723798,4.1
723952,3.099999999999999
724154,6.099999999999998
724381,6.099999999999998
724588,5.099999999999999
724796,5.099999999999999
725035,6.099999999999995
725373,5.1
725612,4.1
726052,6.100000000000001
726401,6.099999999999998
726662,7.099999999999999
726860,5.099999999999999
727066,3.099999999999999
727246,4.099999999999999
727514,6.099999999999999
727705,6.099999999999999
727897,5.099999999999999
728209,6.099999999999998
728375,3.0999999999999996
728612,6.099999999999999
728887,6.099999999999998
729227,4.100000000000001
729469,5.099999999999998
729711,5.099999999999999
729910,6.099999999999998
730128,4.1
730281,3.099999999999999
730438,4.099999999999999
730640,5.099999999999999
730852,5.099999999999998
731039,6.099999999999999
731280,5.1
731453,4.099999999999999
731813,6.099999999999999
732031,3.099999999999999
732268,5.099999999999998
732670,4.100000000000003
732710,4.1
732930,6.099999999999997
733163,6.099999999999999
733353,5.099999999999999
733531,4.1
733746,6.099999999999997
733914,6.099999999999999
734211,6.099999999999998
734520,6.1000000000000005
734749,5.1
734834,3.099999999999999
735030,3.099999999999999
735197,5.099999999999999
735405,6.099999999999999
735777,6.1000000000000005
736051,4.100000000000001
736310,5.1000000000000005
736532,5.099999999999999
736673,4.099999999999999
736874,4.099999999999999
737144,4.1
737458,6.100000000000001
737660,5.099999999999999
737838,4.1
738048,6.099999999999999
738273,6.099999999999999
738563,5.100000000000001
738760,4.099999999999999
739034,4.1000000000000005
739291,6.1
739499,5.1
739741,6.1
739954,6.099999999999998
740184,6.099999999999999
740420,6.099999999999998
740581,5.099999999999997
740800,5.099999999999999
741007,6.099999999999998
741241,4.099999999999999
741555,6.100000000000001
741745,5.099999999999998
741941,6.099999999999999
742120,4.099999999999999
742266,5.099999999999998
742518,5.099999999999999
742730,5.099999999999997
743004,5.1
743240,6.099999999999999
743616,6.099999999999999
743847,4.099999999999998
744044,5.1
744318,4.100000000000001
744473,4.099999999999999
744636,6.1
745012,5.1000000000000005
745388,6.1
745613,6.099999999999999
745901,6.099999999999998
746096,6.1
746334,5.1
746550,3.0999999999999996
746768,5.1
747058,6.099999999999997
747268,4.099999999999999
747478,5.099999999999999
747770,6.099999999999999
747951,6.099999999999999
748138,4.1
748277,3.099999999999999
748446,4.099999999999999
748688,5.1
748902,6.099999999999999
749121,3.099999999999999
749459,5.100000000000001
749653,5.099999999999999
749829,5.099999999999999
750155,5.1
750381,3.099999999999999
750623,5.099999999999999
750945,5.1000000000000005
751155,4.099999999999999
751409,4.1
751569,4.099999999999999
751767,6.099999999999999
751969,6.1
752162,6.1
752379,4.099999999999998
752581,5.099999999999999
752847,6.1
753038,6.099999999999999
753240,5.099999999999999
753453,5.099999999999999
753657,5.099999999999999
753961,6.099999999999999
754130,5.1
754333,5.099999999999999
754485,5.099999999999998
754725,5.1000000000000005
754941,6.099999999999998
755127,5.1
755346,4.099999999999999
755551,6.1
755729,4.099999999999999
755934,5.099999999999999
756174,5.099999999999999
756374,6.099999999999998
756592,5.099999999999999
756791,6.1
757017,4.1
757250,6.099999999999999
757688,5.100000000000003
757857,6.099999999999998
758147,5.100000000000001
758220,4.1
758460,6.099999999999998
758582,2.099999999999999
758781,5.099999999999999
758974,5.099999999999999
759182,6.1
759297,3.099999999999999
759627,6.1000000000000005
759740,4.099999999999999
759946,4.099999999999999
760150,4.099999999999999
760370,3.099999999999999
760595,5.1
760839,5.1000000000000005
761101,5.099999999999999
761429,6.099999999999999
761647,6.099999999999999
761877,5.099999999999997
762195,5.1
762438,5.1
762623,4.099999999999999
762797,3.099999999999999
763045,5.1000000000000005
763299,6.099999999999998
763589,4.1
763831,5.1
764105,6.099999999999998
764263,3.099999999999999
764436,4.099999999999999
764640,4.099999999999999
764811,3.099999999999999
765039,6.099999999999999
765275,5.1
765448,5.099999999999999
765722,5.1
765883,6.099999999999999
766085,6.099999999999999
766405,6.099999999999998
766685,6.099999999999997
766795,3.099999999999999
767109,6.099999999999999
767320,5.099999999999999
767507,5.099999999999999
767702,4.1
767969,5.099999999999999
768246,4.099999999999997
768441,4.099999999999999
768670,5.099999999999999
768864,2.099999999999999
769029,3.099999999999999
769191,4.099999999999999
769501,5.1000000000000005
769723,5.099999999999999
769982,5.100000000000001
770256,5.099999999999999
770476,3.099999999999999
770683,6.099999999999999
770849,5.099999999999999
771093,6.099999999999998
771152,5.099999999999999
771323,5.099999999999999
771597,4.100000000000001
771963,7.100000000000001
772142,5.099999999999999
772245,4.099999999999999
772468,6.1
772678,5.099999999999999
772899,6.099999999999999
773118,6.099999999999998
773456,4.100000000000003
773662,6.099999999999999
773883,3.1
774109,5.099999999999997
774284,5.1
774472,2.099999999999999
774720,5.099999999999997
774890,5.099999999999999
775148,5.1000000000000005
775588,6.100000000000002
775785,4.099999999999999
775952,6.099999999999999
776192,6.1
776363,4.099999999999999
776701,5.100000000000001
776920,6.099999999999998
777172,5.1
777349,6.1
777603,6.1
777901,6.099999999999998
778105,5.099999999999999
778335,5.1
778492,4.1
778718,5.1000000000000005
778915,6.099999999999999
779101,6.1
779311,6.1
779751,6.100000000000002
779997,4.1
780138,4.099999999999999
780406,6.1
780728,4.100000000000001
780989,6.099999999999998
781294,6.099999999999999
781494,5.099999999999998
781714,6.099999999999999
781928,5.099999999999998
782202,5.1
782411,6.099999999999997
782574,3.099999999999999
782726,3.099999999999999
782930,6.099999999999999
783132,4.099999999999999
783322,5.099999999999999
783372,2.099999999999999
783560,6.099999999999998
783818,5.099999999999999
784055,5.099999999999999
784280,4.1
784482,5.099999999999999
784646,6.1
784803,4.099999999999999
784994,4.099999999999999
785299,6.099999999999998
785449,2.099999999999999
785565,4.099999999999999
785751,5.099999999999999
785948,5.099999999999999
786162,5.099999999999998
786371,6.099999999999999
786577,4.1
786832,4.1
787122,5.099999999999999
787352,4.099999999999999
787578,5.099999999999999
787760,4.1
788184,6.1000000000000005
788398,6.1
788608,4.099999999999999
788806,6.099999999999999
789009,5.099999999999999
789250,6.099999999999998
789425,5.099999999999999
789535,2.099999999999999
789745,5.099999999999999
789922,5.099999999999999
790103,4.1
790312,6.1
790616,4.1000000000000005
790826,5.099999999999999
791014,6.099999999999999
791303,6.099999999999997
791534,6.099999999999999
791846,6.099999999999998
792023,6.099999999999999
792125,5.099999999999999
792303,4.099999999999999
792441,4.099999999999998
792711,5.099999999999998
793049,5.100000000000003
793266,5.1
793469,6.099999999999999
793711,5.1000000000000005
793886,4.099999999999999
794092,5.099999999999999
794382,5.1
794624,5.1
794845,2.099999999999999
795036,4.1
795095,4.099999999999999
795369,6.099999999999999
795637,4.1
795782,6.1000000000000005
796180,5.100000000000003
796439,6.099999999999998
796553,4.099999999999999
796768,3.099999999999999
797014,5.099999999999999
797236,5.099999999999999
797406,5.099999999999999
797712,5.099999999999999
797930,6.099999999999998
798204,5.100000000000001
798393,5.099999999999998
798605,7.1
798752,5.099999999999998
798937,6.1
799136,4.099999999999999
799309,5.099999999999999
799535,4.1
799746,4.1
799903,6.099999999999998
800150,5.1
800315,4.099999999999999
800410,2.099999999999999
800666,5.1
800896,5.1
801108,6.099999999999998
801398,5.1
801590,3.099999999999999
801816,5.1
802022,6.099999999999999
802279,6.099999999999998
802547,6.099999999999999
802817,6.099999999999999
802963,6.099999999999998
803154,5.099999999999999
803326,5.099999999999999
803712,5.100000000000001
803911,4.099999999999999
804217,4.1000000000000005
804472,5.1
804626,4.099999999999999
804825,5.099999999999999
805013,5.1
805304,6.099999999999998
805500,4.099999999999999
805741,5.099999999999999
805913,6.099999999999999
805957,2.1
806117,4.099999999999999
806314,5.099999999999999
806587,6.099999999999997
806859,5.1000000000000005
807103,4.1000000000000005
807369,6.099999999999997
807553,6.099999999999999
807777,5.099999999999999
807934,6.1
808152,6.099999999999999
808359,6.099999999999999
808520,4.099999999999999
808720,5.099999999999997
808908,5.1
809089,5.099999999999999
809298,5.099999999999999
809527,7.1
809695,1.1000000000000003
809868,5.099999999999999
810061,3.099999999999999
810342,5.099999999999999
810536,6.099999999999999
810744,5.099999999999998
810863,2.099999999999999
811146,6.1
811338,5.099999999999998
811492,4.1
811760,6.099999999999998
812050,4.1000000000000005
812149,3.099999999999999
812385,5.1000000000000005
812508,5.099999999999999
812553,2.0999999999999996
812711,3.0999999999999996
812953,5.1000000000000005
813123,5.099999999999999
813328,5.1
813545,4.1
813792,5.099999999999998
814126,6.1000000000000005
814307,3.099999999999999
814459,1.1000000000000003
814685,5.1
815009,6.099999999999999
815210,5.099999999999999
815414,4.099999999999998
815588,6.099999999999999
815784,5.099999999999999
816016,6.099999999999998
816262,6.099999999999999
816654,5.1000000000000005
816889,5.099999999999998
816946,3.099999999999999
817255,6.099999999999998
817695,5.100000000000003
817963,6.1
818209,5.1
818483,5.1
818692,5.099999999999999
818888,6.099999999999999
819081,6.099999999999999
819419,4.1
819650,4.099999999999999
819924,5.1
820101,5.099999999999999
820367,6.099999999999999
820509,5.099999999999999
820666,6.099999999999999
820901,4.1000000000000005
821277,6.1
821589,6.099999999999996
821795,6.099999999999998
822157,5.100000000000001
822388,5.099999999999999
822606,6.099999999999999
822752,4.1
823080,6.100000000000002
823298,6.099999999999999
823570,5.099999999999999
823790,5.1
823977,5.099999999999999
824203,4.1
824460,6.099999999999999
824623,3.099999999999999
824772,3.099999999999999
825005,4.099999999999998
825267,5.099999999999999
825516,5.1000000000000005
825876,6.099999999999999
826046,5.099999999999999
826299,5.099999999999999
826458,2.099999999999999
826679,5.099999999999999
826906,6.099999999999998
827079,6.099999999999999
827236,5.099999999999998
827404,4.099999999999999
827621,4.099999999999998
827856,5.099999999999999
828053,5.099999999999998
828312,5.099999999999999
828501,5.099999999999998
828683,4.1
828823,2.099999999999999
828943,4.099999999999999
829105,5.099999999999999
829379,5.100000000000001
829542,5.099999999999999
829752,5.1
829945,5.099999999999999
830110,5.099999999999999
830464,5.1000000000000005
830632,4.1
830932,6.1000000000000005
831112,5.1
831464,6.1000000000000005
831623,5.099999999999998
831870,6.099999999999998
832096,4.099999999999999
832313,5.099999999999997
832542,5.099999999999999
832731,5.099999999999999
833103,5.100000000000001
833350,3.099999999999999
833519,5.099999999999999
833776,5.099999999999999
833953,3.099999999999999
834167,6.099999999999999
834356,4.099999999999999
834599,5.099999999999999
834784,5.099999999999999
834986,6.099999999999999
835185,3.099999999999999
835349,4.099999999999998
835644,6.1
835840,6.099999999999999
836062,6.099999999999999
836293,6.099999999999998
836474,4.1
836715,5.1
836885,5.099999999999999
837104,5.099999999999999
837341,4.099999999999998
837585,5.099999999999997
837765,5.099999999999999
838002,2.099999999999999
838270,6.099999999999999
838424,6.1
838600,6.1
838854,6.099999999999999
839136,6.099999999999998
839404,6.099999999999998
839616,6.099999999999998
839791,6.099999999999999
839967,6.099999999999999
840241,6.099999999999997
840422,6.099999999999999
840764,4.1000000000000005
841006,5.1
841316,5.099999999999999
841572,6.099999999999999
841849,7.099999999999998
842075,4.1
842347,4.1
842717,5.100000000000002
842965,5.1
843187,5.1
843383,5.099999999999999
843449,4.099999999999999
843735,3.099999999999999
843997,5.099999999999998
844203,5.099999999999997
844443,3.099999999999999
844611,5.099999999999999
844855,6.099999999999998
845052,5.099999999999999
845262,5.099999999999999
845442,6.099999999999999
845708,6.1
845925,5.099999999999999
846241,5.1
846463,6.1
846660,5.099999999999999
846918,5.1000000000000005
847094,6.099999999999999
847294,6.099999999999999
847472,7.099999999999997
847654,5.099999999999999
847810,5.1
848100,5.1
848255,3.099999999999999
848446,3.099999999999999
848673,5.099999999999999
848839,5.099999999999997
849042,6.099999999999998
849248,6.099999999999998
849439,6.099999999999999
849630,6.099999999999999
849880,4.1
850057,6.099999999999999
850267,6.1
850507,5.099999999999998
850755,6.099999999999999
850965,5.1
851242,6.099999999999998
851548,4.100000000000002
851815,3.099999999999999
851968,4.1
852201,5.1
852443,4.099999999999999
852685,5.1
852860,6.099999999999999
853060,4.099999999999999
853382,5.1000000000000005
853477,3.099999999999999
853821,6.099999999999999
854223,2.099999999999999
854370,4.099999999999999
854547,5.1
854719,6.099999999999999
854886,5.099999999999999
855011,5.099999999999999
855215,6.099999999999999
855433,6.099999999999999
855581,2.099999999999999
855821,6.099999999999998
856100,6.1
856269,6.099999999999998
856437,5.1
856600,5.099999999999998
856819,5.099999999999999
857093,5.100000000000001
857382,5.099999999999999
857602,5.099999999999999
857820,5.099999999999998
857970,6.1
858166,4.1
858380,4.099999999999999
858708,6.099999999999999
858998,5.099999999999999
859271,6.099999999999997
859493,6.099999999999998
859726,5.099999999999999
859967,5.1000000000000005
860233,3.099999999999999
860458,6.099999999999996
860764,5.1000000000000005
860959,4.099999999999999
861185,5.1
861455,5.099999999999999
861661,4.099999999999999
862015,5.100000000000001
862271,6.099999999999998
862631,6.1
862855,6.099999999999999
863107,4.1000000000000005
863279,5.1
863553,3.099999999999999
863707,3.099999999999999
863936,5.099999999999999
864165,5.1
864342,5.099999999999999
864555,5.1
864891,7.100000000000001
865100,6.099999999999998
865252,5.1
865429,6.099999999999999
865805,6.1
865976,6.099999999999999
866162,6.1000000000000005
866448,5.1
866636,6.099999999999999
866885,6.1
867078,4.099999999999999
867304,5.1
867614,6.1
867892,5.1
868111,6.099999999999998
868362,6.099999999999999
868577,6.099999999999999
868969,6.1000000000000005
869234,6.1
869480,6.099999999999998
869707,5.099999999999998
870023,6.1
870191,5.099999999999998
870422,6.099999999999999
870602,4.099999999999999
870837,5.099999999999998
870989,5.099999999999999
871289,5.100000000000002
871542,5.099999999999999
871625,3.099999999999999
871793,5.099999999999999
871985,6.099999999999998
872153,5.1
872378,6.099999999999998
872588,4.099999999999999
872791,4.1
873008,5.099999999999999
873189,6.099999999999999
873450,6.099999999999999
873733,6.099999999999997
874028,4.100000000000002
874206,5.099999999999999
874445,6.099999999999999
874637,5.099999999999999
874807,5.1
874971,4.1
875228,6.099999999999998
875668,6.100000000000001
875942,4.1000000000000005
876189,6.099999999999999
876394,5.099999999999998
876608,5.1
876882,5.1000000000000005
877073,5.099999999999999
877284,5.099999999999998
877494,5.099999999999998
877633,5.099999999999999
877845,4.099999999999999
878099,4.1000000000000005
878339,5.1
878535,5.099999999999999
878722,5.099999999999999
878920,4.099999999999999
879205,4.100000000000001
879357,3.099999999999999
879588,6.099999999999999
879851,4.1
880128,5.1
880338,5.099999999999999
880534,5.1
880754,5.099999999999998
880954,4.099999999999999
881132,4.099999999999999
881342,5.099999999999998
881724,6.1
882023,5.099999999999999
882203,5.1
882417,5.1
882691,3.099999999999999
882871,3.099999999999999
883137,5.099999999999998
883335,6.099999999999998
883514,4.1
883778,5.099999999999998
883973,6.1
884193,6.099999999999999
884402,5.099999999999997
884599,5.099999999999999
884855,6.099999999999998
885033,6.099999999999999
885199,6.099999999999999
885388,5.099999999999997
885610,4.1
885847,6.099999999999999
886066,3.0999999999999996
886436,5.100000000000002
886652,4.099999999999999
886861,5.099999999999999
887127,6.1
887350,5.099999999999999
887582,6.099999999999998
887795,5.099999999999998
888005,5.099999999999999
888413,6.1000000000000005
888617,6.099999999999999
888844,6.1
889091,6.099999999999999
889360,4.099999999999998
889592,4.099999999999998
889866,5.1000000000000005
890039,6.1
890316,5.099999999999999
890550,5.1000000000000005
890756,2.1
891180,6.100000000000002
891339,5.099999999999999
891607,3.099999999999999
891824,6.099999999999999
891991,5.099999999999999
892207,5.099999999999999
892475,5.099999999999999
892915,6.100000000000001
893096,6.1
893294,5.1
893482,3.099999999999999
893820,5.100000000000001
893996,6.099999999999999
894302,4.100000000000002
894542,4.1000000000000005
894839,5.1000000000000005
895040,4.1
895330,5.1
895572,5.099999999999999
895761,4.099999999999999
895915,4.1
896087,5.099999999999999
896250,6.099999999999999
896492,1.1
896722,6.099999999999996
896934,6.099999999999997
897187,6.099999999999998
897485,3.0999999999999996
897689,5.099999999999998
897888,6.099999999999999
898097,6.099999999999996
898306,6.099999999999998
898523,6.099999999999999
898703,4.1
898942,5.099999999999998
899159,5.1
899329,5.099999999999999
899721,6.099999999999999
899929,6.099999999999998
900127,5.099999999999998
900284,6.099999999999999
900686,5.100000000000003
900894,6.1
901147,5.1
901318,4.1
901586,6.099999999999999
901766,5.099999999999999
901955,6.099999999999999
902189,4.1000000000000005
902533,6.099999999999998
902720,6.099999999999999
902942,6.099999999999999
903198,4.1000000000000005
903436,5.099999999999998
903748,6.099999999999997
903996,6.099999999999998
904253,2.099999999999999
904458,6.1
904637,6.099999999999999
904975,5.100000000000001
905185,5.099999999999999
905505,6.1
905700,5.099999999999999
905903,5.099999999999999
906225,5.1000000000000005
906499,4.1
906740,6.099999999999997
907030,5.1
907315,6.099999999999999
907739,6.100000000000001
908022,6.099999999999999
908332,6.099999999999999
908533,4.099999999999999
908710,4.099999999999999
908960,4.099999999999999
909138,6.099999999999999
909369,6.099999999999998
909559,5.099999999999997
909724,4.1
910116,6.1
910285,3.0999999999999996
910495,3.099999999999999
910696,6.099999999999999
910884,4.1
911098,5.099999999999998
911343,5.1
911544,5.1
911898,3.099999999999999
912228,4.1
912502,5.099999999999999
912732,6.099999999999999
912971,6.099999999999998
913361,4.100000000000003
913539,6.1
913732,4.099999999999997
913994,5.099999999999999
914154,5.099999999999999
914363,5.099999999999998
914585,6.099999999999999
914824,3.099999999999999
915036,6.099999999999996
915239,6.099999999999999
915427,5.099999999999999
915640,5.099999999999998
915829,4.099999999999999
916068,4.1
916301,6.099999999999998
916501,6.099999999999999
916734,4.1
916905,4.1000000000000005
917154,3.099999999999999
917327,4.1
917634,5.099999999999999
917889,3.099999999999999
918060,5.099999999999998
918244,4.1
918498,4.099999999999999
918768,6.099999999999998
918927,3.099999999999999
919145,6.099999999999998
919349,6.099999999999999
919552,5.099999999999999
919750,4.099999999999997
919964,5.099999999999999
920205,4.099999999999999
920413,5.099999999999999
920583,3.099999999999999
920760,5.1
921003,6.099999999999997
921193,5.1
921349,5.099999999999999
921483,5.1
921693,5.1
921877,5.099999999999999
922089,6.099999999999999
922267,6.099999999999999
922474,6.1
922678,4.099999999999999
922845,4.099999999999999
923121,5.099999999999999
923350,6.099999999999999
923607,6.099999999999998
923764,3.099999999999999
923987,5.1
924224,5.099999999999999
924480,6.099999999999998
924826,6.1000000000000005
925104,4.099999999999999
925290,4.1
925612,5.1000000000000005
925876,4.099999999999999
926184,6.1000000000000005
926379,6.099999999999997
926691,5.099999999999998
926929,5.1
927218,6.099999999999999
927620,4.100000000000003
927824,6.1
928098,4.1000000000000005
928410,6.099999999999998
928600,5.099999999999999
928859,5.099999999999998
929165,5.1000000000000005
929373,6.099999999999999
929591,6.099999999999996
929750,6.099999999999999
930065,6.099999999999996
930270,4.099999999999999
930507,5.1
930742,6.099999999999996
930933,5.099999999999998
931209,6.1
931428,6.099999999999999
931697,6.099999999999998
931779,2.099999999999999
931943,6.1
932133,6.099999999999999
932301,5.1
932492,4.099999999999999
932666,6.099999999999999
932825,5.1
933020,5.099999999999999
933217,6.1
933424,3.099999999999999
933605,6.099999999999999
933832,6.099999999999999
934035,6.099999999999999
934242,5.099999999999999
934449,4.1
934602,3.099999999999999
934811,6.099999999999998
935006,5.099999999999999
935312,5.1000000000000005
935536,5.099999999999999
935711,5.099999999999999
935955,5.1000000000000005
936170,6.099999999999999
936377,6.099999999999999
936628,6.099999999999999
936777,6.1
937067,5.1
937208,5.1
937367,6.099999999999999
937562,6.099999999999998
937757,6.099999999999998
937972,5.1
938172,5.099999999999999
938478,4.1000000000000005
938650,3.099999999999999
938795,4.1
939049,5.099999999999998
939244,5.099999999999999
939449,6.099999999999999
939712,6.099999999999998
939971,5.1
940157,5.099999999999999
940383,6.099999999999998
940583,5.099999999999999
940771,4.099999999999999
940960,6.099999999999999
941153,5.099999999999999
941303,5.099999999999999
941524,4.099999999999999
941716,5.099999999999999
942022,4.1
942317,3.099999999999999
942532,6.099999999999998
942742,4.099999999999999
942952,6.099999999999999
943139,5.1
943368,5.099999999999999
943578,5.099999999999999
943790,3.0999999999999996
943982,4.099999999999998
944310,6.099999999999998
944534,5.099999999999999
944840,4.100000000000001
945047,5.099999999999999
945226,5.099999999999999
945469,6.099999999999998
945814,6.099999999999998
946103,6.099999999999998
946387,6.099999999999998
946614,5.099999999999999
946787,4.1
947061,4.1000000000000005
947250,4.1
947562,6.1000000000000005
947874,6.099999999999999
948105,3.099999999999999
948497,6.1
948720,4.1
948906,3.099999999999999
949149,5.099999999999999
949392,6.099999999999999
949709,6.099999999999999
949914,5.099999999999999
950141,4.099999999999999
950321,6.099999999999999
950600,6.099999999999997
950842,6.099999999999999
951055,6.099999999999997
951226,5.099999999999999
951501,5.100000000000001
951727,6.099999999999998
951933,5.099999999999999
952122,3.099999999999999
952331,6.099999999999998
952473,3.0999999999999996
952685,4.099999999999999
952968,6.099999999999997
953172,6.099999999999999
953374,5.099999999999999
953546,4.1
953912,6.1
954186,5.099999999999999
954399,6.099999999999999
954675,6.099999999999997
954873,5.099999999999998
955111,5.1
955295,5.099999999999999
955517,5.1000000000000005
955762,5.099999999999998
955987,5.099999999999999
956257,5.099999999999999
956481,5.099999999999999
956632,5.1
956843,6.099999999999996
957085,6.099999999999998
957349,6.099999999999997
957603,6.099999999999998
957903,6.099999999999999
958117,5.099999999999999
958379,5.099999999999999
958563,6.099999999999999
958754,6.099999999999998
958968,5.099999999999999
959219,6.099999999999999
959470,5.1
959653,5.1
959838,5.1
960012,5.1
960207,5.099999999999998
960444,5.099999999999998
960644,6.1
960846,6.099999999999999
961068,5.099999999999999
961294,5.099999999999998
961638,6.099999999999999
961848,4.099999999999999
962111,7.099999999999998
962211,4.1
962344,4.099999999999999
962501,5.099999999999999
962758,6.099999999999999
962948,5.099999999999999
963136,2.0999999999999996
963386,4.1
963573,5.099999999999999
963799,5.1
964105,5.1
964305,5.099999999999999
964484,4.1
964812,6.1
964971,4.1
965224,5.100000000000001
965454,5.099999999999999
965608,4.099999999999999
965929,5.1
966109,5.1
966265,6.099999999999999
966507,5.1
966717,5.099999999999999
966948,6.099999999999999
967208,5.099999999999998
967439,5.099999999999999
967613,6.099999999999999
967891,5.099999999999998
968129,5.099999999999997
968330,6.099999999999999
968518,6.1
968677,5.099999999999999
968919,6.099999999999999
969153,5.099999999999999
969350,4.1
969578,6.099999999999997
969758,6.099999999999998
970017,6.099999999999999
970106,2.099999999999999
970322,6.099999999999997
970559,5.099999999999997
970779,6.099999999999999
970969,4.1000000000000005
971243,5.1
971436,6.099999999999999
971739,7.099999999999998
971960,5.099999999999998
972222,5.1000000000000005
972504,5.099999999999998
972683,3.099999999999999
972893,5.099999999999999
973126,5.099999999999999
973319,6.099999999999999
973515,5.099999999999999
973690,6.1
973953,4.1
974119,5.099999999999999
974333,6.099999999999999
974540,3.099999999999999
974776,5.099999999999999
975082,5.1000000000000005
975292,5.099999999999999
975534,4.1
975799,5.099999999999999
976009,6.099999999999999
976185,5.099999999999998
976394,6.099999999999999
976738,6.1
977140,4.100000000000003
977313,4.1
977559,5.099999999999999
977836,5.1
978164,6.1000000000000005
978357,5.099999999999998
978587,5.1
978773,4.099999999999999
979047,5.100000000000001
979268,5.099999999999998
979517,5.1000000000000005
979585,3.099999999999999
979843,4.099999999999998
980081,6.099999999999999
980345,5.099999999999999
980689,4.1
980961,6.099999999999999
981231,5.099999999999997
981425,6.099999999999999
981633,6.099999999999999
981811,6.099999999999999
982078,6.1
982297,6.099999999999998
982524,4.1000000000000005
982750,5.1
982922,4.099999999999999
983358,5.100000000000003
983607,6.099999999999998
983788,5.099999999999999
984018,6.099999999999998
984199,5.1
984370,4.099999999999999
984672,5.1000000000000005
984875,6.1
985072,6.099999999999999
985260,5.1
985566,6.099999999999997
985779,6.099999999999998
985960,5.1
986178,3.099999999999999
986463,5.099999999999998
986720,5.1
986897,5.1
987102,8.1
987256,5.099999999999998
987491,5.1
987781,6.1
988013,6.099999999999999
988237,6.1
988677,7.1
988850,4.1
989060,5.099999999999999
989299,4.099999999999998
989529,5.099999999999998
989865,6.099999999999999
990095,6.1
990296,6.099999999999999
990455,5.099999999999999
990655,5.099999999999999
990816,6.099999999999999
991003,6.099999999999999
991194,4.1
991377,5.099999999999998
991652,4.099999999999999
991849,5.099999999999999
992020,6.099999999999999
992194,6.099999999999999
992439,5.099999999999998
992730,6.099999999999999
993004,4.1
993152,4.1
993381,6.099999999999999
993615,6.1
993859,5.099999999999998
994069,5.099999999999999
994299,5.1
994509,5.099999999999999
994793,6.099999999999997
995056,6.099999999999998
995358,5.1000000000000005
995578,6.099999999999999
995784,6.099999999999999
995992,6.099999999999999
996163,5.099999999999999
996389,6.1
996587,5.099999999999998
996797,4.099999999999999
997012,6.099999999999998
997414,5.100000000000003
997521,4.099999999999998
997784,4.099999999999999
998034,4.1
998332,6.099999999999997
998598,7.1
998786,5.1
998964,5.1
999174,5.099999999999999
999376,5.099999999999999
999714,3.099999999999999
999951,6.099999999999999
1000145,5.1
1000323,4.099999999999998
1000731,6.100000000000002
1001133,5.100000000000003
1001273,5.1
1001611,6.100000000000001
1001759,2.099999999999999
1001915,6.1
1002063,1.1000000000000003
1002304,6.099999999999998
1002491,4.099999999999997
1002780,5.099999999999999
1002990,6.099999999999999
1003165,6.099999999999999
1003366,4.099999999999999
1003608,2.0999999999999996
1003820,5.099999999999998
1003982,5.1
1004195,5.099999999999998
1004385,5.099999999999998
1004527,5.1
1004714,5.099999999999999
1004960,5.099999999999998
1005169,5.099999999999998
1005376,6.1
1005594,5.099999999999999
1005839,4.1
1006055,6.099999999999998
1006235,6.099999999999999
1006413,6.099999999999998
1006713,6.099999999999999
1006883,5.099999999999998
1007119,4.1
1007361,6.1
1007615,6.099999999999999
1007813,4.099999999999999
1007993,5.099999999999999
1008228,5.099999999999999
1008486,6.099999999999998
1008814,6.1
1009030,5.099999999999997
1009263,6.099999999999999
1009489,6.099999999999999
1009720,5.099999999999998
1009960,5.099999999999998
1010162,6.099999999999999
1010468,5.1
1010886,6.1000000000000005
1011090,6.099999999999999
1011175,4.099999999999999
1011350,4.099999999999997
1011576,5.099999999999998
1011840,6.099999999999997
1012076,5.099999999999999
1012266,5.1
1012417,4.099999999999999
1012622,7.099999999999999
1012804,6.099999999999999
1013222,6.100000000000003
1013309,4.099999999999999
1013635,6.099999999999998
1013830,5.099999999999999
1014027,4.1
1014196,6.099999999999999
1014404,6.1
1014599,6.099999999999999
1014776,5.099999999999999
1015009,4.099999999999999
1015251,4.1000000000000005
1015461,4.099999999999999
1015659,6.1
1015935,5.099999999999999
1016124,4.099999999999999
1016298,5.099999999999998
1016539,4.1
1016731,6.099999999999999
1017057,6.099999999999999
1017337,5.099999999999999
1017556,4.099999999999999
1017778,6.099999999999998
1018007,5.1
1018367,6.1
1018715,6.1
1019035,5.099999999999999
1019264,6.099999999999998
1019431,6.099999999999999
1019665,6.099999999999998
1019894,4.099999999999999
1020092,6.099999999999999
1020219,5.099999999999998
1020365,4.1
1020561,6.1
1020825,5.099999999999998
1021019,6.099999999999999
1021186,5.1
1021361,4.1
1021591,6.099999999999997
1021827,5.099999999999998
1022101,5.099999999999999
1022331,5.1
1022524,6.099999999999999
1022780,5.099999999999999
1023022,4.1000000000000005
1023282,4.100000000000001
1023521,6.099999999999998
1023763,4.1
1023934,5.099999999999999
1024136,6.099999999999999
1024526,5.100000000000003
1024896,6.100000000000002
1025099,6.1
1025341,5.1
1025591,5.099999999999997
1025834,6.099999999999998
1025987,5.099999999999999
1026209,5.1
1026490,6.1
1026712,5.099999999999999
1026874,6.1
1027084,5.1
1027306,4.1
1027525,6.099999999999999
1027729,6.099999999999999
1027900,5.099999999999999
1028167,5.099999999999999
1028355,6.099999999999999
1028515,4.099999999999999
1028821,5.1
1029018,6.1
1029269,5.099999999999999
1029485,5.1
1029675,5.099999999999998
1029882,5.099999999999999
1030129,5.099999999999999
1030319,6.099999999999999
1030525,5.099999999999999
1030765,6.099999999999999
1030931,3.099999999999999
1031105,6.1
1031366,5.099999999999998
1031560,5.099999999999999
1031733,4.099999999999997
1031893,5.099999999999999
1032119,4.099999999999999
1032293,4.1
1032484,6.099999999999999
1032728,5.099999999999998
1032971,6.099999999999999
1033272,6.099999999999999
1033484,6.099999999999998
1033700,6.099999999999999
1034005,6.099999999999998
1034190,4.099999999999999
1034398,6.099999999999998
1034563,5.099999999999999
1034774,5.099999999999999
1035112,5.100000000000001
1035278,5.099999999999999
1035372,4.1
1035621,5.099999999999999
1035825,6.1
1036025,5.099999999999999
1036317,6.099999999999999
1036489,5.099999999999999
1036713,6.099999999999998
1036971,6.099999999999998
1037176,6.1
1037366,6.1
1037655,6.099999999999998
1037850,5.099999999999999
1038024,4.099999999999999
1038212,5.099999999999997
1038440,6.099999999999999
1038632,6.099999999999999
1038828,6.1
1039049,7.099999999999998
1039326,6.099999999999998
1039453,5.1
1039641,5.1
1039900,6.099999999999999
1040126,6.1
1040306,4.099999999999998
1040481,5.1
1040752,6.099999999999998
1040947,6.099999999999999
1041138,5.1
1041301,6.099999999999999
1041535,5.1
1041764,6.1
1041962,6.1
1042183,4.1
1042537,5.100000000000001
1042733,6.099999999999999
1042904,4.099999999999999
1043103,5.099999999999999
1043365,4.100000000000001
1043586,5.099999999999999
1043769,6.099999999999998
1043994,5.099999999999999
1044183,4.099999999999999
1044446,6.099999999999999
1044648,6.099999999999998
1044976,6.099999999999998
1045284,6.099999999999998
1045596,6.099999999999998
1045998,6.100000000000003
1046148,6.099999999999998
1046336,5.1
1046712,7.099999999999999
1046939,6.099999999999998
1047347,6.1000000000000005
1047637,7.099999999999998
1047832,5.099999999999999
1048045,5.099999999999998
1048260,6.099999999999998
1048522,5.099999999999999
1048677,4.1
1049019,6.1
1049233,6.1
1049434,6.099999999999999
1049794,6.1
1050092,5.1000000000000005
1050270,6.099999999999999
1050577,5.1
1050869,6.099999999999999
1051045,4.099999999999999
1051278,5.1
1051479,6.099999999999999
1051711,6.099999999999998
1051889,4.099999999999999
1052122,6.1
1052302,4.099999999999999
1052441,5.099999999999999
1052779,6.100000000000001
1052990,6.099999999999999
1053209,6.099999999999999
1053363,4.1
1053613,6.1
1053782,5.1
1054099,6.099999999999998
1054392,6.099999999999999
1054650,5.099999999999999
1054968,5.100000000000001
1055166,4.099999999999999
1055402,6.099999999999998
1055646,6.099999999999998
1055816,5.099999999999999
1055954,2.099999999999999
1056255,6.099999999999999
1056463,4.099999999999999
1056738,5.100000000000001
1056971,6.1
1057205,5.099999999999998
1057395,6.099999999999999
1057771,6.1
1057937,4.099999999999999
1058212,6.099999999999998
1058410,3.099999999999999
1058703,6.099999999999999
1058919,4.099999999999998
1059095,5.099999999999998
1059352,4.100000000000001
1059671,5.100000000000001
1059887,6.1
1060113,5.099999999999999
1060301,6.1
1060533,6.1
1060893,6.1
1061125,5.099999999999999
1061415,5.1
1061584,6.099999999999999
1061762,6.1
1062170,6.1000000000000005
1062322,4.099999999999999
1062533,5.099999999999998
1062750,6.099999999999999
1062958,6.099999999999999
1063130,4.099999999999999
1063364,6.1
1063584,5.1
1063779,6.099999999999999
1063992,4.099999999999999
1064212,4.1
1064508,5.1
1064707,6.099999999999998
1064888,4.099999999999999
1065202,5.099999999999999
1065515,6.1
1065753,6.099999999999998
1065910,2.099999999999999
1066080,5.099999999999997
1066284,4.099999999999999
1066460,4.099999999999999
1066656,6.099999999999999
1066962,5.1
1067178,6.099999999999998
1067401,6.1
1067577,6.099999999999999
1067809,4.1
1068031,5.099999999999999
1068343,6.099999999999998
1068562,6.099999999999998
1068764,5.099999999999999
1068968,5.099999999999999
1069205,6.099999999999998
1069494,5.099999999999999
1069760,6.099999999999997
1069953,5.099999999999998
1070242,5.099999999999999
1070416,6.099999999999999
1070619,6.099999999999999
1070778,4.1
1070994,5.099999999999998
1071195,6.099999999999999
1071512,5.1000000000000005
1071713,5.099999999999999
1071939,4.1
1072111,4.1
1072304,6.099999999999998
1072520,5.099999999999999
1072719,6.099999999999999
1072966,6.099999999999997
1073205,6.099999999999998
1073332,4.099999999999999
1073533,5.1
1073747,6.099999999999999
1073918,6.1
1074109,6.099999999999998
1074343,6.099999999999999
1074521,6.099999999999999
1074715,6.1
1074953,5.099999999999999
1075168,6.099999999999998
1075426,5.1000000000000005
1075608,5.099999999999999
1075895,5.1
1076061,5.099999999999998
1076333,4.099999999999999
1076523,6.099999999999999
1076682,4.099999999999998
1076916,4.099999999999999
1077136,3.099999999999999
1077332,4.099999999999999
1077559,6.099999999999998
1077707,6.1
1078019,6.099999999999999
1078211,4.099999999999999
1078392,4.099999999999999
1078628,6.099999999999998
1078996,4.100000000000001
1079201,6.099999999999997
1079384,5.099999999999999
1079586,4.1
1079796,5.099999999999998
1080130,6.1
1080452,5.1000000000000005
1080640,6.1
1080825,3.099999999999999
1081051,3.099999999999999
1081284,6.099999999999998
1081533,2.0999999999999996
1081714,7.099999999999999
1081970,5.099999999999998
1082180,5.099999999999999
1082351,5.099999999999999
1082552,3.099999999999999
1082757,5.099999999999999
1083117,6.1000000000000005
1083318,6.1
1083518,5.099999999999999
1083716,5.099999999999999
1083912,4.099999999999999
1084136,3.099999999999999
1084411,6.1
1084555,3.099999999999999
1084729,5.1
1084946,6.099999999999999
1085181,3.099999999999999
1085344,6.099999999999997
1085612,3.099999999999999
1086018,6.100000000000001
1086219,6.099999999999999
1086462,5.099999999999999
1086665,4.099999999999999
1086889,6.099999999999999
1087122,6.099999999999999
1087448,6.1
1087671,6.099999999999999
1087859,5.1
1088123,5.099999999999999
1088345,5.099999999999999
1088585,5.099999999999999
1088786,6.099999999999999
1089019,6.099999999999999
1089250,6.099999999999997
1089483,5.099999999999999
1089576,3.099999999999999
1089797,5.099999999999998
1090215,5.100000000000003
1090385,6.099999999999999
1090728,4.100000000000001
1091098,6.100000000000002
1091326,5.099999999999998
1091530,5.099999999999998
1091755,4.1
1092003,5.099999999999997
1092206,5.099999999999999
1092398,5.099999999999998
1092718,6.099999999999999
1092882,5.099999999999998
1092955,2.099999999999999
1093121,4.099999999999999
1093323,5.099999999999999
1093554,5.099999999999999
1093712,6.1
1094120,6.1000000000000005
1094504,3.099999999999999
1094706,6.1
1094923,5.099999999999999
1095149,5.099999999999998
1095343,6.099999999999999
1095481,5.099999999999999
1095725,6.099999999999998
1095976,5.1
1096292,6.099999999999998
1096461,5.099999999999998
1096735,4.1000000000000005
1096976,5.099999999999999
1097239,6.099999999999999
1097318,2.099999999999999
1097545,4.1000000000000005
1097793,5.099999999999999
1097962,2.0999999999999996
1098174,5.1
1098383,4.099999999999999
1098678,6.099999999999999
1098982,6.099999999999997
1099192,4.1
1099413,5.099999999999999
1099650,5.099999999999999
1099990,6.1
1100124,2.099999999999999
1100366,5.1
1100572,4.099999999999999
1100711,4.1
1100898,5.099999999999998
1101097,4.099999999999999
1101344,5.099999999999999
1101593,6.099999999999998
1101870,6.099999999999997
1102143,5.1
1102362,5.099999999999998
1102588,5.099999999999999
1102815,5.099999999999999
1102987,5.099999999999997
1103188,4.099999999999999
1103414,5.099999999999999
1103594,5.099999999999999
1103817,4.1
1104092,6.099999999999999
1104306,6.099999999999999
1104488,4.1
1104700,6.099999999999996
1104901,5.099999999999999
1105120,4.099999999999999
1105335,4.099999999999999
1105554,6.099999999999999
1105840,6.099999999999999
1106033,7.099999999999999
1106196,4.099999999999999
1106413,6.099999999999998
1106617,4.099999999999999
1106950,6.099999999999998
1107320,5.100000000000001
1107563,6.099999999999999
1107757,5.099999999999998
1107972,5.099999999999998
1108133,4.099999999999999
1108322,4.099999999999999
1108583,3.099999999999999
1108850,6.099999999999997
1109042,6.099999999999999
1109418,6.1
1109756,4.100000000000002
1109920,6.1
1110121,6.099999999999999
1110294,6.099999999999999
1110579,5.1
1110805,6.1
1111171,6.100000000000001
1111407,5.099999999999999
1111485,4.1
1111861,6.1
1111936,3.099999999999999
1112210,5.099999999999999
1112424,5.1
1112618,5.099999999999999
1112913,6.099999999999999
1113143,5.099999999999999
1113408,5.099999999999998
1113556,5.099999999999999
1113856,6.099999999999999
1114093,7.099999999999998
1114300,6.1
1114626,6.099999999999998
1114781,5.1
1115071,5.099999999999999
1115287,6.099999999999998
1115677,6.100000000000002
1116003,5.099999999999999
1116196,4.099999999999999
1116388,5.099999999999999
1116623,5.099999999999999
1116808,2.099999999999999
1116981,5.099999999999999
1117161,6.099999999999998
1117501,6.1000000000000005
1117700,4.099999999999998
1118006,5.1
1118256,7.099999999999999
1118442,5.099999999999999
1118683,5.099999999999998
1118873,4.099999999999999
1119227,5.100000000000001
1119328,3.099999999999999
1119508,5.099999999999999
1119685,5.099999999999999
1119977,6.1
1120179,6.099999999999998
1120391,6.099999999999999
1120799,6.100000000000002
1120956,5.099999999999998
1121194,6.099999999999998
1121393,6.099999999999999
1121795,5.100000000000002
1122016,6.099999999999999
1122243,6.099999999999998
1122449,5.099999999999999
1122486,2.099999999999999
1122737,6.099999999999998
1122916,4.1
1123133,5.099999999999999
1123355,5.1
1123531,5.099999999999999
1123822,6.099999999999997
1123996,4.099999999999999
1124215,5.099999999999999
1124452,4.1
1124854,4.100000000000003
1125089,5.099999999999999
1125290,6.099999999999998
1125461,6.1
1125681,6.099999999999999
1125961,3.099999999999999
1126337,6.1
1126542,6.099999999999999
1126756,6.099999999999999
1126976,6.099999999999999
1127215,6.099999999999998
1127400,5.099999999999998
1127802,5.100000000000001
1128112,6.099999999999999
1128482,5.100000000000001
1128651,2.0999999999999996
1128901,4.1
1129129,4.099999999999999
1129483,8.100000000000001
1129746,5.099999999999998
1130019,4.099999999999999
1130234,5.099999999999998
1130352,2.099999999999999
1130561,6.099999999999999
1130715,5.099999999999999
1130971,5.099999999999999
1131153,5.099999999999999
1131417,6.099999999999998
1131607,6.099999999999999
1131784,4.1
1132122,4.100000000000003
1132429,6.099999999999999
1132592,5.099999999999999
1132752,5.099999999999999
1133046,5.099999999999999
1133252,5.099999999999999
1133529,5.099999999999999
1133926,6.1000000000000005
1134148,7.099999999999998
1134416,6.099999999999998
1134587,4.1
1134843,6.099999999999998
1135084,5.099999999999998
1135301,6.099999999999998
1135498,5.099999999999999
1135678,5.099999999999999
1135802,4.099999999999999
1135969,6.099999999999999
1136222,6.099999999999999
1136518,6.099999999999998
1136830,4.099999999999998
1136982,2.099999999999999
1137163,5.099999999999999
1137325,5.1
1137565,5.099999999999999
1137761,4.099999999999999
1138012,6.1
1138213,5.099999999999999
1138426,6.099999999999998
1138672,6.099999999999999
1138863,5.099999999999999
1139185,5.1
1139396,5.1
1139648,6.099999999999997
1139796,5.099999999999999
1140008,6.1
1140346,5.1000000000000005
1140547,6.099999999999999
1140762,5.099999999999998
1140940,6.099999999999999
1141148,5.099999999999999
1141301,3.0999999999999996
1141505,6.099999999999999
1141709,5.099999999999999
1141975,5.1
1142210,4.099999999999998
1142390,6.099999999999999
1142564,4.099999999999999
1142733,5.099999999999999
1143023,6.099999999999999
1143211,2.0999999999999996
1143478,4.1
1143708,6.099999999999997
1144090,6.100000000000001
1144316,7.099999999999998
1144590,5.099999999999999
1144782,5.099999999999999
1144975,5.099999999999998
1145127,5.099999999999999
1145330,6.099999999999999
1145509,3.1
1145690,6.099999999999999
1145892,4.099999999999999
1146079,5.099999999999999
1146388,5.100000000000001
1146587,6.099999999999999
1146783,5.099999999999999
1146988,5.099999999999999
1147287,5.099999999999998
1147561,5.1000000000000005
1147742,4.1000000000000005
1147968,7.099999999999998
1148123,5.1
1148325,6.099999999999999
1148497,5.099999999999998
1148693,6.099999999999997
1148914,5.099999999999999
1149116,6.099999999999999
1149295,6.099999999999999
1149437,2.0999999999999996
1149744,6.099999999999999
1149936,4.1
1150178,5.1000000000000005
1150423,4.1000000000000005
1150668,7.099999999999999
1150878,5.099999999999999
1151101,6.099999999999999
1151412,7.099999999999998
1151618,5.1
1151841,6.099999999999998
1152097,6.1
1152290,5.1
1152512,6.099999999999999
1152681,4.1000000000000005
1152847,5.1
1153128,6.099999999999999
1153299,6.099999999999999
1153477,6.099999999999999
1153696,4.099999999999998
1153900,3.099999999999999
1154102,6.099999999999999
1154347,4.1
1154583,5.099999999999999
1154725,5.099999999999999
1155127,5.100000000000002
1155422,5.1000000000000005
1155623,6.1
1155864,6.099999999999998
1156076,6.099999999999999
1156414,6.1
1156604,6.1
1156791,6.099999999999998
1157215,6.1000000000000005
1157417,7.1
1157580,5.099999999999999
1157759,5.1
1158029,3.099999999999999
1158207,5.099999999999999
1158366,6.099999999999998
1158572,4.099999999999999
1158817,5.1000000000000005
1159064,5.099999999999998
1159297,6.099999999999999
1159494,6.099999999999998
1159725,5.099999999999999
1159928,6.099999999999998
1160098,5.099999999999998
1160276,4.099999999999999
1160496,6.099999999999998
1160706,5.099999999999998
1161009,5.099999999999998
1161204,5.099999999999999
1161498,6.099999999999998
1161772,4.099999999999999
1161958,6.099999999999999
1162235,6.099999999999999
1162562,6.099999999999998
1162691,5.1
1163000,6.099999999999998
1163225,5.1
1163442,5.099999999999999
1163622,6.099999999999999
1163833,6.099999999999997
1164027,5.099999999999998
1164129,5.099999999999998
1164302,6.099999999999999
1164563,5.099999999999999
1164782,3.099999999999999
1164951,5.099999999999998
1165205,5.1
1165427,5.099999999999998
1165671,6.099999999999999
1165896,5.099999999999999
1166123,4.099999999999999
1166336,6.1
1166564,6.099999999999998
1166783,6.099999999999997
1166963,4.1
1167156,5.099999999999999
1167441,6.1
1167633,3.0999999999999996
1167835,5.099999999999999
1168059,6.099999999999998
1168266,6.1
1168421,5.099999999999998
1168601,4.1
1168807,6.1
1169131,6.1000000000000005
1169361,5.1
1169605,5.099999999999999
1169794,6.099999999999999
1170038,3.099999999999999
1170249,3.0999999999999996
1170398,6.1
1170650,6.099999999999998
1170951,6.099999999999996
1171247,6.1000000000000005
1171639,6.1
1171882,4.1000000000000005
1172057,5.099999999999999
1172280,5.1
1172619,6.1
1172935,6.099999999999997
1173177,4.1
1173350,5.099999999999999
1173623,6.099999999999998
1173804,5.099999999999999
1174085,6.099999999999999
1174295,5.1
1174507,6.099999999999997
1174703,3.0999999999999996
1174995,4.099999999999999
1175225,6.099999999999999
1175467,5.1000000000000005
1175697,6.1
1175876,4.099999999999999
1176126,6.099999999999999
1176406,6.099999999999999
1176659,6.099999999999996
1176888,3.099999999999999
1177057,4.099999999999999
1177248,5.099999999999999
1177444,6.099999999999997
1177585,4.099999999999999
1177775,4.099999999999999
1177970,6.099999999999999
1178143,3.099999999999999
1178314,5.1
1178564,6.099999999999996
1178824,6.099999999999999
1179004,6.1
1179219,5.099999999999998
1179460,3.099999999999999
1179671,6.099999999999999
1179875,6.099999999999999
1180179,6.099999999999999
1180501,5.1000000000000005
1180785,6.099999999999997
1180994,4.1
1181206,6.099999999999998
1181386,6.099999999999999
1181659,5.099999999999999
1181840,6.099999999999999
1182016,6.1
1182336,4.100000000000001
1182560,5.1
1182709,3.099999999999999
1182864,5.1
1183020,4.1
1183250,6.099999999999999
1183434,5.099999999999999
1183676,6.099999999999999
1183988,7.099999999999998
1184168,6.099999999999999
1184361,6.099999999999999
1184595,5.1
1184784,5.099999999999999
1185146,6.100000000000001
1185296,4.099999999999998
1185522,5.099999999999999
1185784,4.1000000000000005
1186017,5.099999999999999
1186266,6.099999999999998
1186447,5.099999999999999
1186673,5.1
1186877,5.099999999999999
1187069,5.099999999999998
1187264,4.099999999999999
1187672,6.1
1187878,7.099999999999999
1188096,6.099999999999998
1188281,5.099999999999999
1188449,5.1
1188676,4.1
1188899,6.099999999999996
1189135,6.099999999999996
1189419,6.099999999999999
1189603,6.099999999999999
1189761,6.099999999999997
1189958,5.099999999999999
1190219,5.099999999999999
1190418,5.099999999999998
1190633,6.099999999999999
1190950,5.1
1191328,6.1
1191648,8.100000000000001
1191870,6.099999999999999
1192077,6.099999999999999
1192277,5.1
1192506,6.099999999999999
1192678,3.099999999999999
1192926,5.1
1193182,6.1
1193387,4.1
1193633,5.1000000000000005
1193971,4.100000000000003
1194275,6.099999999999999
1194468,6.1
1194664,5.099999999999999
1194875,6.099999999999996
1195114,5.099999999999999
1195411,5.099999999999998
1195717,5.100000000000001
1195922,6.099999999999998
1196075,3.099999999999999
1196237,6.1
1196444,6.099999999999999
1196650,5.099999999999999
1196868,5.1
1197140,5.099999999999998
1197338,4.099999999999999
1197644,5.1000000000000005
1197850,4.099999999999999
1198023,6.1
1198234,6.099999999999998
1198381,5.099999999999999
1198783,5.100000000000002
1198895,4.099999999999999
1199044,5.099999999999999
1199280,5.099999999999999
1199501,5.099999999999999
1199817,6.1000000000000005
1200123,6.099999999999998
1200322,6.099999999999999
1200521,5.1
1200719,5.099999999999998
1201047,6.099999999999998
1201268,6.099999999999999
1201634,5.100000000000001
1201880,6.099999999999998
1202067,5.099999999999999
1202234,5.1
1202418,5.099999999999999
1202580,5.1
1202829,3.099999999999999
1203068,6.099999999999998
1203270,5.099999999999999
1203437,4.1
1203597,3.099999999999999
1203833,7.099999999999999
1204063,6.1
1204229,5.099999999999999
1204488,6.099999999999999
1204663,5.1
1204875,6.099999999999999
1205199,5.100000000000001
1205402,5.099999999999999
1205569,5.1
1205810,5.099999999999998
1206040,5.099999999999998
1206283,3.099999999999999
1206449,4.099999999999999
1206688,6.099999999999999
1206797,5.099999999999999
1206996,5.099999999999999
1207246,4.099999999999999
1207488,5.1000000000000005
1207706,7.099999999999999
1207959,5.099999999999999
1208169,6.099999999999998
1208347,5.099999999999999
1208571,5.099999999999998
1208815,4.099999999999999
1209089,5.100000000000001
1209329,5.1
1209478,5.1
1209692,6.099999999999998
1209940,6.099999999999999
1210147,6.099999999999999
1210366,5.099999999999999
1210742,6.1
1210914,6.099999999999999
1211085,6.099999999999997
1211280,6.099999999999998
1211467,5.099999999999998
1211748,4.099999999999998
1211944,5.099999999999998
1212171,5.099999999999999
1212268,3.099999999999999
1212542,5.100000000000001
1212726,5.099999999999998
1212896,6.099999999999999
1213097,7.1
1213329,6.099999999999999
1213580,6.1
1213798,6.099999999999999
1214047,4.1000000000000005
1214260,6.099999999999999
1214470,4.1
1214638,5.1
1214858,5.099999999999999
1215094,6.099999999999998
1215274,4.099999999999999
1215435,6.099999999999999
1215704,6.099999999999998
1215969,6.099999999999999
1216243,5.099999999999999
1216464,5.099999999999999
1216637,6.1
1216831,5.099999999999999
1217028,4.1
1217272,5.099999999999998
1217468,6.099999999999999
1217711,6.099999999999996
1217880,6.1
1218074,4.099999999999999
1218514,6.1
1218799,4.099999999999999
1219041,6.099999999999999
1219395,5.100000000000001
1219633,6.099999999999998
1219850,7.099999999999999
1220104,6.099999999999999
1220315,4.099999999999998
1220532,4.099999999999999
1220762,6.099999999999998
1221051,6.099999999999999
1221229,6.099999999999999
1221439,6.099999999999999
1221605,4.1
1221840,6.099999999999998
1221998,5.099999999999999
1222273,6.1
1222547,6.1
1222794,5.099999999999998
1222989,6.099999999999997
1223247,6.099999999999999
1223429,7.1
1223624,6.099999999999999
1223877,6.099999999999996
1224103,5.1
1224399,5.099999999999999
1224687,6.099999999999998
1224909,6.099999999999998
1225136,6.099999999999998
1225363,6.099999999999999
1225569,6.099999999999999
1226009,3.099999999999999
1226177,6.099999999999999
1226374,5.099999999999999
1226553,5.1
1226812,6.099999999999999
1227036,4.099999999999999
1227281,5.1000000000000005
1227533,6.099999999999998
1227711,3.099999999999999
1228023,6.099999999999999
1228315,6.1
1228507,6.1
1228835,6.099999999999998
1229071,6.099999999999999
1229308,6.099999999999997
1229606,4.1000000000000005
1229816,4.099999999999999
1230053,6.099999999999998
1230385,6.099999999999999
1230553,5.099999999999999
1230771,6.099999999999999
1230976,5.099999999999998
1231143,5.099999999999999
1231356,6.099999999999998
1231532,5.1
1231654,3.099999999999999
1231897,6.099999999999999
1232171,4.100000000000001
1232360,4.099999999999999
1232593,6.099999999999999
1232833,7.099999999999999
1233080,6.099999999999998
1233298,5.099999999999999
1233467,5.099999999999997
1233690,6.1
1233965,6.099999999999999
1234144,4.099999999999999
1234348,6.099999999999999
1234657,6.099999999999999
1234913,6.099999999999999
1235133,6.099999999999998
1235399,4.099999999999998
1235613,6.099999999999998
1235810,5.099999999999997
1235965,5.099999999999999
1236184,6.099999999999997
1236429,5.099999999999998
1236635,6.099999999999999
1236824,5.099999999999998
1237021,6.099999999999998
1237278,6.099999999999998
1237479,4.099999999999998
1237699,4.1
1237938,5.099999999999999
1238126,5.099999999999998
1238347,6.099999999999998
1238547,6.099999999999999
1238724,6.099999999999997
1238947,5.1
1239129,6.099999999999999
1239344,5.099999999999999
1239561,6.099999999999999
1239873,3.1
1240145,6.1
1240371,6.099999999999999
1240811,5.100000000000003
1241213,4.100000000000003
1241404,6.099999999999997
1241687,4.1000000000000005
1242021,5.100000000000001
1242223,5.099999999999997
1242477,6.099999999999998
1242704,5.099999999999999
1242903,3.0999999999999996
1243094,6.099999999999999
1243312,5.099999999999997
1243623,6.099999999999998
1243794,5.099999999999999
1243843,4.099999999999999
1244181,4.100000000000003
1244490,4.099999999999998
1244734,6.099999999999999
1244899,5.099999999999999
1245213,6.099999999999999
1245426,6.099999999999998
1245623,3.099999999999999
1245856,6.099999999999999
1246007,5.099999999999999
1246158,4.099999999999999
1246526,6.100000000000001
1246691,6.099999999999999
1247025,6.1
1247273,4.1000000000000005
1247519,5.1
1247697,6.099999999999999
1247875,5.099999999999999
1247933,4.1
1248186,5.099999999999999
1248465,5.099999999999997
1248661,6.099999999999999
1248861,6.1
1249083,6.099999999999999
1249289,5.099999999999997
1249469,5.1
1249693,5.099999999999998
1249963,6.099999999999998
1250154,6.099999999999999
1250414,6.099999999999998
1250637,5.099999999999999
1250867,6.099999999999999
1251173,5.1000000000000005
1251420,6.099999999999998
1251631,6.099999999999998
1251832,6.099999999999999
1252176,6.099999999999999
1252435,6.099999999999998
1252801,6.1
1252984,6.099999999999999
1253138,5.099999999999999
1253392,5.099999999999998
1253605,4.099999999999999
1253806,4.099999999999999
1253982,4.099999999999998
1254193,5.099999999999998
1254419,4.1
1254597,5.099999999999999
1254857,4.099999999999997
1255074,6.099999999999999
1255288,5.1
1255523,5.1
1255694,5.099999999999999
1255988,6.1
1256147,6.1
1256314,5.099999999999999
1256555,7.099999999999997
1256770,6.099999999999998
1257020,6.099999999999997
1257200,5.099999999999998
1257353,3.099999999999999
1257725,5.100000000000003
1257887,5.1
1258327,5.100000000000003
1258517,4.1
1258839,5.1
1259045,6.099999999999999
1259327,6.099999999999998
1259721,6.1000000000000005
1259957,5.099999999999999
1260174,6.099999999999999
1260502,5.1000000000000005
1260723,5.099999999999999
1260915,5.099999999999997
1261071,4.099999999999999
1261267,4.1
1261438,4.099999999999999
1261798,6.099999999999999
1262012,6.1
1262202,5.099999999999999
1262409,6.099999999999999
1262612,6.099999999999999
1262844,4.1
1262958,4.099999999999999
1263114,6.1
1263296,5.1
1263570,5.099999999999999
1263742,6.099999999999999
1263938,5.1
1264156,5.1
1264407,3.0999999999999996
1264697,6.099999999999997
1264915,5.099999999999999
1265094,6.1
1265266,5.099999999999999
1265527,6.099999999999998
1265823,6.099999999999998
1266027,5.099999999999999
1266249,5.099999999999999
1266450,6.1
1266520,5.099999999999999
1266718,5.099999999999998
1266899,5.1
1267079,6.099999999999998
1267294,5.099999999999999
1267507,6.099999999999998
1267695,5.1
1267915,6.1
1268126,6.099999999999999
1268323,5.099999999999998
1268568,5.099999999999999
1268795,5.1000000000000005
1268980,5.099999999999999
1269157,6.099999999999999
1269431,5.1000000000000005
1269721,4.100000000000001
1269932,6.099999999999998
1270117,6.099999999999999
1270360,5.099999999999999
1270495,5.099999999999998
1270656,5.099999999999999
1271016,6.099999999999999
1271243,5.1
1271493,4.1
1271794,5.1000000000000005
1272014,6.099999999999999
1272154,4.099999999999999
1272367,6.099999999999997
1272626,6.099999999999997
1272944,4.099999999999998
1273141,6.099999999999999
1273378,5.1
1273550,6.1
1273731,6.099999999999998
1274005,5.1
1274222,6.099999999999998
1274426,5.099999999999999
1274716,5.099999999999999
1274907,4.099999999999998
1275132,6.099999999999997
1275338,5.1
1275529,5.099999999999999
1275751,5.1
1275915,6.099999999999999
1276131,4.1
1276359,6.099999999999998
1276575,6.099999999999998
1276732,5.099999999999998
1277140,6.100000000000002
1277337,5.099999999999998
1277509,6.099999999999999
1277783,5.099999999999999
1278123,6.1000000000000005
1278461,5.100000000000001
1278674,3.099999999999999
1279052,6.1000000000000005
1279254,6.099999999999999
1279467,5.099999999999999
1279710,6.099999999999995
1279906,3.099999999999999
1280080,6.099999999999999
1280252,5.099999999999999
1280461,7.1
1280647,4.1
1280936,4.099999999999998
1281119,6.099999999999999
1281489,5.100000000000001
1281663,5.099999999999998
1281862,6.099999999999998
1282053,5.099999999999998
1282308,5.099999999999999
1282614,5.099999999999998
1282852,6.1
1283029,6.1
1283367,5.100000000000001
1283581,6.099999999999997
1283788,5.099999999999999
1283956,6.1
1284235,6.099999999999998
1284500,5.1
1284688,4.1
1284886,4.099999999999999
1285150,5.099999999999999
1285328,5.099999999999998
1285577,6.099999999999999
1285799,7.099999999999999
1285975,5.099999999999999
1286197,5.099999999999998
1286423,5.1
1286565,6.1
1286761,6.099999999999999
1286822,2.099999999999999
1287121,6.099999999999999
1287403,6.099999999999997
1287539,5.099999999999999
1287729,6.099999999999999
1287976,7.099999999999998
1288206,6.099999999999999
1288417,5.099999999999999
1288618,5.099999999999999
1288880,6.099999999999999
1289098,6.099999999999996
1289349,6.1
1289559,4.1
1289697,4.099999999999999
1289877,6.099999999999999
1290190,4.1000000000000005
1290408,6.099999999999999
1290650,6.099999999999999
1290840,6.099999999999998
1291009,4.099999999999999
1291264,6.099999999999998
1291406,4.099999999999999
1291659,6.099999999999999
1291933,7.099999999999997
1292215,5.1
1292447,5.099999999999998
1292635,4.1
1292805,5.099999999999999
1292986,6.099999999999999
1293378,6.100000000000001
1293575,5.099999999999999
1293893,6.099999999999998
1294189,6.099999999999999
1294439,5.099999999999997
1294609,6.1
1294811,5.099999999999999
1295032,5.099999999999999
1295348,6.099999999999999
1295506,3.099999999999999
1295763,5.1000000000000005
1295907,6.099999999999998
1296074,7.099999999999998
1296297,4.099999999999999
1296502,5.099999999999999
1296694,5.1
1296868,6.099999999999999
1297037,5.099999999999999
1297234,4.1
1297407,5.099999999999999
1297649,6.1
1297806,5.099999999999999
1298042,6.099999999999999
1298234,6.099999999999999
1298491,7.099999999999998
1298668,5.099999999999999
1298856,4.1
1299090,6.1
1299416,6.1
1299622,6.099999999999999
1299918,6.1
1300128,5.099999999999998
1300300,5.099999999999998
1300646,4.100000000000001
1301086,6.100000000000002
1301229,4.1
1301401,5.1
1301625,6.099999999999998
1301782,4.099999999999998
1302068,7.1
1302278,6.099999999999998
1302435,6.099999999999999
1302612,5.099999999999999
1302779,6.099999999999999
1303048,5.099999999999999
1303310,6.099999999999998
1303511,6.099999999999998
1303778,6.099999999999998
1303982,6.099999999999999
1304219,6.099999999999999
1304455,6.1
1304649,6.099999999999998
1304815,6.099999999999999
1305017,4.099999999999998
1305183,6.099999999999999
1305398,6.099999999999998
1305618,5.099999999999999
1306048,6.100000000000002
1306320,5.099999999999998
1306579,4.1
1306795,4.099999999999999
1307014,6.099999999999999
1307256,5.1
1307470,6.1
1307792,6.1000000000000005
1307952,4.099999999999999
1308235,6.099999999999998
1308452,6.099999999999998
1308671,5.1
1308869,5.099999999999999
1309130,5.1
1309365,6.099999999999998
1309594,6.099999999999998
1309763,5.1
1309932,6.1
1310095,3.0999999999999996
1310320,6.099999999999998
1310533,5.099999999999999
1310759,5.099999999999999
1310938,6.099999999999998
1311139,6.099999999999999
1311301,5.099999999999999
1311607,5.1
1311785,6.1
1312010,5.099999999999999
1312207,6.1
1312385,4.1
1312591,6.099999999999999
1312738,3.099999999999999
1313023,6.099999999999997
1313264,6.099999999999997
1313442,5.099999999999999
1313711,7.099999999999997
1313956,5.099999999999999
1314189,5.099999999999997
1314390,6.1
1314586,5.099999999999999
1314856,6.099999999999998
1315104,6.099999999999998
1315267,7.099999999999998
1315436,6.099999999999999
1315780,6.099999999999999
1316035,4.099999999999999
1316317,3.099999999999999
1316723,7.1000000000000005
1316989,3.099999999999999
1317201,6.1
1317413,4.1
1317585,5.099999999999999
1317809,5.099999999999998
1318199,6.1000000000000005
1318438,6.099999999999996
1318704,5.099999999999999
1318882,6.1
1319065,5.099999999999999
1319389,6.1
1319523,5.099999999999998
1319696,6.099999999999998
1319942,5.1
1320087,4.099999999999999
1320256,6.099999999999999
1320430,5.099999999999998
1320648,5.099999999999999
1320893,5.1
1321117,6.099999999999999
1321340,5.099999999999998
1321670,5.1000000000000005
1321912,5.1
1322128,7.099999999999999
1322420,6.1
1322637,5.099999999999998
1322926,5.1
1323350,5.100000000000003
1323615,6.099999999999997
1323911,5.1000000000000005
1324095,5.1
1324304,6.099999999999999
1324602,6.099999999999999
1324872,7.099999999999998
1325096,5.099999999999999
1325265,5.099999999999997
1325412,5.1
1325718,5.099999999999999
1325928,6.1
1326117,5.099999999999997
1326337,5.099999999999998
1326579,6.099999999999998
1326796,6.1
1326994,5.099999999999999
1327135,5.099999999999999
1327415,6.1
1327659,6.099999999999998
1327869,6.1
1328136,6.099999999999998
1328318,6.099999999999999
1328629,6.099999999999999
1328840,6.099999999999998
1329106,5.100000000000001
1329266,5.099999999999998
1329486,6.1
1329717,4.1000000000000005
1329876,6.099999999999999
1330058,5.099999999999999
1330402,6.099999999999999
1330575,6.1
1330752,6.099999999999997
1331018,6.1
1331394,6.1
1331588,6.099999999999998
1331786,5.099999999999999
1332027,6.099999999999999
1332218,7.099999999999999
1332459,5.099999999999998
1332608,6.099999999999998
1332845,7.099999999999998
1333042,5.099999999999999
1333279,5.1
1333481,6.099999999999998
1333725,6.099999999999998
1333887,6.099999999999999
1334173,3.099999999999999
1334412,6.099999999999999
1334586,6.099999999999999
1334768,6.099999999999999
1334975,6.099999999999999
1335206,5.099999999999999
1335428,5.099999999999999
1335613,6.1
1335839,4.1
1336077,6.099999999999999
1336248,6.099999999999999
1336523,4.1000000000000005
1336765,7.099999999999999
1336948,4.099999999999999
1337151,5.1
1337479,5.099999999999999
1337705,6.099999999999998
1337881,6.099999999999999
1338099,4.099999999999997
1338325,5.1
1338528,6.099999999999999
1338752,6.099999999999999
1339022,6.099999999999999
1339229,5.099999999999999
1339440,4.099999999999999
1339601,3.099999999999999
1339923,5.1
1340198,6.1000000000000005
1340273,4.1
1340468,6.099999999999999
1340844,6.099999999999999
1341059,5.099999999999999
1341220,4.1
1341406,6.099999999999999
1341572,6.099999999999999
1341684,4.099999999999999
1341900,5.1
1342044,5.099999999999998
1342358,6.099999999999999
1342491,4.1
1342770,6.099999999999998
1342898,5.099999999999999
1343162,7.099999999999995
1343450,6.099999999999998
1343610,6.099999999999999
1344002,6.1000000000000005
1344174,6.099999999999999
1344364,5.099999999999999
1344589,6.099999999999999
1344879,6.099999999999999
1345085,4.099999999999999
1345277,2.099999999999999
1345521,5.1
1345712,3.099999999999999
1345940,5.1000000000000005
1346143,4.099999999999999
1346406,6.099999999999999
1346714,6.099999999999999
1346943,6.099999999999998
1347150,5.099999999999999
1347362,5.1
1347594,4.099999999999999
1347792,6.099999999999998
1348029,6.099999999999998
1348204,5.099999999999999
1348438,4.099999999999999
1348703,6.099999999999997
1348925,5.099999999999999
1349105,5.099999999999998
1349313,2.0999999999999996
1349480,4.099999999999999
1349766,5.1
1349966,6.099999999999999
1350153,6.099999999999999
1350425,5.099999999999999
1350601,6.099999999999999
1350801,6.1
1350933,6.099999999999998
1351174,6.099999999999999
1351411,5.099999999999999
1351677,5.1
1351874,7.1
1352089,6.099999999999998
1352427,6.1
1352722,4.1000000000000005
1352934,5.099999999999999
1353180,6.099999999999997
1353386,2.099999999999999
1353639,5.099999999999999
1353888,6.099999999999998
1354098,5.1
1354249,6.099999999999999
1354442,6.1
1354695,6.099999999999999
1354885,6.099999999999999
1355213,6.099999999999999
1355389,6.099999999999999
1355635,6.099999999999999
1355821,6.1
1355998,5.099999999999999
1356203,7.099999999999998
1356419,6.099999999999999
1356689,7.1
1356879,5.099999999999999
1357072,5.099999999999999
1357312,4.099999999999999
1357556,7.099999999999997
1357725,6.099999999999999
1357904,5.1
1358064,5.099999999999999
1358277,4.1
1358501,6.099999999999999
1358734,5.099999999999998
1358960,5.099999999999998
1359183,6.099999999999998
1359400,7.1
1359608,5.099999999999999
1359857,5.099999999999998
1360052,5.099999999999999
1360220,6.1
1360488,5.099999999999999
1360832,6.099999999999998
1361078,6.099999999999997
1361268,6.099999999999999
1361470,5.099999999999999
1361771,6.099999999999997
1361974,6.1
1362189,5.099999999999999
1362399,4.099999999999999
1362668,6.099999999999998
1362900,4.1000000000000005
1363083,6.099999999999999
1363327,6.099999999999998
1363533,5.099999999999998
1363794,6.099999999999998
1364023,5.099999999999999
1364200,4.099999999999999
1364455,4.099999999999999
1364739,7.099999999999999
1364897,6.099999999999999
1364937,3.099999999999999
1365157,6.099999999999999
1365357,4.099999999999999
1365601,6.099999999999999
1365853,6.099999999999999
1366060,6.099999999999996
1366349,6.099999999999999
1366544,6.099999999999998
1366613,4.099999999999999
1366826,5.099999999999999
1367085,6.099999999999997
1367241,6.1
1367562,6.099999999999998
1367803,6.099999999999998
1368196,7.100000000000002
1368536,7.1000000000000005
1368773,5.099999999999999
1369123,5.100000000000001
1369279,5.1
1369515,6.1000000000000005
1369705,4.099999999999999
1369903,6.099999999999999
1370103,6.099999999999999
1370283,5.099999999999999
1370511,6.099999999999998
1370733,6.099999999999999
1370982,6.099999999999998
1371225,7.1
1371643,6.100000000000002
1371814,4.099999999999998
1372001,5.099999999999998
1372226,4.099999999999998
1372448,6.099999999999999
1372721,6.099999999999999
1372939,6.099999999999998
1373168,6.099999999999999
1373384,5.099999999999999
1373570,5.099999999999998
1373724,3.099999999999999
1373977,6.099999999999999
1374401,6.100000000000002
1374706,6.099999999999997
1374927,5.099999999999999
1375132,6.099999999999999
1375391,7.099999999999998
1375655,7.1
1375819,6.099999999999999
1375971,5.1
1376206,3.099999999999999
1376394,4.099999999999999
1376575,5.099999999999999
1376778,4.1
1376997,6.099999999999998
1377185,6.1
1377354,4.1
1377528,5.099999999999999
1377733,6.099999999999999
1377886,6.099999999999999
1378091,6.099999999999999
1378314,7.099999999999999
1378644,6.100000000000002
1378884,4.099999999999999
1379128,7.099999999999996
1379304,5.1
1379514,4.1
1379727,6.099999999999999
1379854,2.099999999999999
1380027,5.099999999999997
1380252,5.099999999999998
1380499,5.099999999999998
1380662,4.099999999999999
1380932,5.099999999999999
1381144,5.099999999999998
1381361,7.099999999999998
1381556,5.099999999999998
1381724,4.1
1381905,5.1
1382075,6.099999999999998
1382254,6.099999999999999
1382539,6.099999999999998
1382763,6.099999999999999
1382979,4.099999999999999
1383371,6.1
1383651,6.099999999999999
1384018,6.100000000000001
1384220,5.1
1384480,6.099999999999999
1384824,6.099999999999999
1384992,6.099999999999999
1385201,5.099999999999998
1385418,5.1
1385567,3.099999999999999
1385744,5.099999999999997
1385964,5.1
1386161,4.1
1386370,6.099999999999998
1386618,6.099999999999999
1386846,6.099999999999998
1387158,6.099999999999998
1387335,5.099999999999999
1387588,6.099999999999998
1387774,6.099999999999999
1387987,5.099999999999999
1388254,5.099999999999998
1388463,6.099999999999999
1388621,5.099999999999998
1388906,5.100000000000001
1389236,7.1
1389580,6.1
1389765,5.099999999999999
1389979,4.1
1390158,5.099999999999999
1390348,5.099999999999999
1390542,6.099999999999999
1390718,5.1
1390898,6.1
1391223,6.1000000000000005
1391631,6.100000000000001
1391879,6.099999999999998
1392137,6.099999999999999
1392363,4.099999999999999
1392530,5.099999999999999
1392732,4.1
1393043,5.1
1393233,7.099999999999999
1393385,4.099999999999999
1393643,6.099999999999999
1393894,5.1
1394062,5.099999999999999
1394330,6.099999999999999
1394568,5.099999999999999
1394774,6.099999999999998
1394984,6.099999999999999
1395212,6.099999999999999
1395431,5.099999999999999
1395637,6.099999999999999
1395813,4.099999999999999
1396038,6.099999999999998
1396218,6.099999999999999
1396444,5.1
1396657,6.099999999999998
1396947,5.099999999999999
1397184,6.099999999999997
1397345,5.099999999999999
1397552,5.099999999999999
1397808,5.099999999999998
1397965,5.099999999999999
1398126,6.099999999999999
1398434,5.100000000000001
1398684,5.099999999999999
1398929,7.099999999999999
1399093,5.099999999999999
1399405,6.099999999999998
1399598,6.099999999999999
1399811,4.099999999999999
1400082,5.099999999999998
1400401,6.1000000000000005
1400753,6.1
1401095,6.1
1401295,6.1
1401537,4.1
1401742,2.099999999999999
1401962,6.099999999999999
1402171,5.099999999999998
1402381,5.099999999999998
1402650,6.099999999999999
1403024,7.1
1403307,6.099999999999999
1403543,4.1000000000000005
1403762,7.1
1403916,5.099999999999999
1404119,5.099999999999999
1404325,5.099999999999999
1404555,6.099999999999999
1404752,7.099999999999999
1404966,6.1
1405109,4.099999999999999
1405299,6.099999999999997
1405554,6.099999999999999
1405716,6.1
1405945,6.099999999999999
1406000,5.099999999999999
1406208,6.099999999999999
1406438,7.099999999999999
1406670,5.099999999999998
1406837,5.099999999999999
1407044,6.099999999999999
1407339,5.099999999999999
1407552,6.099999999999998
1407769,3.099999999999999
1408050,6.099999999999997
1408332,5.1000000000000005
1408526,4.1
1408733,6.099999999999998
1408979,6.099999999999998
1409129,5.1
1409356,6.099999999999999
1409583,6.099999999999999
1409792,5.099999999999999
1410008,5.099999999999998
1410259,6.099999999999998
1410428,7.099999999999999
1410812,7.1000000000000005
1410983,6.099999999999999
1411312,6.1
1411503,5.099999999999999
1411653,5.099999999999999
1411872,6.099999999999998
1412038,4.1
1412206,5.099999999999999
1412404,6.099999999999999
1412554,6.099999999999999
1412729,5.099999999999999
1412892,4.099999999999999
1413069,4.1
1413244,6.099999999999999
1413424,5.099999999999999
1413669,5.1
1413863,6.099999999999999
1414181,6.1
1414473,7.1
1414697,5.099999999999998
1414835,5.099999999999998
1415046,3.099999999999999
1415264,6.099999999999999
1415449,6.099999999999998
1415675,6.099999999999998
1415847,5.099999999999999
1416100,6.099999999999999
1416400,6.1
1416640,5.1000000000000005
1416854,6.099999999999997
1417063,5.1
1417202,5.1
1417452,6.099999999999998
1417634,4.1
1417844,5.099999999999999
1418018,6.099999999999999
1418209,6.099999999999998
1418446,5.099999999999999
1418655,7.099999999999998
1418775,3.099999999999999
1418888,4.099999999999999
1419302,6.1000000000000005
1419493,6.099999999999999
1419729,5.099999999999999
1419881,5.099999999999999
1420119,6.099999999999998
1420286,6.1
1420459,6.099999999999999
1420728,5.099999999999999
1420917,5.099999999999999
1421220,6.1
1421437,5.099999999999999
1421615,6.1
1421873,6.099999999999998
1422107,4.099999999999999
1422334,6.099999999999999
1422621,7.099999999999999
1422857,5.099999999999998
1422962,2.099999999999999
1423126,4.099999999999999
1423348,5.099999999999999
1423565,6.1
1423759,4.099999999999999
1423934,5.099999999999999
1424206,5.099999999999998
1424411,6.099999999999999
1424616,5.1
1424857,6.099999999999998
1425030,5.099999999999999
1425193,5.099999999999999
1425410,6.1
1425691,8.1
1425950,5.099999999999998
1426202,6.099999999999999
1426424,6.099999999999998
1426626,5.099999999999999
1426806,5.099999999999999
1426992,5.099999999999999
1427238,6.099999999999999
1427439,6.099999999999999
1427671,5.099999999999998
1427941,6.099999999999998
1428129,6.099999999999999
1428381,5.1
1428565,5.099999999999999
1428777,4.1
1429028,5.099999999999999
1429253,5.099999999999998
1429543,6.1
1429784,6.099999999999997
1430060,5.1000000000000005
1430335,6.099999999999999
1430531,5.1
1430761,5.099999999999999
1430967,6.099999999999999
1431185,5.099999999999998
1431404,6.099999999999998
1431650,5.1
1431908,6.099999999999998
1432118,7.099999999999999
1432340,5.1
1432571,6.099999999999998
1432819,6.099999999999998
1433011,6.099999999999999
1433217,6.1
1433405,5.1
1433654,4.099999999999998
1434094,5.100000000000003
1434371,6.099999999999995
1434660,6.1
1434966,6.099999999999999
1435172,4.099999999999999
1435388,5.099999999999999
1435626,7.1
1435835,5.099999999999999
1436130,5.1
1436404,5.099999999999999
1436578,6.1
1436916,6.100000000000003
1437133,6.099999999999999
1437354,6.099999999999998
1437565,5.099999999999998
1437829,5.099999999999998
1438141,6.099999999999998
1438326,4.099999999999999
1438558,6.099999999999999
1438869,6.1000000000000005
1439023,3.099999999999999
1439316,6.099999999999999
1439587,5.099999999999999
1439790,6.099999999999999
1440080,6.099999999999998
1440370,5.099999999999999
1440610,5.1
1440996,6.100000000000001
1441227,6.099999999999999
1441501,6.1
1441640,3.099999999999999
1441794,4.099999999999999
1441972,6.099999999999999
1442150,6.099999999999998
1442337,5.099999999999999
1442561,6.099999999999999
1442734,6.099999999999999
1442926,6.099999999999999
1443140,5.099999999999999
1443357,5.099999999999999
1443558,6.099999999999999
1443886,6.1000000000000005
1444108,4.099999999999999
1444280,5.099999999999999
1444463,3.0999999999999996
1444619,6.1
1444800,6.099999999999999
1444972,6.099999999999999
1445198,6.099999999999998
1445477,6.099999999999997
1445703,5.099999999999999
1446079,6.1000000000000005
1446289,6.099999999999999
1446514,5.1
1446747,6.099999999999998
1446960,6.1
1447152,5.099999999999999
1447358,3.0999999999999996
1447634,5.1
1447917,6.1
1448117,6.099999999999999
1448381,5.1
1448583,4.099999999999999
1448789,6.099999999999999
1448958,6.099999999999999
1449178,6.099999999999998
1449382,6.099999999999999
1449578,6.099999999999998
1449750,6.099999999999999
1449992,5.099999999999999
1450220,6.099999999999999
1450493,4.1
1450714,6.099999999999998
1450894,4.099999999999999
1451123,6.099999999999998
1451294,6.099999999999998
1451568,5.099999999999999
1451771,6.099999999999999
1452017,5.1
1452168,5.099999999999999
1452463,7.099999999999999
1452654,5.099999999999998
1452855,7.099999999999999
1453110,5.099999999999998
1453360,5.099999999999998
1453574,5.099999999999999
1453753,6.099999999999999
1453932,5.099999999999999
1454131,5.099999999999999
1454527,6.1000000000000005
1454682,5.1
1454942,5.1000000000000005
1455015,4.099999999999999
1455183,6.099999999999998
1455416,6.099999999999999
1455740,6.099999999999999
1455992,6.099999999999998
1456204,5.1
1456418,6.099999999999999
1456575,4.099999999999999
1456747,5.099999999999997
1456941,5.099999999999998
1457108,5.099999999999999
1457315,6.1
1457535,4.099999999999999
1457716,6.1
1458108,6.1
1458311,4.099999999999999
1458573,4.1
1458802,6.1
1459016,6.099999999999999
1459220,6.099999999999999
1459391,5.1
1459586,5.099999999999998
1459765,5.1
1459964,6.099999999999999
1460141,7.099999999999999
1460373,6.099999999999999
1460566,6.099999999999998
1460742,6.099999999999999
1460981,6.1
1461205,6.099999999999999
1461407,6.099999999999999
1461622,6.099999999999998
1461816,4.1000000000000005
1462017,6.099999999999999
1462268,6.099999999999999
1462499,7.099999999999999
1462722,6.099999999999999
1463024,7.099999999999998
1463215,4.099999999999999
1463468,6.099999999999999
1463668,5.099999999999998
1463871,6.099999999999999
1464225,5.100000000000001
1464569,6.099999999999997
1464774,6.099999999999997
1464964,6.099999999999998
1465366,6.1000000000000005
1465603,6.099999999999998
1465915,6.100000000000001
1466125,6.099999999999999
1466311,6.099999999999998
1466472,6.099999999999999
1466644,5.099999999999999
1466947,5.1
1467181,6.099999999999997
1467381,5.099999999999999
1467629,6.099999999999998
1467852,5.099999999999998
1468126,6.099999999999998
1468315,6.099999999999998
1468511,6.099999999999998
1468743,6.099999999999998
1468941,3.099999999999999
1469166,6.099999999999999
1469389,6.099999999999999
1469605,5.099999999999999
1469806,6.1
1470015,6.099999999999998
1470251,6.099999999999998
1470450,6.099999999999999
1470642,6.099999999999998
1470852,5.099999999999997
1470969,5.1
1471196,6.099999999999999
1471375,6.099999999999999
1471559,4.099999999999999
1471762,5.1
1471972,4.1
1472194,5.099999999999997
1472504,5.099999999999996
1472800,6.1000000000000005
1473009,7.099999999999999
1473239,4.1
1473456,6.099999999999999
1473744,6.099999999999997
1473955,5.099999999999998
1474114,6.099999999999999
1474318,6.099999999999999
1474539,5.099999999999998
1474811,7.099999999999999
1475024,4.099999999999999
1475193,6.099999999999999
1475399,6.1
1475595,6.099999999999999
1475878,6.1000000000000005
1476085,4.099999999999999
1476246,5.099999999999999
1476436,6.099999999999999
1476656,5.099999999999999
1477058,5.100000000000001
1477231,5.1
1477493,4.1
1477664,3.099999999999999
1477976,4.099999999999998
1478140,5.099999999999999
1478530,7.100000000000001
1478732,6.099999999999999
1478925,5.099999999999998
1479309,6.100000000000001
1479547,6.099999999999998
1479831,5.099999999999997
1480103,6.099999999999998
1480322,6.099999999999997
1480568,6.1
1480767,5.099999999999999
1480940,5.099999999999998
1481108,6.099999999999999
1481264,3.099999999999999
1481490,6.099999999999997
1481662,6.099999999999997
1481876,5.099999999999999
1482252,6.100000000000001
1482520,6.099999999999998
1482783,4.099999999999999
1482957,2.099999999999999
1483212,6.099999999999998
1483491,7.099999999999999
1483760,6.099999999999999
1483962,4.1
1484273,6.099999999999999
1484528,6.099999999999997
1484716,6.1
1484943,4.099999999999999
1485147,4.099999999999999
1485358,6.099999999999998
1485609,6.099999999999999
1485833,6.099999999999999
1486067,6.099999999999999
1486257,5.1
1486587,6.099999999999998
1486745,7.099999999999999
1486916,5.099999999999999
1487067,5.099999999999999
1487258,4.099999999999999
1487475,6.099999999999998
1487706,5.099999999999998
1487896,5.099999999999999
1488213,6.099999999999998
1488386,6.1
1488662,7.099999999999998
1489032,5.100000000000001
1489226,5.099999999999998
1489423,5.099999999999998
1489611,5.1
1489794,6.099999999999999
1490021,4.1
1490283,5.099999999999999
1490450,6.099999999999999
1490661,4.099999999999999
1490930,6.099999999999998
1491147,4.099999999999999
1491361,6.099999999999998
1491777,6.100000000000002
1492019,5.099999999999999
1492212,5.099999999999998
1492518,5.1000000000000005
1492717,4.099999999999999
1492927,6.099999999999997
1493157,6.099999999999997
1493357,6.099999999999999
1493618,5.099999999999999
1493860,5.099999999999998
1494059,5.099999999999999
1494258,6.099999999999999
1494450,6.099999999999999
1494597,5.099999999999999
1494823,6.099999999999998
1495029,6.099999999999999
1495070,2.099999999999999
1495305,6.099999999999999
1495500,8.1
1495794,8.100000000000001
1495991,7.099999999999999
1496185,5.099999999999999
1496517,6.1
1496744,7.1
1496939,5.099999999999999
1497128,5.1
1497379,5.099999999999997
1497697,6.1
1497918,6.099999999999999
1498160,5.1
1498401,6.099999999999999
1498777,6.1
1498991,5.1
1499194,6.099999999999997
1499530,4.1
1499834,6.1000000000000005
1500109,6.099999999999998
1500305,6.1
1500494,6.099999999999999
1500795,5.1
1501023,6.099999999999998
1501233,5.1
1501394,5.1
1501601,7.099999999999997
1501855,5.099999999999998
1502067,4.1
1502368,5.099999999999999
1502579,5.099999999999999
1502801,5.1
1503149,6.100000000000001
1503369,5.1
1503575,6.099999999999999
1503789,6.1
1504047,5.1
1504220,5.099999999999999
1504433,6.099999999999999
1504657,5.099999999999998
1504888,6.099999999999998
1505094,5.099999999999999
1505297,5.099999999999999
1505451,5.1
1505799,5.1
1505984,6.099999999999999
1506268,6.099999999999998
1506469,6.099999999999999
1506669,6.099999999999999
1506927,5.1
1507171,6.099999999999998
1507487,6.099999999999998
1507865,6.100000000000001
1508059,6.099999999999999
1508362,6.099999999999999
1508626,6.099999999999999
1508860,5.1
1509100,6.099999999999998
1509301,5.099999999999999
1509481,6.1
1509711,6.099999999999999
1509896,4.099999999999999
1510090,6.099999999999999
1510284,5.099999999999999
1510477,4.099999999999998
1510682,5.099999999999999
1510928,8.1
1511146,5.099999999999999
1511426,6.099999999999999
1511617,6.099999999999999
1511796,6.099999999999998
1512075,6.099999999999997
1512351,6.099999999999999
1512568,5.099999999999999
1512770,6.099999999999999
1513024,5.099999999999998
1513269,5.1
1513506,6.099999999999997
1513731,6.1
1513906,6.1
1514134,4.1
1514372,5.099999999999998
1514570,5.099999999999997
1514746,6.099999999999999
1514950,4.099999999999999
1515195,6.099999999999998
1515453,6.1
1515711,5.1000000000000005
1515904,6.099999999999999
1516163,6.099999999999999
1516361,6.099999999999999
1516569,5.1
1516838,6.099999999999998
1517117,6.099999999999998
1517333,5.1
1517669,5.099999999999999
1517850,5.099999999999998
1518094,5.099999999999997
1518353,6.099999999999998
1518593,6.099999999999996
1518795,3.099999999999999
1519105,6.099999999999998
1519307,5.1
1519556,7.099999999999997
1519744,5.1
1520021,6.099999999999999
1520317,6.1000000000000005
1520481,6.099999999999998
1520705,5.099999999999999
1520874,2.099999999999999
1521045,6.099999999999999
1521256,6.099999999999999
1521457,5.099999999999999
1521688,7.099999999999998
1521870,6.1
1522106,6.099999999999999
1522311,6.099999999999998
1522751,5.100000000000003
1523055,6.1
1523361,5.1
1523603,5.099999999999999
1523819,7.099999999999998
1524048,6.099999999999999
1524245,6.099999999999998
1524467,5.099999999999999
1524712,5.099999999999998
1524972,5.099999999999997
1525306,5.100000000000001
1525585,6.099999999999997
1525827,5.1000000000000005
1526088,5.1
1526280,4.1
1526427,5.099999999999998
1526590,4.1
1526761,6.099999999999999
1527033,6.099999999999999
1527208,6.099999999999999
1527421,6.099999999999997
1527605,6.099999999999999
1527775,5.099999999999999
1527980,6.1
1528170,6.099999999999999
1528426,7.099999999999998
1528685,7.099999999999998
1528921,6.1
1529119,5.1
1529340,5.099999999999998
1529504,4.099999999999999
1529731,6.099999999999999
1529909,6.1
1530089,6.099999999999999
1530292,6.099999999999999
1530498,7.099999999999998
1530703,4.1
1530895,4.099999999999999
1531042,5.099999999999999
1531217,5.099999999999999
1531485,5.099999999999999
1531697,5.1
1531868,5.099999999999999
1532083,6.099999999999998
1532283,5.099999999999999
1532564,6.1
1532775,6.099999999999998
1533003,5.099999999999999
1533183,6.099999999999998
1533346,6.099999999999998
1533534,4.099999999999998
1533787,5.099999999999999
1534030,6.099999999999998
1534246,7.099999999999998
1534469,6.099999999999998
1534631,6.099999999999999
1534812,3.099999999999999
1534964,6.099999999999999
1535196,6.099999999999999
1535427,4.1
1535651,6.099999999999999
1535942,6.099999999999997
1536188,5.099999999999999
1536376,4.1
1536624,7.099999999999998
1536914,5.099999999999999
1537284,5.100000000000001
1537506,6.1
1537696,6.099999999999999
1538126,7.100000000000003
1538368,5.1
1538669,6.099999999999998
1538894,5.099999999999999
1539220,7.1000000000000005
1539448,5.099999999999998
1539654,6.099999999999997
1539918,6.099999999999998
1540099,6.099999999999999
1540277,4.099999999999998
1540475,5.099999999999999
1540720,5.099999999999997
1540970,6.099999999999998
1541160,5.1
1541313,3.099999999999999
1541453,5.099999999999999
1541628,6.099999999999999
1541818,6.099999999999998
1542023,6.099999999999999
1542199,4.1
1542437,5.099999999999999
1542729,6.099999999999995
1542939,7.099999999999999
1543206,5.099999999999998
1543560,5.100000000000001
1543782,5.099999999999998
1543961,6.099999999999999
1544192,6.1
1544406,4.1
1544624,5.099999999999997
1544828,6.099999999999999
1545073,7.099999999999999
1545403,5.100000000000001
1545590,6.099999999999999
1545822,6.1
1546034,6.099999999999999
1546188,2.099999999999999
1546397,6.099999999999996
1546551,5.099999999999999
1546744,4.099999999999998
1546912,4.099999999999999
1547135,5.1
1547379,6.099999999999998
1547592,7.099999999999998
1547748,5.099999999999998
1547937,5.099999999999999
1548120,5.1
1548320,4.099999999999999
1548547,5.1
1548717,6.099999999999999
1548891,5.099999999999999
1549187,6.1
1549395,5.099999999999998
1549572,6.099999999999998
1549788,6.099999999999998
1550022,4.099999999999999
1550284,8.1
1550686,5.100000000000003
1550909,6.099999999999999
1551114,6.099999999999999
1551420,6.099999999999999
1551638,4.099999999999999
1551800,5.099999999999999
1552032,6.099999999999999
1552185,6.099999999999998
1552445,5.1
1552618,5.099999999999999
1552832,6.1
1553055,6.099999999999999
1553405,7.1000000000000005
1553548,4.1
1553716,6.099999999999999
1553948,7.099999999999998
1554197,7.099999999999999
1554409,5.099999999999999
1554619,7.099999999999999
1554877,6.1
1555103,6.099999999999999
1555393,5.1000000000000005
1555639,5.099999999999999
1555761,4.099999999999998
1555956,6.099999999999999
1556188,5.099999999999998
1556382,5.099999999999997
1556667,6.099999999999998
1556889,5.099999999999998
1557074,7.099999999999999
1557272,6.099999999999999
1557478,5.099999999999999
1557696,5.1
1557990,6.099999999999999
1558241,6.099999999999999
1558496,5.099999999999996
1558717,7.099999999999999
1558942,6.099999999999998
1559183,6.1
1559381,5.099999999999999
1559566,6.099999999999999
1559765,5.099999999999997
1560141,7.1
1560527,7.1000000000000005
1560709,5.1
1560971,6.099999999999997
1561189,7.099999999999999
1561365,6.099999999999997
1561641,6.099999999999997
1562069,5.100000000000003
1562375,5.100000000000002
1562643,8.1
1562833,6.099999999999999
1563051,5.099999999999999
1563264,7.099999999999997
1563426,6.099999999999998
1563624,6.099999999999999
1563930,6.099999999999999
1564144,5.099999999999998
1564354,5.099999999999999
1564530,4.099999999999999
1564754,5.099999999999999
1564928,6.099999999999999
1565187,5.1
1565389,5.099999999999999
1565464,4.099999999999999
1565672,4.099999999999999
1565889,6.099999999999997
1566189,6.099999999999996
1566457,5.099999999999999
1566714,7.099999999999999
1566986,6.099999999999997
1567210,7.099999999999998
1567500,5.1
1567691,6.099999999999999
1567958,4.1
1568089,5.099999999999999
1568529,5.100000000000003
1568746,6.099999999999998
1568947,6.099999999999999
1569121,5.099999999999998
1569343,5.099999999999999
1569510,6.099999999999999
1569784,5.1
1569970,6.099999999999999
1570165,5.099999999999999
1570511,7.1
1570739,6.099999999999998
1571028,6.099999999999998
1571294,6.099999999999999
1571450,6.1
1571612,5.1
1571812,6.099999999999999
1572009,4.099999999999999
1572204,4.099999999999999
1572406,6.099999999999997
1572614,7.099999999999998
1572901,7.099999999999996
1573111,5.099999999999999
1573333,6.099999999999999
1573671,5.1000000000000005
1573880,5.1
1574070,4.1
1574363,7.099999999999998
1574554,6.1
1574712,5.099999999999999
1574905,5.099999999999999
1575181,6.099999999999998
1575427,5.1000000000000005
1575689,5.099999999999999
1575931,5.099999999999999
1576237,4.100000000000001
1576583,6.1
1576832,4.099999999999999
1577104,6.099999999999998
1577292,6.099999999999999
1577454,6.099999999999999
1577664,5.099999999999999
1577867,6.099999999999999
1578149,5.1000000000000005
1578431,6.099999999999999
1578871,5.100000000000002
1579056,5.099999999999999
1579321,8.1
1579550,6.099999999999998
1579838,7.099999999999999
1580023,5.099999999999999
1580367,6.099999999999999
1580607,6.099999999999999
1580813,7.099999999999999
1581029,6.099999999999998
1581226,6.099999999999999
1581385,6.099999999999998
1581586,6.099999999999999
1581759,5.1
1582057,6.099999999999999
1582253,5.099999999999999
1582470,6.099999999999997
1582642,7.099999999999999
1582860,6.099999999999999
1583088,6.099999999999999
1583334,6.099999999999999
1583542,6.1
1583711,5.099999999999999
1583933,6.099999999999999
1584028,3.099999999999999
1584231,7.1
1584490,6.099999999999998
1584767,6.099999999999997
1584977,5.1
1585222,5.1
1585390,5.099999999999999
1585604,5.099999999999999
1585843,5.1
1586080,5.099999999999998
1586293,7.099999999999998
1586581,6.099999999999999
1586740,6.1
1586976,5.099999999999998
1587260,6.099999999999999
1587482,5.1
1587689,6.099999999999999
1587958,5.1
1588324,6.1000000000000005
1588514,7.099999999999999
1588700,6.099999999999997
1588930,6.099999999999998
1589190,5.1000000000000005
1589353,5.099999999999999
1589592,5.1
1589807,6.099999999999999
1590025,5.1
1590265,5.099999999999998
1590492,6.099999999999998
1590764,5.1
1590996,4.1
1591148,4.099999999999999
1591299,5.1
1591691,4.100000000000001
1592002,6.1
1592202,6.099999999999998
1592586,6.100000000000002
1592698,5.099999999999998
1592955,6.099999999999999
1593146,6.099999999999999
1593356,5.099999999999999
1593648,5.099999999999999
1593816,5.099999999999999
1594097,6.099999999999998
1594317,6.099999999999998
1594502,5.1
1594910,5.100000000000002
1595101,5.099999999999999
1595375,5.099999999999999
1595715,6.099999999999999
1595866,5.1
1596098,4.099999999999998
1596350,5.099999999999999
1596561,4.1
1596868,8.099999999999998
1597007,4.099999999999999
1597297,5.1
1597508,6.099999999999998
1597738,6.099999999999999
1597948,6.099999999999999
1598123,6.1
1598356,7.099999999999997
1598732,6.1
1599052,7.100000000000001
1599384,6.100000000000001
1599542,6.099999999999999
1599750,6.099999999999999
1600004,6.099999999999998
1600248,6.099999999999998
1600438,6.099999999999999
1600684,6.1
1600820,6.099999999999999
1601046,6.099999999999998
1601224,5.099999999999999
1601437,5.099999999999999
1601632,4.099999999999997
1601832,6.099999999999999
1602142,5.1000000000000005
1602309,5.099999999999999
1602548,6.099999999999998
1602956,7.1000000000000005
1603143,5.099999999999999
1603391,7.099999999999999
1603613,6.1
1603786,6.099999999999997
1604014,6.099999999999998
1604342,5.099999999999999
1604408,3.099999999999999
1604557,4.1000000000000005
1604735,6.099999999999999
1604908,5.099999999999999
1605138,6.099999999999999
1605360,5.099999999999998
1605501,5.099999999999999
1605813,6.099999999999999
1605985,5.099999999999999
1606212,6.099999999999997
1606468,6.099999999999999
1606850,6.100000000000002
1607164,5.1
1607353,5.099999999999998
1607533,4.099999999999999
1607738,7.099999999999999
1608120,6.099999999999999
1608314,6.099999999999999
1608557,6.099999999999998
1608754,6.099999999999998
1608915,5.1
1609164,6.099999999999998
1609361,5.099999999999998
1609593,6.1
1609794,6.099999999999999
1610023,6.099999999999998
1610271,5.1000000000000005
1610473,6.099999999999999
1610717,5.099999999999999
1610879,6.099999999999997
1611080,5.099999999999999
1611310,6.099999999999998
1611507,5.099999999999998
1611704,6.1
1611905,5.1
1612104,6.099999999999999
1612153,2.099999999999999
1612372,5.099999999999999
1612530,5.099999999999997
1612815,7.099999999999999
1613001,6.1
1613407,6.100000000000001
1613576,5.099999999999998
1613792,5.099999999999999
1613986,4.099999999999999
1614250,6.1
1614454,5.1
1614695,4.099999999999999
1615107,5.100000000000003
1615295,5.099999999999999
1615460,6.099999999999999
1615710,6.099999999999999
1615944,6.099999999999998
1616108,5.099999999999999
1616446,7.100000000000001
1616638,7.099999999999999
1616885,5.099999999999998
1617141,6.099999999999998
1617346,5.1
1617539,6.099999999999998
1617712,6.1
1617978,5.099999999999999
1618184,6.1
1618328,4.1
1618548,7.099999999999999
1618870,5.099999999999999
1619046,6.099999999999999
1619296,6.1
1619517,6.099999999999998
1619758,6.099999999999998
1619979,6.099999999999999
1620130,5.099999999999998
1620302,5.1
1620576,6.099999999999998
1620775,6.099999999999999
1620955,6.099999999999999
1621143,6.099999999999999
1621346,5.099999999999999
1621605,6.099999999999998
1621848,5.1
1622089,9.100000000000003
1622281,7.1
1622687,5.100000000000003
1622934,6.1
1623203,7.099999999999999
1623437,5.1000000000000005
1623643,4.1
1623981,5.100000000000001
1624146,4.099999999999999
1624414,5.099999999999997
1624604,5.1
1624889,6.099999999999997
1625144,5.099999999999998
1625367,6.099999999999999
1625667,7.099999999999999
1625883,5.099999999999998
1626120,5.1
1626377,5.099999999999999
1626551,4.099999999999998
1626798,6.099999999999999
1627040,5.1
1627302,7.099999999999997
1627477,6.099999999999999
1627700,5.099999999999996
1627937,6.099999999999999
1628027,2.099999999999999
1628191,7.099999999999999
1628444,4.099999999999999
1628644,5.1
1628929,6.099999999999998
1629191,6.099999999999997
1629404,4.099999999999999
1629573,5.099999999999999
1629891,7.099999999999999
1630095,6.099999999999998
1630369,5.100000000000001
1630635,5.099999999999998
1630852,5.099999999999999
1630992,2.099999999999999
1631218,4.099999999999999
1631438,6.1
1631644,4.1
1631943,5.1
1632209,5.1
1632401,7.099999999999999
1632679,6.1
1632869,5.099999999999999
1633012,3.099999999999999
1633225,6.1
1633432,7.099999999999999
1633750,6.099999999999999
1633957,6.099999999999997
1634027,4.099999999999999
1634177,5.099999999999999
1634521,6.099999999999998
1634802,7.099999999999997
1634995,6.099999999999999
1635333,5.1000000000000005
1635541,5.099999999999999
1635740,5.1
1635999,6.099999999999999
1636264,7.099999999999997
1636367,4.099999999999999
1636775,6.1000000000000005
1636926,3.099999999999999
1637201,5.1000000000000005
1637388,5.099999999999999
1637589,6.099999999999999
1637838,6.1
1638081,5.099999999999997
1638270,6.099999999999999
1638522,5.099999999999998
1638708,4.099999999999999
1639084,6.1
1639285,6.099999999999998
1639510,3.099999999999999
1639950,6.100000000000001
1640193,5.099999999999999
1640407,6.099999999999997
1640623,6.099999999999999
1640800,6.099999999999999
1640977,5.099999999999998
1641232,5.099999999999998
1641436,6.099999999999997
1641622,6.099999999999999
1641761,4.099999999999999
1642055,6.1000000000000005
1642266,6.099999999999998
1642487,6.099999999999998
1642728,6.099999999999999
1643002,6.099999999999999
1643192,6.099999999999999
1643419,5.099999999999998
1643582,5.099999999999999
1643806,5.099999999999999
1644036,6.1
1644265,7.099999999999999
1644442,5.099999999999999
1644623,5.1
1644826,5.1
1644971,4.1
1645181,6.099999999999999
1645398,6.099999999999999
1645612,6.1
1645840,6.099999999999998
1646111,6.099999999999998
1646307,6.099999999999999
1646560,6.099999999999999
1646874,6.1000000000000005
1647108,5.099999999999999
1647388,4.1
1647541,5.1
1647765,6.099999999999998
1647945,5.099999999999999
1648192,6.1
1648424,6.1
1648560,5.099999999999999
1648795,6.099999999999999
1649028,6.1
1649270,5.099999999999999
1649496,6.099999999999998
1649657,4.099999999999998
1649860,5.099999999999999
1650074,6.099999999999998
1650376,5.099999999999999
1650534,5.099999999999999
1650757,6.099999999999999
1650924,6.099999999999999
1651137,4.099999999999999
1651329,4.099999999999999
1651691,6.1
1651930,5.099999999999998
1652283,7.099999999999999
1652540,7.099999999999998
1652755,4.1
1652922,6.099999999999999
1653282,7.099999999999998
1653486,4.099999999999997
1653691,5.099999999999999
1653861,6.099999999999999
1654069,6.099999999999999
1654361,7.099999999999999
1654611,5.099999999999999
1654813,4.099999999999999
1654981,5.099999999999999
1655176,5.099999999999999
1655460,5.1
1655716,5.099999999999998
1655997,6.099999999999999
1656162,5.099999999999999
1656342,6.099999999999999
1656548,6.099999999999999
1656762,6.099999999999998
1657112,6.1000000000000005
1657305,4.1
1657475,4.1
1657642,7.099999999999999
1657819,3.099999999999999
1658076,6.1
1658398,5.1
1658608,5.099999999999997
1658827,6.099999999999998
1659037,4.099999999999998
1659335,5.1
1659551,6.099999999999999
1659660,3.099999999999999
1659900,7.099999999999999
1660124,6.099999999999999
1660344,5.1
1660610,6.1
1660888,6.099999999999999
1661089,6.099999999999999
1661330,5.1
1661642,7.100000000000001
1661838,6.099999999999999
1661995,5.099999999999999
1662166,5.099999999999999
1662326,5.1
1662489,5.099999999999999
1662656,6.099999999999999
1662896,6.099999999999998
1663110,6.099999999999999
1663327,6.099999999999998
1663502,5.099999999999999
1663680,6.1
1663861,4.099999999999999
1664099,4.099999999999999
1664363,7.1
1664608,6.099999999999997
1664780,5.099999999999999
1664999,5.099999999999999
1665223,6.099999999999996
1665452,6.099999999999999
1665664,4.1
1665882,5.1
1666205,6.1000000000000005
1666487,6.099999999999998
1666651,6.1
1666874,5.099999999999999
1667212,5.100000000000001
1667459,7.099999999999998
1667679,6.099999999999998
1668005,3.099999999999999
1668321,6.1
1668534,6.099999999999999
1668756,7.099999999999999
1668947,7.099999999999999
1669221,6.099999999999998
1669418,7.099999999999997
1669591,4.099999999999999
1669817,7.099999999999997
1670209,6.1
1670331,3.099999999999999
1670554,8.1
1670736,6.099999999999999
1670878,6.099999999999998
1671094,6.099999999999999
1671326,6.099999999999998
1671475,5.099999999999999
1671652,6.099999999999999
1671907,6.099999999999998
1672118,5.099999999999999
1672297,4.1
1672551,6.099999999999999
1672739,6.1
1672889,6.099999999999998
1673183,6.099999999999998
1673391,6.099999999999999
1673666,6.099999999999998
1674020,5.1000000000000005
1674215,6.099999999999998
1674553,5.100000000000001
1674716,5.099999999999999
1674942,6.1
1675109,5.099999999999998
1675299,5.099999999999999
1675659,6.099999999999999
1675901,5.1
1676140,6.099999999999998
1676356,6.099999999999998
1676504,4.099999999999999
1676734,6.099999999999998
1676941,5.1
1677221,6.099999999999998
1677445,5.099999999999999
1677656,7.099999999999999
1677904,6.099999999999998
1678096,6.099999999999999
1678313,6.099999999999999
1678567,6.099999999999999
1678896,6.099999999999998
1679101,6.099999999999999
1679375,6.099999999999998
1679575,5.099999999999998
1679806,6.1000000000000005
1680059,6.099999999999998
1680301,5.1
1680597,6.099999999999998
1680824,5.099999999999998
1680989,5.099999999999999
1681164,6.099999999999999
1681438,4.1
1681616,4.099999999999999
1681779,3.099999999999999
1681979,6.099999999999999
1682169,5.099999999999999
1682380,5.1
1682589,7.099999999999998
1682803,4.1000000000000005
1683020,5.099999999999999
1683310,5.1
1683506,6.1
1683804,6.099999999999999
1684110,5.1
1684379,7.099999999999997
1684430,3.099999999999999
1684701,5.099999999999998
1684877,5.099999999999999
1685151,4.100000000000001
1685376,6.099999999999999
1685583,6.099999999999999
1685831,6.099999999999999
1686019,5.099999999999998
1686285,7.099999999999998
1686449,5.099999999999999
1686621,5.1
1686915,5.1
1687099,5.099999999999999
1687338,6.099999999999999
1687566,6.099999999999999
1687782,4.1
1687857,3.099999999999999
1688068,5.099999999999998
1688286,7.099999999999999
1688497,7.099999999999999
1688700,7.099999999999999
1688931,7.099999999999999
1689119,4.099999999999999
1689297,5.1
1689501,6.099999999999999
1689694,6.099999999999998
1690035,6.099999999999999
1690224,6.099999999999998
1690474,6.099999999999998
1690727,7.099999999999999
1690977,6.1
1691237,5.099999999999999
1691474,4.099999999999999
1691729,6.1
1691982,6.099999999999999
1692170,5.099999999999999
1692339,5.099999999999999
1692599,7.099999999999999
1692768,5.099999999999999
1692982,6.099999999999998
1693246,5.1000000000000005
1693447,5.1
1693728,6.099999999999998
1693949,5.099999999999998
1694153,6.099999999999999
1694348,6.099999999999999
1694392,4.1
1694598,7.099999999999999
1694791,6.099999999999999
1694966,5.099999999999997
1695129,5.1
1695417,7.099999999999999
1695688,6.099999999999997
1695854,5.099999999999999
1696081,7.099999999999999
1696302,5.099999999999999
1696559,6.099999999999998
1696722,6.1
1696929,6.099999999999998
1697103,4.1
1697445,6.099999999999997
1697638,5.1
1697853,5.099999999999999
1698023,6.099999999999999
1698266,6.099999999999999
1698520,6.099999999999998
1698728,6.099999999999999
1698877,6.099999999999999
1699073,6.099999999999997
1699265,4.1
1699458,5.099999999999999
1699675,5.099999999999998
1699872,5.099999999999998
1700070,6.1
1700336,6.1
1700581,6.099999999999997
1700842,7.099999999999999
1701137,5.1
1701314,5.1
1701538,5.099999999999999
1701768,5.099999999999999
1702010,4.1
1702190,6.099999999999999
1702394,5.099999999999999
1702600,6.099999999999998
1702829,5.1000000000000005
1703097,7.099999999999999
1703323,7.1
1703498,6.1
1703730,7.099999999999997
1703891,5.099999999999999
1703955,3.1
1704136,5.1
1704328,6.099999999999999
1704551,6.099999999999999
1704808,6.099999999999998
1705130,5.100000000000001
1705363,5.099999999999998
1705598,6.099999999999999
1705771,3.099999999999999
1706048,6.099999999999999
1706258,5.1
1706415,5.099999999999999
1706585,5.099999999999999
1706686,5.099999999999999
1706877,6.1
1707056,5.099999999999998
1707218,5.099999999999999
1707427,6.099999999999999
1707618,5.099999999999998
1707798,5.099999999999999
1707968,6.1
1708144,5.099999999999999
1708373,7.099999999999999
1708707,7.099999999999999
1708984,6.099999999999999
1709242,4.1
1709408,5.099999999999997
1709481,5.099999999999999
1709704,6.1
1709855,5.1
1710235,9.100000000000001
1710408,6.099999999999999
1710552,5.099999999999998
1710809,6.099999999999998
1711068,7.099999999999998
1711322,7.099999999999999
1711509,3.099999999999999
1711729,5.099999999999997
1711927,6.099999999999999
1712091,6.099999999999999
1712308,5.099999999999997
1712483,7.099999999999999
1712788,5.1000000000000005
1712971,4.099999999999999
1713187,6.099999999999998
1713411,4.099999999999999
1713642,5.099999999999999
1713834,4.099999999999999
1714274,6.1000000000000005
1714421,6.099999999999999
1714615,6.099999999999999
1714828,6.099999999999997
1715038,5.1
1715208,6.099999999999999
1715464,6.099999999999999
1715675,7.099999999999998
1715900,7.099999999999999
1716078,3.099999999999999
1716287,6.099999999999999
1716437,5.1
1716660,4.099999999999999
1716807,5.099999999999998
1717053,5.099999999999998
1717246,6.099999999999999
1717438,5.1
1717668,7.099999999999998
1717844,5.099999999999999
1718074,6.099999999999998
1718254,6.099999999999999
1718465,6.099999999999998
1718633,6.1
1718888,6.099999999999999
1719088,6.099999999999999
1719270,5.1
1719420,6.099999999999999
1719632,5.099999999999998
1719784,3.099999999999999
1719960,6.1
1720226,6.099999999999999
1720325,2.1
1720528,6.1
1720900,6.1
1721148,5.099999999999998
1721337,6.099999999999999
1721599,6.099999999999999
1721835,4.099999999999999
1722040,5.099999999999999
1722255,5.099999999999997
1722450,3.099999999999999
1722613,5.099999999999999
1722822,4.099999999999999
1722988,5.099999999999998
1723193,7.099999999999999
1723629,5.100000000000003
1723852,6.099999999999999
1724108,5.099999999999999
1724341,5.099999999999999
1724560,5.099999999999998
1724854,5.099999999999999
1724962,4.1
1725183,4.099999999999999
1725409,5.1
1725662,6.099999999999997
1725865,3.099999999999999
1726167,7.099999999999998
1726368,7.099999999999999
1726623,7.099999999999998
1726846,6.099999999999998
1727100,6.099999999999998
1727444,7.099999999999999
1727702,8.1
1727908,7.099999999999998
1728147,5.099999999999999
1728426,6.099999999999998
1728616,6.099999999999999
1728785,7.099999999999999
1728858,5.099999999999999
1729182,6.099999999999998
1729428,6.099999999999998
1729634,6.099999999999997
1729920,6.099999999999999
1730127,6.099999999999999
1730385,7.099999999999999
1730618,5.099999999999998
1730907,5.099999999999998
1731158,6.099999999999999
1731361,5.099999999999999
1731587,5.1
1731723,5.099999999999999
1731936,4.099999999999999
1732187,6.099999999999998
1732362,6.099999999999998
1732614,6.099999999999999
1732819,6.099999999999999
1732996,4.1
1733216,4.1
1733455,6.1
1733680,6.1
1733866,5.099999999999999
1734092,5.1
1734251,6.099999999999999
1734691,5.100000000000003
1734888,6.099999999999997
1735129,2.099999999999999
1735445,7.099999999999999
1735705,6.099999999999998
1735903,6.1
1736054,4.099999999999999
1736281,6.099999999999999
1736507,4.1
1736723,5.099999999999998
1736916,4.099999999999999
1737113,8.100000000000001
1737359,7.099999999999999
1737589,6.099999999999996
1737753,6.099999999999999
1737938,6.099999999999999
1738173,6.099999999999999
1738407,6.099999999999997
1738827,7.100000000000001
1738982,6.099999999999999
1739248,6.1
1739489,7.099999999999996
1739678,6.099999999999999
1739894,5.1
1740170,6.099999999999999
1740514,6.099999999999999
1740700,5.099999999999999
1740873,5.099999999999999
1741179,6.099999999999998
1741380,7.1
1741548,6.099999999999999
1741740,5.1
1741916,5.099999999999999
1742131,6.1
1742367,6.099999999999998
1742460,2.099999999999999
1742679,6.099999999999998
1742840,6.099999999999999
1743074,4.1
1743252,6.099999999999997
1743477,5.099999999999999
1743708,6.099999999999998
1743932,6.099999999999998
1744127,6.099999999999999
1744314,6.099999999999999
1744509,6.099999999999999
1744773,6.099999999999998
1744842,3.099999999999999
1745079,6.099999999999998
1745268,6.099999999999999
1745524,7.099999999999999
1745776,6.099999999999998
1745964,6.1
1746121,6.099999999999999
1746475,6.100000000000001
1746787,6.099999999999999
1747131,7.099999999999998
1747312,5.1
1747582,6.099999999999997
1747787,6.099999999999998
1747987,6.099999999999999
1748189,6.099999999999999
1748368,6.099999999999999
1748562,6.099999999999997
1748800,4.099999999999999
1748992,6.1
1749271,5.099999999999999
1749460,5.099999999999999
1749836,6.1000000000000005
1750060,6.099999999999999
1750243,4.099999999999999
1750443,6.099999999999999
1750708,6.1
1750912,5.1
1751173,5.099999999999999
1751553,7.1000000000000005
1751801,6.099999999999998
1752069,6.099999999999996
1752298,5.099999999999999
1752497,6.099999999999998
1752732,5.1
1752884,4.099999999999999
1753064,6.099999999999999
1753298,5.099999999999997
1753502,7.099999999999998
1753673,7.099999999999999
1753891,6.099999999999998
1754091,6.099999999999999
1754286,7.099999999999998
1754527,6.1
1754744,6.099999999999998
1754996,5.100000000000001
1755178,6.1
1755431,6.099999999999998
1755686,5.1
1755954,6.099999999999999
1756199,5.099999999999998
1756392,6.099999999999999
1756555,5.1
1756782,7.099999999999999
1756989,6.099999999999999
1757200,5.099999999999998
1757381,5.099999999999999
1757536,6.1
1757752,6.099999999999998
1757970,7.099999999999998
1758166,5.099999999999999
1758341,5.099999999999999
1758498,6.099999999999999
1758651,6.099999999999998
1758826,5.1
1759152,7.100000000000001
1759452,8.100000000000003
1759822,7.1
1760039,6.099999999999998
1760226,6.099999999999999
1760407,5.1
1760610,5.099999999999999
1760899,5.099999999999998
1761069,5.099999999999999
1761247,6.1
1761452,5.1
1761649,4.099999999999999
1761821,5.099999999999999
1762036,6.099999999999998
1762194,4.099999999999998
1762429,7.099999999999997
1762656,6.099999999999998
1762881,5.1
1763059,6.099999999999999
1763365,6.099999999999998
1763646,6.099999999999996
1763875,6.099999999999998
1764049,6.099999999999999
1764278,5.1
1764502,6.099999999999998
1764728,6.099999999999999
1765082,4.100000000000001
1765410,6.099999999999997
1765650,7.099999999999998
1765894,6.099999999999999
1766130,6.099999999999998
1766554,6.100000000000001
1766683,5.099999999999999
1766907,5.099999999999998
1767110,5.099999999999999
1767316,6.099999999999998
1767532,6.099999999999998
1767725,5.099999999999999
1767923,4.1
1768143,6.099999999999999
1768291,5.1
1768464,5.099999999999999
1768632,5.099999999999999
1768876,6.099999999999998
1769073,6.099999999999999
1769319,5.099999999999998
1769546,6.099999999999998
1769776,6.099999999999999
1770033,5.099999999999998
1770341,5.099999999999998
1770555,5.099999999999998
1770821,4.099999999999999
1771057,5.099999999999999
1771240,6.099999999999998
1771469,6.099999999999999
1771676,6.1
1771951,7.1000000000000005
1772150,6.099999999999999
1772363,7.099999999999999
1772538,5.099999999999999
1772770,6.099999999999998
1772945,4.099999999999999
1773102,6.099999999999999
1773353,7.099999999999999
1773539,5.099999999999999
1773751,2.0999999999999996
1773941,5.099999999999999
1774133,4.099999999999999
1774331,7.099999999999999
1774489,4.099999999999999
1774827,6.1
1775135,8.1
1775349,7.099999999999998
1775563,4.099999999999999
1775834,4.099999999999999
1776108,5.099999999999999
1776265,5.099999999999999
1776464,6.099999999999999
1776675,6.099999999999999
1776921,5.099999999999998
1777126,6.099999999999999
1777432,5.1
1777648,6.099999999999998
1777935,7.099999999999997
1778139,6.099999999999999
1778388,6.099999999999999
1778524,4.1
1778753,4.099999999999998
1779024,5.1
1779198,7.099999999999997
1779429,6.1000000000000005
1779605,6.099999999999998
1779834,4.099999999999999
1780171,5.099999999999998
1780395,6.099999999999998
1780629,5.1
1780892,6.099999999999997
1781119,6.099999999999999
1781355,7.099999999999999
1781662,6.099999999999999
1781893,5.099999999999999
1782189,5.1000000000000005
1782395,6.1
1782605,7.099999999999998
1782749,6.099999999999997
1782989,6.099999999999998
1783192,7.099999999999999
1783393,7.099999999999999
1783563,5.099999999999999
1783783,7.099999999999999
1783965,5.099999999999998
1784169,5.099999999999999
1784395,6.1
1784596,6.099999999999999
1784889,6.099999999999998
1785135,6.099999999999998
1785303,5.099999999999999
1785543,3.099999999999999
1785727,5.099999999999998
1785905,6.099999999999999
1786083,7.1
1786259,6.099999999999998
1786460,6.099999999999997
1786674,6.1
1786959,6.099999999999998
1787249,5.1
1787431,6.099999999999998
1787648,6.099999999999999
1787838,6.099999999999999
1788037,7.099999999999999
1788221,4.099999999999999
1788368,4.1
1788542,4.1
1788766,6.099999999999999
1788930,6.099999999999999
1789322,6.1000000000000005
1789487,6.099999999999998
1789751,5.099999999999999
1789979,6.099999999999998
1790178,5.099999999999997
1790390,4.1
1790636,6.099999999999998
1790906,6.099999999999998
1791159,6.099999999999999
1791345,6.099999999999999
1791580,6.099999999999998
1791779,5.099999999999998
1792104,6.099999999999999
1792281,4.1
1792526,6.099999999999998
1792756,6.1
1792961,6.099999999999999
1793187,7.099999999999998
1793557,3.099999999999999
1793779,6.099999999999999
1794044,6.099999999999997
1794184,5.099999999999998
1794402,5.099999999999999
1794602,5.099999999999999
1794842,5.099999999999998
1795252,6.100000000000002
1795421,6.1
1795618,4.099999999999999
1795832,6.099999999999999
1796029,6.1
1796273,6.1
1796487,6.099999999999999
1796726,7.099999999999998
1796932,5.1
1797126,5.099999999999999
1797295,6.1
1797649,5.100000000000001
1797918,6.099999999999997
1798132,5.099999999999999
1798322,5.099999999999999
1798573,7.099999999999997
1798806,6.099999999999999
1799080,5.099999999999998
1799298,5.099999999999998
1799552,5.1
1799742,4.1
1799913,7.099999999999999
1800223,5.1000000000000005
1800429,5.099999999999997
1800647,5.099999999999999
1800862,6.099999999999999
1801147,8.099999999999998
1801250,3.099999999999999
1801429,6.099999999999999
1801715,7.099999999999998
1801975,5.099999999999999
1802225,6.099999999999998
1802398,6.099999999999999
1802550,5.1
1802834,7.1000000000000005
1803025,5.099999999999999
1803393,6.100000000000001
1803699,5.1
1803946,6.099999999999998
1804155,6.099999999999998
1804483,6.099999999999998
1804789,5.100000000000001
1804939,5.099999999999999
1805146,6.1
1805403,6.099999999999997
1805727,7.1
1805963,6.099999999999998
1806131,6.099999999999997
1806304,6.099999999999999
1806525,8.1
1806706,6.099999999999999
1806925,7.099999999999998
1807148,5.099999999999999
1807404,7.099999999999996
1807614,6.099999999999999
1807856,5.1000000000000005
1808066,5.1
1808257,6.1
1808413,6.1
1808588,4.1
1808786,7.099999999999998
1809044,5.1
1809252,5.099999999999999
1809337,4.099999999999999
1809543,6.099999999999999
1809785,5.1000000000000005
1810041,6.099999999999998
1810289,6.099999999999997
1810539,6.099999999999996
1810754,6.099999999999999
1810908,4.099999999999999
1811212,6.1
1811469,5.099999999999999
1811626,5.099999999999999
1811872,6.099999999999998
1812098,6.099999999999997
1812319,6.099999999999997
1812546,6.099999999999997
1812697,6.099999999999998
1812737,3.099999999999999
1812933,6.1
1813243,6.1
1813441,6.099999999999999
1813690,7.099999999999999
1813956,6.099999999999999
1814124,5.099999999999999
1814520,5.100000000000003
1814707,6.1
1814902,6.099999999999999
1815067,1.1000000000000003
1815272,6.099999999999999
1815439,6.099999999999999
1815724,5.099999999999998
1815875,5.1
1816071,7.099999999999999
1816242,5.099999999999999
1816410,6.099999999999997
1816597,6.099999999999999
1816819,5.099999999999999
1817008,6.1
1817157,6.099999999999999
1817328,5.099999999999999
1817563,6.099999999999999
1817779,6.099999999999998
1818041,4.1
1818202,4.099999999999999
1818465,6.099999999999999
1818809,6.099999999999999
1819036,7.099999999999999
1819206,5.099999999999998
1819458,5.099999999999998
1819659,6.099999999999999
1819933,5.1000000000000005
1820341,7.100000000000001
1820540,5.099999999999999
1820790,7.099999999999998
1821084,6.1000000000000005
1821393,6.1000000000000005
1821540,6.099999999999998
1821731,6.1
1821928,6.099999999999999
1822158,6.099999999999999
1822421,6.099999999999999
1822618,6.099999999999998
1822770,4.099999999999999
1822945,5.099999999999999
1823205,6.1
1823399,5.099999999999998
1823589,5.099999999999999
1823783,6.099999999999999
1824013,6.099999999999999
1824235,5.099999999999998
1824399,6.099999999999999
1824560,5.099999999999999
1824764,6.099999999999997
1824970,6.1
1825163,5.099999999999999
1825367,6.099999999999999
1825607,6.099999999999997
1825820,3.0999999999999996
1826016,6.099999999999999
1826286,5.099999999999999
1826490,4.1
1826745,6.099999999999999
1827019,3.099999999999999
1827241,6.099999999999997
1827406,5.099999999999999
1827673,5.099999999999999
1827861,5.1
1828035,6.099999999999999
1828323,7.1000000000000005
1828509,6.099999999999999
1828783,8.100000000000003
1829075,8.100000000000001
1829282,7.099999999999999
1829674,7.1
1829874,5.099999999999999
1830048,5.099999999999998
1830213,7.1
1830438,5.099999999999999
1830677,5.099999999999999
1830832,5.1
1831107,6.099999999999999
1831297,6.099999999999999
1831501,6.099999999999998
1831700,6.099999999999997
1831929,6.1
1832266,6.1
1832511,5.1
1832737,6.099999999999997
1832914,6.099999999999999
1833332,6.100000000000001
1833568,6.099999999999998
1833773,6.099999999999999
1833942,6.1
1834115,6.1
1834337,6.099999999999999
1834536,5.1
1834718,6.1
1834911,5.099999999999999
1835103,4.1
1835274,6.099999999999999
1835455,6.1
1835626,5.099999999999999
1835846,6.099999999999997
1836076,7.099999999999999
1836329,6.099999999999998
1836609,6.1000000000000005
1836889,4.1
1837267,6.100000000000002
1837453,6.099999999999999
1837668,6.099999999999999
1837914,6.099999999999998
1838179,5.099999999999998
1838511,6.099999999999998
1838666,6.099999999999999
1838865,6.099999999999999
1839187,7.1000000000000005
1839364,6.099999999999999
1839570,6.099999999999999
1839741,5.099999999999999
1840013,7.099999999999999
1840202,7.099999999999998
1840398,7.099999999999999
1840565,5.1
1840795,5.1
1841001,6.099999999999999
1841222,6.099999999999999
1841445,6.099999999999999
1841676,6.099999999999998
1842018,6.100000000000001
1842197,4.1
1842440,6.099999999999998
1842627,5.099999999999998
1842811,6.099999999999999
1843028,6.099999999999997
1843237,6.099999999999998
1843450,6.099999999999998
1843820,6.100000000000002
1844039,6.099999999999999
1844262,7.099999999999998
1844486,6.1
1844689,7.1
1844746,5.099999999999999
1844938,6.099999999999999
1845155,5.099999999999999
1845384,6.099999999999998
1845590,5.099999999999999
1845813,8.1
1846080,6.099999999999997
1846260,6.099999999999999
1846495,5.099999999999999
1846660,5.099999999999999
1846856,6.1
1847130,6.099999999999998
1847335,5.099999999999999
1847472,4.099999999999999
1847710,4.099999999999998
1848118,5.100000000000002
1848412,5.1000000000000005
1848641,7.099999999999998
1848854,6.099999999999998
1849028,5.099999999999999
1849255,4.099999999999999
1849384,4.1
1849602,3.099999999999999
1849776,6.099999999999999
1850050,6.099999999999998
1850277,6.099999999999998
1850521,8.100000000000003
1850784,6.099999999999998
1850969,6.099999999999999
1851136,4.099999999999999
1851329,5.099999999999999
1851604,5.099999999999999
1851811,6.099999999999998
1852012,7.099999999999999
1852336,7.099999999999998
1852520,6.099999999999999
1852767,6.099999999999998
1853015,7.1
1853222,5.099999999999999
1853476,6.099999999999997
1853699,5.099999999999999
1854046,6.1
1854300,5.099999999999998
1854434,4.1
1854623,7.099999999999999
1854834,5.1000000000000005
1855037,5.099999999999998
1855213,6.099999999999998
1855448,5.099999999999999
1855695,6.099999999999999
1855919,6.099999999999999
1856117,7.099999999999999
1856525,6.100000000000003
1856721,6.099999999999998
1857145,5.1
1857340,6.099999999999997
1857534,6.099999999999999
1857850,6.099999999999998
1858030,5.099999999999999
1858272,4.1000000000000005
1858391,6.099999999999999
1858765,7.100000000000001
1858961,6.099999999999999
1859363,7.100000000000002
1859675,5.099999999999998
1859829,6.099999999999999
1859996,6.099999999999998
1860197,5.1
1860380,6.099999999999999
1860548,5.1
1860723,7.099999999999998
1860903,6.099999999999999
1861114,5.1
1861310,5.099999999999998
1861712,4.100000000000003
1861939,5.099999999999999
1862246,6.099999999999998
1862452,5.099999999999999
1862676,4.1000000000000005
1862867,6.1
1863179,5.1
1863354,7.099999999999999
1863616,7.099999999999999
1863789,5.099999999999998
1864197,7.1000000000000005
1864428,5.099999999999998
1864818,7.100000000000001
1865009,7.1
1865270,5.099999999999998
1865514,7.099999999999998
1865886,7.1000000000000005
1866075,6.1000000000000005
1866230,6.099999999999998
1866397,6.099999999999998
1866570,6.099999999999997
1866808,4.099999999999999
1867050,7.099999999999998
1867222,7.099999999999999
1867389,5.1
1867620,5.1000000000000005
1867863,6.1
1868024,6.099999999999999
1868231,5.099999999999999
1868665,6.100000000000002
1868941,3.099999999999999
1869207,6.1
1869420,7.099999999999999
1869631,5.1
1869858,6.099999999999999
1870075,6.099999999999999
1870252,7.099999999999999
1870487,6.1
1870666,5.099999999999999
1870935,5.1
1871123,5.099999999999999
1871447,6.099999999999999
1871658,6.099999999999999
1871834,5.099999999999999
1871981,5.099999999999999
1872191,8.099999999999998
1872472,6.1
1872675,4.1
1872916,7.099999999999999
1873132,5.099999999999999
1873272,5.099999999999998
1873435,4.099999999999999
1873608,5.099999999999998
1873834,6.1000000000000005
1874037,5.099999999999999
1874181,5.099999999999998
1874386,7.099999999999998
1874618,7.099999999999998
1874816,6.099999999999999
1875017,6.099999999999999
1875235,6.099999999999998
1875495,7.099999999999999
1875742,6.099999999999998
1875913,7.099999999999999
1876112,5.099999999999999
1876450,6.100000000000001
1876645,5.099999999999999
1876884,5.099999999999999
1877133,6.099999999999997
1877372,5.099999999999999
1877533,4.099999999999998
1877749,5.099999999999999
1877914,5.099999999999997
1878148,5.1
1878372,7.099999999999998
1878630,9.1
1878865,5.099999999999998
1879076,6.099999999999999
1879371,7.1000000000000005
1879747,8.100000000000003
1879990,6.099999999999999
1880177,7.099999999999999
1880363,5.099999999999999
1880544,5.099999999999999
1880811,6.1000000000000005
1881025,6.099999999999998
1881299,3.099999999999999
1881557,7.1000000000000005
1881760,5.099999999999999
1881900,5.099999999999999
1882112,7.099999999999997
1882260,4.099999999999999
1882456,6.099999999999999
1882682,6.099999999999998
1882920,6.1
1883162,8.1
1883210,4.099999999999999
1883476,4.1
1883734,5.1000000000000005
1883908,6.099999999999999
1884145,5.1
1884364,3.099999999999999
1884570,6.099999999999999
1884838,5.099999999999999
1885031,5.099999999999999
1885198,4.099999999999998
1885243,4.1
1885442,5.099999999999999
1885695,6.1
1885863,6.099999999999999
1886111,7.099999999999998
1886525,6.100000000000001
1886714,5.1
1886918,6.1
1887153,5.099999999999998
1887384,6.099999999999999
1887610,5.099999999999998
1887858,6.099999999999999
1888099,6.099999999999999
1888311,6.099999999999996
1888551,5.1
1888748,6.099999999999999
1888973,5.099999999999998
1889139,5.099999999999999
1889334,6.099999999999999
1889616,8.1
1889883,5.099999999999999
1890103,6.099999999999999
1890279,6.099999999999998
1890468,4.099999999999999
1890621,5.099999999999999
1890840,6.099999999999999
1891091,7.099999999999998
1891321,6.099999999999998
1891629,6.099999999999998
1891863,6.099999999999999
1892057,5.1
1892275,6.099999999999999
1892533,5.099999999999999
1892756,5.099999999999998
1892956,7.099999999999999
1893205,5.099999999999998
1893357,5.099999999999999
1893574,6.099999999999998
1893772,6.099999999999999
1894090,7.099999999999998
1894291,6.1
1894683,6.1
1894886,5.099999999999999
1895062,5.1
1895279,7.099999999999998
1895320,2.099999999999999
1895534,5.099999999999999
1895850,4.1000000000000005
1896046,7.099999999999999
1896331,7.099999999999998
1896505,6.099999999999999
1896698,5.099999999999999
1896895,5.1
1897098,4.099999999999997
1897336,6.099999999999999
1897557,6.099999999999999
1897810,7.099999999999998
1897982,6.099999999999999
1898272,5.099999999999999
1898453,5.099999999999999
1898713,5.1
1898907,7.099999999999999
1899135,6.1
1899309,6.099999999999999
1899563,7.099999999999998
1899792,7.099999999999998
1899992,7.099999999999999
1900216,5.099999999999999
1900522,6.099999999999999
1900776,7.099999999999999
1900966,6.099999999999999
1901170,4.1
1901345,5.099999999999998
1901571,6.099999999999998
1901820,6.099999999999999
1901992,7.099999999999999
1902197,6.099999999999999
1902445,6.099999999999999
1902693,5.099999999999999
1902878,6.099999999999999
1903093,6.099999999999998
1903282,6.099999999999998
1903433,6.099999999999999
1903645,7.099999999999998
1903819,6.099999999999999
1903989,7.099999999999999
1904268,9.100000000000001
1904611,7.1000000000000005
1904812,6.099999999999999
1905043,6.099999999999998
1905236,6.099999999999999
1905436,6.099999999999999
1905630,7.099999999999999
1905856,7.099999999999999
1906035,5.099999999999999
1906213,5.099999999999999
1906415,7.099999999999998
1906575,5.099999999999999
1906919,6.1
1907141,5.099999999999999
1907317,5.1
1907476,5.099999999999999
1907686,5.099999999999998
1908030,6.1
1908213,6.099999999999999
1908389,5.099999999999999
1908624,7.099999999999998
1908876,6.099999999999998
1909056,6.099999999999999
1909271,6.099999999999998
1909373,5.099999999999999
1909581,5.099999999999999
1909825,5.099999999999999
1910067,7.1000000000000005
1910284,5.099999999999996
1910483,6.099999999999999
1910724,6.099999999999999
1910918,5.099999999999999
1911132,5.1
1911356,6.099999999999998
1911526,6.1
1911802,7.099999999999998
1912020,5.099999999999999
1912241,6.099999999999999
1912462,7.099999999999999
1912682,4.099999999999999
1912861,6.099999999999999
1913043,5.099999999999999
1913294,3.099999999999999
1913524,6.099999999999999
1913803,7.1000000000000005
1913978,3.099999999999999
1914251,6.099999999999999
1914478,7.1
1914682,7.099999999999999
1914895,5.099999999999998
1915105,4.099999999999999
1915309,5.099999999999998
1915513,7.099999999999999
1915748,6.099999999999998
1916172,4.100000000000002
1916401,6.1
1916632,6.099999999999998
1916810,7.099999999999999
1917005,6.099999999999998
1917236,7.1
1917447,6.099999999999999
1917677,6.099999999999998
1917912,6.099999999999998
1918108,5.099999999999998
1918308,5.099999999999998
1918538,6.1
1918773,6.099999999999997
1919111,5.1000000000000005
1919344,6.099999999999998
1919554,6.1
1919850,4.099999999999999
1920213,5.100000000000003
1920479,5.099999999999999
1920628,4.099999999999999
1920800,6.099999999999999
1921052,6.099999999999999
1921345,6.099999999999999
1921562,6.1
1921958,6.100000000000001
1922168,6.099999999999999
1922453,6.099999999999998
1922736,7.1
1923000,6.099999999999998
1923201,6.099999999999999
1923425,5.1
1923799,5.1000000000000005
1924137,4.100000000000003
1924364,6.099999999999999
1924551,5.099999999999999
1924929,6.1
1925117,6.1
1925309,5.1
1925733,6.100000000000001
1925900,6.099999999999999
1926089,7.099999999999997
1926283,5.099999999999999
1926422,6.099999999999999
1926671,6.099999999999998
1926865,5.099999999999999
1927115,5.1
1927273,5.099999999999999
1927477,6.099999999999999
1927748,6.1
1927948,5.099999999999999
1928154,7.099999999999998
1928335,5.1
1928560,6.099999999999999
1928747,6.1
1928907,4.099999999999999
1929331,7.100000000000001
1929555,6.099999999999998
1929753,6.099999999999999
1929929,6.099999999999999
1930128,7.1
1930390,7.099999999999999
1930598,6.1
1930846,5.099999999999999
1931069,8.100000000000003
1931308,3.099999999999999
1931489,6.099999999999997
1931689,6.099999999999998
1931963,7.1
1932287,6.099999999999999
1932475,4.1
1932598,4.1
1932777,6.1
1932981,6.099999999999999
1933179,4.099999999999999
1933416,5.099999999999997
1933619,7.099999999999998
1933843,6.099999999999999
1934073,5.1
1934327,5.1000000000000005
1934502,5.099999999999997
1934669,6.1
1934902,6.099999999999998
1935134,6.099999999999999
1935354,8.100000000000001
1935499,7.1
1935720,6.099999999999998
1935944,6.099999999999998
1936129,4.1
1936279,5.099999999999998
1936525,7.1
1936666,6.099999999999998
1936817,7.099999999999999
1937089,6.099999999999999
1937255,5.099999999999998
1937432,6.099999999999999
1937605,5.099999999999997
1937782,6.099999999999999
1938046,7.1
1938104,0.10000000000000009
1938399,5.1000000000000005
1938691,7.099999999999997
1938850,4.099999999999999
1939049,7.099999999999999
1939259,7.099999999999998
1939440,6.099999999999999
1939634,6.1
1939791,4.099999999999999
1939945,5.099999999999998
1940235,5.099999999999999
1940454,5.099999999999999
1940643,5.1
1940845,5.099999999999999
1941041,5.099999999999999
1941427,7.100000000000001
1941617,7.099999999999999
1941799,6.099999999999999
1942031,4.099999999999999
1942286,7.099999999999999
1942484,6.099999999999999
1942676,9.100000000000001
1942974,6.1
1943173,6.099999999999999
1943412,6.099999999999999
1943588,5.1
1943756,7.1
1943972,5.099999999999999
1944175,7.099999999999999
1944385,3.099999999999999
1944612,6.099999999999998
1944870,4.1000000000000005
1945076,4.099999999999999
1945334,4.100000000000001
1945614,4.099999999999999
1945783,6.1
1946090,8.1
1946350,5.1
1946716,6.100000000000001
1946980,5.1
1947213,5.099999999999999
1947545,5.100000000000001
1947764,4.099999999999999
1948062,6.1000000000000005
1948203,5.099999999999998
1948543,6.1
1948763,6.099999999999999
1949002,7.1
1949218,4.099999999999999
1949426,6.099999999999999
1949712,7.099999999999997
1949912,6.099999999999999
1950098,6.099999999999999
1950296,6.099999999999998
1950509,6.099999999999998
1950789,5.1
1950890,5.1
1951072,5.1
1951237,7.099999999999997
1951433,5.099999999999999
1951667,6.1
1951876,5.099999999999999
1952076,7.099999999999998
1952286,6.099999999999998
1952662,7.1000000000000005
1952951,6.099999999999998
1953181,6.099999999999998
1953378,6.099999999999998
1953579,6.099999999999998
1953773,6.099999999999999
1953954,6.099999999999999
1954134,6.099999999999998
1954355,6.099999999999998
1954577,4.099999999999999
1954754,5.1
1954949,7.099999999999999
1955133,6.099999999999999
1955403,6.099999999999996
1955599,6.099999999999999
1955866,6.1000000000000005
1956046,6.099999999999999
1956227,6.1
1956429,5.099999999999998
1956625,5.099999999999999
1956890,3.0999999999999996
1957138,6.099999999999996
1957352,5.099999999999999
1957574,6.099999999999999
1957816,7.099999999999997
1958029,6.099999999999997
1958228,6.1
1958463,6.099999999999998
1958671,8.1
1958866,5.099999999999998
1959034,7.099999999999998
1959396,7.100000000000001
1959705,7.099999999999999
1960065,6.1000000000000005
1960266,6.099999999999999
1960463,5.099999999999999
1960633,6.099999999999997
1960813,6.099999999999999
1960987,5.099999999999998
1961177,6.099999999999999
1961349,5.099999999999999
1961511,5.099999999999997
1961756,7.099999999999997
1961924,4.099999999999998
1962187,7.099999999999999
1962399,6.099999999999997
1962616,7.099999999999999
1962850,6.099999999999998
1963013,4.099999999999999
1963271,7.1
1963550,4.099999999999999
1963900,6.1000000000000005
1964131,5.099999999999998
1964372,5.099999999999999
1964564,5.099999999999999
1964729,6.099999999999999
1964968,7.099999999999999
1965135,7.099999999999999
1965230,4.099999999999999
1965438,6.099999999999999
1965632,6.1
1965811,6.099999999999999
1966075,4.099999999999998
1966254,7.099999999999999
1966455,4.099999999999997
1966670,4.1
1966869,6.099999999999999
1967076,6.1
1967286,5.1
1967507,6.099999999999999
1967731,6.1
1967934,7.099999999999997
1968316,6.100000000000001
1968485,4.099999999999999
1968663,6.099999999999999
1968881,6.099999999999999
1969075,5.1
1969284,6.099999999999998
1969717,6.100000000000003
1969984,6.099999999999998
1970231,5.099999999999999
1970443,6.099999999999999
1970639,6.099999999999999
1970839,3.099999999999999
1971145,6.1000000000000005
1971325,5.1
1971606,6.1
1971996,4.100000000000003
1972168,6.099999999999999
1972323,5.099999999999999
1972490,5.099999999999998
1972715,6.099999999999996
1972916,6.099999999999997
1973120,5.099999999999999
1973384,6.099999999999998
1973496,5.099999999999999
1973792,7.1000000000000005
1974034,5.099999999999999
1974211,5.099999999999999
1974369,5.099999999999999
1974571,5.099999999999999
1974755,7.099999999999999
1974953,5.099999999999999
1975142,6.099999999999999
1975352,6.1
1975560,7.1
1975666,3.099999999999999
1975930,6.099999999999998
1976102,6.099999999999999
1976257,6.099999999999998
1976482,5.099999999999999
1976762,7.099999999999999
1976932,6.099999999999999
1977167,5.099999999999999
1977405,7.099999999999999
1977648,5.099999999999998
1977866,6.1
1978001,4.099999999999999
1978178,6.099999999999998
1978356,6.1
1978608,5.099999999999997
1978810,6.099999999999998
1978976,5.099999999999999
1979368,6.1000000000000005
1979666,5.099999999999998
1979863,7.099999999999999
1980106,6.099999999999999
1980303,6.099999999999999
1980492,6.099999999999999
1980750,7.099999999999999
1980907,5.099999999999999
1981118,6.099999999999999
1981330,5.099999999999998
1981498,5.099999999999999
1981730,5.099999999999998
1981914,4.099999999999999
1982106,6.1
1982357,7.1
1982592,6.099999999999998
1982776,6.099999999999998
1982982,7.099999999999999
1983176,6.099999999999999
1983445,4.1
1983725,6.099999999999998
1983979,5.099999999999999
1984136,4.099999999999999
1984365,6.1
1984655,8.100000000000001
1984888,8.100000000000001
1985116,6.099999999999998
1985315,6.099999999999998
1985508,7.1
1985687,5.1
1985937,6.099999999999998
1986096,6.099999999999999
1986301,6.099999999999999
1986482,7.1
1986708,7.099999999999999
1986879,5.099999999999999
1987101,6.099999999999999
1987327,6.099999999999999
1987537,6.099999999999999
1987759,6.099999999999996
1987949,5.099999999999999
1988159,6.099999999999997
1988368,7.099999999999998
1988561,5.099999999999999
1988763,6.099999999999999
1989045,6.099999999999997
1989243,6.099999999999999
1989400,4.099999999999999
1989555,4.099999999999999
1989813,6.099999999999999
1990043,7.099999999999999
1990286,6.099999999999999
1990489,5.1
1990678,6.099999999999997
1990881,6.099999999999998
1991101,6.099999999999998
1991304,5.099999999999998
1991579,7.099999999999998
1991829,8.100000000000001
1992095,6.099999999999998
1992308,7.099999999999998
1992490,7.099999999999999
1992695,5.099999999999999
1992885,5.099999999999999
1993033,6.099999999999999
1993259,5.1
1993613,5.1000000000000005
1993831,8.1
1994082,6.1
1994229,6.1
1994467,6.099999999999999
1994624,5.099999999999999
1994767,6.1
1994961,6.099999999999999
1995258,7.099999999999997
1995477,6.099999999999998
1995740,6.1
1995979,7.099999999999999
1996220,5.099999999999998
1996430,7.099999999999998
1996685,6.099999999999998
1996906,6.099999999999998
1997137,4.099999999999998
1997294,5.099999999999999
1997617,5.1000000000000005
1997813,6.099999999999999
1997984,5.099999999999999
1998240,7.1
1998578,7.099999999999999
1998749,6.099999999999999
1998963,7.1
1999248,7.1000000000000005
1999485,6.099999999999997
1999688,8.100000000000001
1999962,7.099999999999996
2000263,5.1000000000000005
2000478,7.099999999999998
2000705,7.099999999999998
2000881,6.1
2001074,6.099999999999999
2001251,7.099999999999999
2001419,6.099999999999998
2001641,6.099999999999999
2001896,6.099999999999997
2002071,6.099999999999999
2002247,6.099999999999999
2002474,7.099999999999999
2002684,6.1
2002885,6.099999999999999
2003079,5.1
2003260,5.1
2003458,6.099999999999999
2003671,6.1
2003913,7.1
2004217,5.1
2004452,6.099999999999998
2004654,6.099999999999999
2004840,6.099999999999998
2005106,6.099999999999999
2005279,6.099999999999999
2005557,6.099999999999999
2005810,6.099999999999999
2006198,6.100000000000001
2006412,5.1
2006836,6.1000000000000005
2007033,4.1
2007203,7.099999999999999
2007398,6.1
2007602,5.099999999999999
2007821,6.099999999999999
2007976,5.099999999999998
2008213,7.099999999999997
2008402,6.099999999999999
2008611,4.099999999999999
2008786,2.1
2008892,5.1
2009110,6.099999999999998
2009419,5.1
2009585,5.099999999999999
2009761,5.099999999999999
2009975,6.099999999999999
2010172,9.1
2010368,6.1
2010525,6.099999999999999
2010911,4.100000000000002
2011003,4.099999999999999
2011239,7.099999999999999
2011429,7.099999999999999
2011635,6.099999999999999
2011829,6.099999999999997
2012073,5.099999999999998
2012237,6.1
2012499,6.099999999999998
2012660,5.099999999999999
2012884,7.099999999999997
2013073,5.099999999999998
2013271,6.099999999999999
2013454,6.099999999999999
2013669,4.1
2013847,5.099999999999999
2014259,7.100000000000001
2014428,4.1
2014588,4.099999999999999
2014859,6.099999999999998
2015056,6.099999999999999
2015326,6.099999999999999
2015527,5.099999999999999
2015731,6.099999999999998
2015917,7.099999999999999
2016263,5.100000000000002
2016553,5.099999999999998
2016814,6.099999999999997
2017069,7.099999999999998
2017302,7.099999999999998
2017496,6.099999999999999
2017667,7.1
2017874,6.099999999999999
2018111,6.099999999999998
2018253,6.099999999999999
2018475,7.099999999999999
2018831,7.1
2019131,5.1000000000000005
2019400,4.1000000000000005
2019596,7.099999999999997
2019753,5.099999999999999
2019932,6.099999999999999
2020110,6.099999999999999
2020369,4.1
2020545,7.099999999999999
2020891,7.100000000000001
2021078,5.099999999999999
2021297,6.099999999999998
2021482,6.1
2021688,6.099999999999998
2021879,4.099999999999998
2022136,6.099999999999998
2022303,7.099999999999999
2022503,7.099999999999999
2022688,6.099999999999997
2022894,4.099999999999999
2023088,5.099999999999998
2023291,5.099999999999999
2023494,7.1
2023692,6.099999999999999
2023909,5.099999999999999
2024115,6.099999999999999
2024284,4.099999999999999
2024628,6.100000000000002
2024832,6.099999999999999
2025142,5.1
2025348,7.099999999999999
2025602,6.099999999999999
2025829,5.099999999999999
2025967,6.099999999999999
2026245,5.1
2026393,7.099999999999999
2026571,5.099999999999999
2026720,5.099999999999999
2026942,6.099999999999999
2027109,5.099999999999999
2027285,5.1
2027502,6.099999999999999
2027688,7.099999999999999
2027901,6.099999999999999
2028086,7.099999999999999
2028280,4.099999999999999
2028606,7.099999999999999
2028755,4.099999999999999
2029131,6.099999999999999
2029389,7.1
2029586,6.099999999999999
2029840,7.1
2030037,6.099999999999999
2030327,6.1
2030516,5.099999999999999
2030728,5.1
2030917,6.099999999999999
2031093,6.1
2031369,6.099999999999998
2031727,6.100000000000001
2031940,6.099999999999998
2032163,7.1
2032390,5.099999999999998
2032660,4.099999999999998
2032873,6.1
2033195,5.1
2033437,5.099999999999999
2033625,6.099999999999999
2033789,5.1
2034061,6.099999999999999
2034345,6.1000000000000005
2034689,6.1000000000000005
2035009,9.100000000000001
2035351,7.1
2035572,4.099999999999999
2035828,5.099999999999998
2036015,5.099999999999998
2036235,5.099999999999997
2036454,5.1
2036654,6.099999999999999
2037030,6.100000000000001
2037253,6.1
2037416,5.099999999999999
2037592,4.099999999999999
2037792,6.099999999999999
2037972,5.099999999999999
2038177,5.099999999999999
2038360,6.099999999999999
2038556,6.099999999999999
2038806,5.099999999999999
2039116,7.099999999999998
2039285,3.099999999999999
2039484,6.099999999999999
2039762,5.1
2039962,7.099999999999999
2040168,6.099999999999999
2040348,5.1
2040736,6.100000000000002
2040988,6.099999999999998
2041221,5.099999999999998
2041437,6.099999999999999
2041632,6.099999999999999
2041866,6.099999999999999
2042138,7.099999999999999
2042442,5.1
2042714,6.1
2042942,6.099999999999999
2043141,6.099999999999999
2043339,5.099999999999998
2043532,7.099999999999999
2043758,6.099999999999998
2044040,5.1
2044301,6.099999999999998
2044525,6.099999999999999
2044720,6.099999999999999
2044916,7.099999999999999
2045125,5.099999999999999
2045339,6.1
2045561,7.099999999999999
2045793,6.099999999999998
2046047,6.099999999999997
2046278,5.099999999999999
2046454,7.1
2046688,6.099999999999999
2046888,6.099999999999999
2047146,5.099999999999999
2047322,7.099999999999999
2047501,6.1
2047732,6.099999999999999
2047907,7.1
2048019,5.1
2048295,7.099999999999998
2048515,5.1
2048692,6.099999999999997
2048915,7.099999999999998
2049118,5.099999999999999
2049478,8.1
2049709,5.099999999999999
2049969,6.099999999999998
2050215,6.1
2050376,6.099999999999998
2050545,6.099999999999999
2050721,7.1
2050935,6.099999999999998
2051201,6.099999999999999
2051452,8.1
2051711,6.099999999999997
2051941,7.1
2052243,6.1000000000000005
2052549,7.1
2052769,5.099999999999998
2052990,5.099999999999999
2053179,7.1
2053527,5.1000000000000005
2053873,6.100000000000002
2054068,6.099999999999999
2054338,7.1
2054524,7.099999999999999
2054817,6.1
2055023,5.1
2055174,5.099999999999998
2055367,6.099999999999999
2055586,7.1
2055801,7.099999999999999
2055966,5.099999999999999
2056219,8.100000000000001
2056388,6.099999999999999
2056583,6.099999999999999
2056813,5.1
2056977,7.1
2057168,6.099999999999999
2057354,6.099999999999998
2057571,7.099999999999998
2057766,7.099999999999999
2058071,6.099999999999998
2058261,6.099999999999999
2058458,6.099999999999997
2058682,3.099999999999999
2058958,6.099999999999998
2059161,6.099999999999999
2059403,6.1000000000000005
2059642,4.099999999999999
2059827,6.099999999999999
2060053,6.099999999999999
2060251,6.099999999999999
2060432,6.099999999999999
2060664,6.099999999999998
2060849,6.099999999999998
2061113,6.099999999999999
2061311,6.099999999999999
2061537,6.1
2061795,5.099999999999998
2061958,5.099999999999999
2062144,7.099999999999999
2062450,4.1
2062625,7.099999999999999
2062934,6.1
2063264,6.099999999999999
2063457,7.1
2063646,7.099999999999999
2063860,6.1
2064051,7.099999999999999
2064306,6.099999999999997
2064551,4.1
2064721,6.099999999999999
2064959,6.099999999999999
2065175,6.099999999999999
2065440,6.1
2065608,6.1
2065820,7.099999999999998
2066017,6.099999999999999
2066198,6.099999999999999
2066385,5.099999999999997
2066592,8.1
2066897,6.099999999999999
2067103,6.099999999999998
2067289,5.099999999999997
2067482,4.099999999999999
2067585,4.099999999999999
2067801,6.099999999999999
2068193,6.1000000000000005
2068379,6.099999999999999
2068682,6.1000000000000005
2068876,7.099999999999999
2069082,6.099999999999999
2069251,7.099999999999999
2069497,7.099999999999997
2069839,6.1000000000000005
2070002,6.099999999999999
2070196,7.1
2070451,5.099999999999999
2070755,7.1000000000000005
2070955,6.099999999999998
2071168,6.099999999999998
2071394,5.1
2071559,6.099999999999999
2071782,7.099999999999997
2071984,5.099999999999999
2072155,5.099999999999999
2072427,8.100000000000001
2072671,6.099999999999999
2072835,7.099999999999999
2073271,5.100000000000003
2073458,6.1
2073652,5.099999999999998
2073822,7.099999999999999
2074024,6.099999999999999
2074216,6.1
2074532,9.099999999999998
2074738,7.099999999999998
2074959,5.099999999999999
2075192,6.099999999999998
2075346,6.099999999999999
2075620,6.1
2075910,5.099999999999999
2076082,6.099999999999999
2076276,6.099999999999998
2076588,6.099999999999999
2076797,6.099999999999999
2076970,6.099999999999997
2077157,4.099999999999999
2077471,5.100000000000001
2077687,6.099999999999999
2077904,3.099999999999999
2078115,6.099999999999999
2078356,7.099999999999998
2078605,5.099999999999998
2078815,6.099999999999999
2078979,4.099999999999999
2079177,6.099999999999999
2079365,6.099999999999999
2079644,9.100000000000003
2079863,6.099999999999998
2080055,4.099999999999999
2080329,4.1
2080602,7.099999999999997
2080775,6.099999999999999
2081033,6.1000000000000005
2081243,7.099999999999999
2081477,6.099999999999999
2081885,7.100000000000001
2082141,7.099999999999998
2082315,6.099999999999999
2082528,5.099999999999998
2082892,7.100000000000001
2083044,2.0999999999999996
2083261,6.099999999999999
2083497,6.099999999999999
2083744,6.099999999999998
2084040,6.099999999999998
2084203,7.1
2084399,4.1
2084587,6.099999999999999
2084772,6.099999999999999
2084974,6.099999999999999
2085146,7.099999999999999
2085392,6.099999999999996
2085625,7.099999999999998
2085840,6.099999999999998
2086168,5.099999999999999
2086322,5.1
2086694,6.1000000000000005
2086877,7.099999999999996
2087259,8.100000000000003
2087412,5.099999999999999
2087582,5.099999999999999
2087793,6.1
2087965,6.099999999999999
2088233,5.1
2088519,5.1000000000000005
2088694,5.099999999999999
2088851,4.099999999999999
2089057,6.1
2089224,5.1
2089468,7.1
2089697,5.099999999999998
2089901,6.099999999999998
2090281,7.100000000000001
2090578,4.099999999999997
2090773,6.099999999999998
2091082,6.1
2091274,5.099999999999999
2091489,8.1
2091705,7.099999999999999
2091886,6.099999999999997
2092115,5.099999999999999
2092304,6.1
2092404,6.099999999999999
2092592,5.1
2092807,5.099999999999999
2092848,3.1
2093093,5.099999999999999
2093402,7.099999999999998
2093594,4.099999999999999
2093870,7.099999999999998
2094076,7.099999999999998
2094250,5.099999999999999
2094509,5.1
2094672,6.099999999999999
2094884,6.099999999999999
2095091,5.099999999999999
2095288,6.099999999999999
2095485,6.099999999999999
2095694,6.099999999999998
2095880,6.099999999999999
2096054,7.099999999999997
2096277,5.099999999999999
2096440,5.1000000000000005
2096602,6.1
2096817,5.099999999999999
2097143,6.100000000000001
2097422,7.099999999999997
2097697,6.1000000000000005
2097885,6.099999999999998
2098101,6.099999999999999
2098280,7.099999999999999
2098584,7.099999999999998
2098794,6.1
2098994,5.1
2099185,7.099999999999998
2099394,6.099999999999998
2099606,6.099999999999999
2099823,8.099999999999998
2099924,7.099999999999999
2100162,7.099999999999999
2100393,7.099999999999998
2100623,6.099999999999998
2100814,6.1
2100987,6.099999999999999
2101206,7.099999999999999
2101405,4.099999999999999
2101619,6.099999999999999
2101796,6.099999999999999
2101994,6.099999999999999
2102170,6.099999999999999
2102354,6.099999999999999
2102582,6.099999999999997
2102782,5.099999999999999
2103114,4.1
2103291,5.099999999999999
2103491,6.099999999999999
2103685,6.1
2103857,6.099999999999999
2104023,5.099999999999998
2104173,6.099999999999999
2104336,6.1
2104638,6.099999999999997
2104809,7.099999999999999
2104981,5.099999999999999
2105235,5.1
2105478,6.099999999999997
2105774,9.1
2105998,6.099999999999998
2106347,6.1
2106533,6.099999999999999
2106701,5.099999999999998
2106886,5.1
2107112,7.099999999999999
2107395,6.099999999999999
2107588,6.099999999999999
2107821,7.099999999999998
2107987,3.099999999999999
2108273,6.099999999999998
2108480,6.099999999999999
2108882,5.100000000000003
2109049,6.099999999999998
2109201,4.1
2109398,5.1
2109581,6.099999999999998
2109742,6.099999999999999
2110106,7.1
2110320,6.099999999999999
2110515,6.099999999999998
2110738,7.099999999999998
2110937,5.099999999999999
2111263,8.100000000000001
2111440,6.1
2111635,6.099999999999999
2111832,7.099999999999998
2112093,8.100000000000001
2112367,5.099999999999999
2112537,6.099999999999998
2112736,6.099999999999998
2112944,9.1
2113117,5.099999999999999
2113557,6.100000000000001
2113728,5.099999999999999
2113968,7.099999999999999
2114262,4.099999999999999
2114517,6.099999999999998
2114759,6.1
2115026,4.099999999999998
2115244,6.099999999999999
2115451,5.099999999999999
2115639,7.1
2115899,9.1
2116087,7.099999999999998
2116292,5.099999999999998
2116638,6.1000000000000005
2116788,4.099999999999999
2117019,6.099999999999999
2117191,4.099999999999999
2117497,6.1
2117773,6.099999999999999
2117962,6.099999999999999
2118164,7.099999999999999
2118354,6.099999999999999
2118549,5.099999999999999
2118771,7.099999999999999
2118976,5.099999999999999
2119243,6.099999999999998
2119475,6.099999999999998
2119883,6.1000000000000005
2120072,4.099999999999999
2120297,5.1
2120651,5.1
2120916,4.099999999999998
2121169,7.099999999999998
2121380,6.099999999999998
2121576,6.099999999999998
2121755,6.099999999999997
2122098,6.1
2122288,6.099999999999999
2122485,7.099999999999998
2122671,7.099999999999999
2122857,7.099999999999998
2123028,5.1
2123270,4.1000000000000005
2123672,5.100000000000003
2123925,5.099999999999999
2124177,6.099999999999998
2124338,6.099999999999999
2124618,5.1000000000000005
2124857,7.099999999999998
2125072,7.099999999999999
2125282,5.099999999999999
2125508,7.1
2125709,6.099999999999998
2125862,6.099999999999999
2126094,7.099999999999999
2126432,5.100000000000001
2126699,5.099999999999999
2126945,5.1
2127147,7.099999999999999
2127324,6.099999999999999
2127535,5.1
2127726,3.099999999999999
2127916,6.1
2128106,7.099999999999999
2128300,6.1
2128499,6.099999999999999
2128704,5.099999999999998
2128939,6.099999999999999
2129120,6.099999999999999
2129333,7.099999999999999
2129632,6.100000000000002
2129828,7.099999999999999
2130036,6.099999999999998
2130213,7.099999999999999
2130519,4.100000000000002
2130742,6.099999999999999
2130982,6.099999999999998
2131225,6.099999999999999
2131426,6.099999999999999
2131626,5.099999999999998
2131884,9.100000000000001
2132101,3.099999999999999
2132390,9.100000000000001
2132672,4.1
2132842,6.099999999999999
2133021,7.099999999999997
2133202,5.099999999999999
2133460,7.099999999999996
2133650,5.099999999999998
2133860,6.099999999999999
2134060,7.099999999999999
2134285,5.099999999999999
2134471,6.099999999999998
2134708,5.1
2134950,6.099999999999998
2135227,5.1
2135468,7.1
2135696,7.099999999999998
2135893,5.099999999999998
2136112,4.099999999999999
2136335,7.1
2136612,6.099999999999998
2136818,5.099999999999999
2137068,7.099999999999999
2137295,5.099999999999999
2137545,6.099999999999998
2137755,5.1000000000000005
2137980,7.099999999999996
2138198,5.099999999999999
2138362,6.1
2138708,7.1000000000000005
2138889,5.099999999999999
2139245,6.1
2139461,7.099999999999999
2139620,5.099999999999999
2139875,7.099999999999998
2140106,5.099999999999998
2140322,7.099999999999998
2140493,5.099999999999998
2140721,6.099999999999999
2140899,6.099999999999998
2141109,6.099999999999998
2141282,7.099999999999999
2141558,6.1
2141799,6.1
2141993,7.099999999999999
2142230,5.099999999999997
2142438,6.099999999999999
2142605,6.099999999999999
2142796,7.099999999999999
2143004,5.099999999999999
2143210,6.099999999999999
2143439,5.1
2143750,6.099999999999996
2143940,6.099999999999999
2144229,5.099999999999999
2144451,8.1
2144615,4.1
2144855,4.1
2145034,7.099999999999999
2145183,5.1
2145369,7.099999999999998
2145619,5.1
2145853,6.099999999999997
2146097,7.099999999999998
2146365,6.1
2146539,7.099999999999999
2146749,7.099999999999999
2147039,6.1
2147217,6.099999999999999
2147453,6.099999999999998
2147730,6.1
2147983,5.099999999999998
2148222,7.099999999999998
2148418,7.099999999999999
2148774,6.1000000000000005
2149003,5.099999999999999
2149209,5.099999999999999
2149374,4.1
2149529,7.099999999999997
2149771,6.1
2149943,6.099999999999999
2150129,6.099999999999998
2150414,5.100000000000001
2150744,5.1000000000000005
2151046,3.099999999999999
2151348,8.1
2151592,7.099999999999999
2151858,5.099999999999997
2152069,6.099999999999998
2152303,6.099999999999999
2152508,5.099999999999999
2152735,6.099999999999998
2152913,5.1
2153097,6.099999999999999
2153329,4.1000000000000005
2153508,7.099999999999999
2153814,8.1
2154008,7.099999999999999
2154174,6.099999999999999
2154355,5.099999999999999
2154711,9.100000000000003
2154927,7.1
2155098,7.099999999999999
2155379,6.1
2155592,6.099999999999999
2155889,5.1
2156100,7.099999999999999
2156349,5.1000000000000005
2156671,5.1000000000000005
2156943,6.099999999999998
2157196,6.099999999999998
2157536,10.100000000000001
2157794,7.099999999999999
2157990,7.099999999999997
2158185,6.099999999999998
2158357,7.1
2158559,7.099999999999999
2158805,6.099999999999999
2159093,6.099999999999999
2159276,6.099999999999998
2159506,7.099999999999998
2159555,4.1000000000000005
2159745,6.1
2160001,6.099999999999999
2160182,6.099999999999999
2160404,5.099999999999999
2160650,6.1
2160796,4.099999999999998
2160997,7.099999999999998
2161169,6.099999999999999
2161400,7.099999999999999
2161758,4.100000000000002
2162032,6.099999999999999
2162259,5.099999999999999
2162453,6.099999999999999
2162643,5.099999999999999
2162813,5.099999999999998
2163042,6.099999999999998
2163250,7.1
2163539,5.099999999999999
2163793,6.099999999999998
2164023,3.0999999999999996
2164421,8.100000000000001
2164609,7.1
2164804,6.099999999999999
2165026,6.099999999999998
2165300,7.099999999999999
2165501,7.099999999999999
2165909,5.100000000000002
2166264,6.1000000000000005
2166425,5.099999999999999
2166631,6.099999999999999
2166910,6.099999999999998
2167188,7.099999999999998
2167460,6.1
2167691,6.099999999999998
2167908,7.099999999999999
2168126,4.099999999999999
2168321,7.099999999999999
2168496,7.099999999999999
2168677,7.099999999999999
2168855,6.099999999999999
2169001,4.099999999999998
2169168,5.099999999999998
2169419,6.099999999999999
2169621,7.099999999999999
2169784,6.099999999999999
2169949,5.099999999999999
2170100,6.1
2170329,7.099999999999998
2170657,10.099999999999998
2170819,5.099999999999999
2171153,6.1
2171360,6.1
2171609,6.099999999999999
2171785,7.099999999999999
2172057,6.099999999999998
2172221,6.099999999999998
2172398,4.099999999999999
2172573,5.099999999999999
2172750,6.099999999999998
2172949,7.099999999999999
2173209,7.099999999999998
2173309,5.099999999999999
2173647,6.100000000000001
2173893,6.099999999999999
2174119,5.099999999999999
2174337,7.099999999999999
2174513,6.099999999999999
2174706,5.099999999999997
2174948,5.099999999999999
2175143,7.099999999999999
2175402,7.099999999999998
2175568,5.099999999999999
2175769,7.099999999999999
2175995,5.099999999999999
2176215,6.099999999999997
2176408,7.099999999999999
2176692,7.1000000000000005
2176863,7.099999999999999
2177091,8.1
2177286,7.099999999999999
2177485,6.099999999999999
2177720,7.1
2177901,5.099999999999999
2178277,6.1
2178475,7.099999999999999
2178746,7.099999999999998
2178908,5.099999999999999
2179138,7.099999999999996
2179317,5.1
2179572,7.099999999999998
2179861,5.1
2180215,6.1000000000000005
2180410,5.099999999999998
2180655,7.099999999999998
2180891,7.099999999999998
2181148,5.099999999999998
2181345,6.099999999999999
2181561,6.099999999999999
2181983,7.1000000000000005
2182134,5.099999999999999
2182362,4.1
2182636,5.1
2182861,6.099999999999999
2183094,8.099999999999998
2183301,6.1
2183509,7.1
2183715,7.099999999999999
2183987,6.099999999999999
2184200,6.099999999999998
2184458,5.099999999999999
2184719,6.099999999999998
2184995,6.099999999999999
2185254,6.1
2185509,8.099999999999998
2185783,5.100000000000001
2186079,7.100000000000001
2186505,6.100000000000002
2186668,4.099999999999999
2186923,7.099999999999999
2187233,7.1
2187473,7.099999999999999
2187663,6.099999999999999
2187896,6.099999999999999
2188070,7.099999999999999
2188362,6.099999999999998
2188553,6.099999999999999
2188724,7.099999999999999
2188888,6.1
2189115,6.099999999999999
2189377,6.099999999999998
2189603,6.099999999999998
2189813,6.099999999999998
2190040,6.099999999999996
2190241,5.099999999999998
2190489,5.099999999999998
2190752,5.099999999999999
2190945,5.1000000000000005
2191279,4.1000000000000005
2191446,6.1
2191684,6.099999999999998
2191863,4.099999999999999
2192087,6.099999999999999
2192287,5.1
2192450,6.099999999999999
2192627,6.099999999999999
2192865,6.099999999999998
2193070,7.099999999999998
2193292,8.100000000000001
2193509,7.099999999999998
2193728,6.099999999999999
2193929,6.1
2194117,5.1
2194329,5.1
2194546,7.099999999999998
2194811,5.1
2194989,6.099999999999999
2195184,7.099999999999999
2195423,6.099999999999997
2195771,6.1000000000000005
2195939,6.099999999999998
2196076,5.099999999999999
2196290,6.099999999999998
2196485,6.099999999999999
2196783,6.099999999999999
2196997,5.1
2197201,6.099999999999999
2197341,6.099999999999999
2197567,4.1000000000000005
2197787,7.099999999999999
2197982,5.099999999999999
2198142,4.099999999999999
2198400,6.099999999999999
2198622,6.099999999999998
2199036,6.100000000000002
2199363,6.099999999999999
2199528,5.099999999999999
2199688,5.099999999999999
2199960,5.099999999999999
2200194,5.099999999999999
2200392,5.099999999999999
2200663,9.100000000000001
2200909,7.099999999999998
2201179,6.099999999999998
2201429,7.099999999999998
2201779,6.1
2202018,6.099999999999998
2202185,6.099999999999999
2202441,6.099999999999998
2202592,5.099999999999999
2202767,5.099999999999999
2202970,6.099999999999999
2203179,8.100000000000001
2203434,6.099999999999998
2203593,6.099999999999999
2203844,6.099999999999998
2204066,7.099999999999998
2204341,6.099999999999998
2204610,7.099999999999999
2204828,6.099999999999999
2205188,9.1
2205388,4.099999999999998
2205556,6.1
2205779,7.099999999999999
2205938,5.099999999999999
2206158,7.099999999999999
2206390,5.1
2206645,7.099999999999999
2206800,4.099999999999999
2207007,5.099999999999998
2207159,5.1
2207336,8.100000000000001
2207502,7.099999999999999
2207546,3.099999999999999
2207781,6.1000000000000005
2207945,6.099999999999999
2208107,7.1
2208461,5.100000000000001
2208682,7.099999999999998
2208888,6.1
2209069,7.099999999999999
2209363,9.1
2209567,7.099999999999999
2209727,6.099999999999999
2209902,5.1
2210192,7.1
2210441,6.1
2210653,7.099999999999999
2210931,8.1
2211126,7.099999999999998
2211293,5.099999999999999
2211531,5.099999999999999
2211758,8.100000000000001
2211957,5.099999999999999
2212107,6.1
2212333,6.099999999999998
2212573,7.1
2212811,6.099999999999997
2213018,6.099999999999999
2213259,5.1
2213423,4.099999999999999
2213705,7.099999999999999
2213922,5.099999999999999
2214126,7.099999999999999
2214216,5.1
2214325,4.099999999999999
2214593,9.100000000000001
2214695,4.099999999999999
2215007,7.099999999999998
2215048,2.1
2215303,7.099999999999998
2215489,6.1
2215655,5.099999999999999
2215937,4.1
2216047,4.1
2216224,6.099999999999999
2216399,7.099999999999999
2216566,6.099999999999998
2216713,6.099999999999998
2217121,7.1000000000000005
2217294,7.099999999999999
2217525,6.099999999999998
2217899,7.1000000000000005
2218112,6.099999999999999
2218266,4.099999999999999
2218538,6.099999999999999
2218813,6.099999999999999
2219009,5.099999999999999
2219246,6.1
2219592,9.100000000000001
2219809,4.099999999999999
2220050,7.1
2220263,7.099999999999999
2220459,7.099999999999999
2220687,6.099999999999999
2220937,5.1
2221143,8.1
2221388,6.099999999999998
2221584,7.099999999999999
2221775,7.099999999999999
2221956,7.1
2222242,6.099999999999998
2222439,7.099999999999998
2222698,5.099999999999998
2222910,8.1
2223097,7.099999999999999
2223252,7.099999999999999
2223451,6.099999999999998
2223661,7.099999999999999
2223826,5.099999999999999
2224109,7.099999999999997
2224387,8.100000000000001
2224707,10.100000000000001
2224900,4.099999999999998
2225083,7.099999999999999
2225235,7.099999999999999
2225442,7.099999999999999
2225743,8.1
2225935,6.099999999999999
2226121,7.099999999999999
2226304,6.099999999999999
2226686,8.100000000000001
2226921,7.1
2227156,6.099999999999999
2227387,6.099999999999997
2227528,4.1
2227729,7.099999999999999
2227971,7.099999999999999
2228143,7.099999999999998
2228347,6.1
2228516,6.1
2228707,6.099999999999997
2228960,5.099999999999999
2229213,6.099999999999998
2229389,5.099999999999999
2229579,6.099999999999999
2229782,5.1
2230061,7.099999999999998
2230263,6.099999999999998
2230430,5.099999999999999
2230784,7.100000000000001
2230965,5.1
2231188,9.1
2231406,7.099999999999998
2231613,7.099999999999999
2231810,5.099999999999999
2232132,3.099999999999999
2232344,6.099999999999999
2232539,8.1
2232751,7.1
2232971,6.099999999999999
2233201,6.099999999999999
2233440,7.099999999999998
2233637,5.099999999999999
2233782,6.099999999999998
2233926,5.1
2234095,7.099999999999999
2234308,4.099999999999999
2234551,6.099999999999997
2234935,7.1
2235131,4.099999999999999
2235312,6.099999999999999
2235493,6.099999999999999
2235668,5.099999999999999
2235852,6.099999999999999
2236058,6.1
2236298,7.099999999999998
2236489,5.099999999999998
2236849,9.100000000000003
2237026,6.1
2237240,7.099999999999999
2237468,6.099999999999998
2237678,5.1
2237936,6.099999999999999
2238148,7.099999999999999
2238386,7.099999999999999
2238582,7.099999999999999
2238912,7.1000000000000005
2239099,7.099999999999999
2239338,6.1000000000000005
2239541,6.099999999999997
2239744,7.1
2239942,5.099999999999999
2240165,7.099999999999999
2240451,9.099999999999998
2240783,6.1000000000000005
2240969,5.1
2241409,8.100000000000003
2241652,6.099999999999999
2241888,6.099999999999998
2242078,7.1
2242288,5.099999999999999
2242594,5.1000000000000005
2242784,6.1
2242966,7.099999999999999
2243151,7.099999999999999
2243479,6.099999999999999
2243773,6.1
2243948,6.099999999999999
2244166,6.099999999999999
2244398,5.099999999999998
2244682,7.1000000000000005
2244872,7.099999999999999
2245135,6.099999999999998
2245366,5.099999999999998
2245613,6.1
2245850,8.100000000000001
2246012,7.099999999999999
2246254,5.1000000000000005
2246480,6.1
2246624,7.099999999999998
2246932,7.1
2247132,8.1
2247366,7.099999999999999
2247552,5.099999999999998
2247847,6.099999999999997
2248060,6.099999999999998
2248234,9.100000000000001
2248425,6.099999999999998
2248700,7.099999999999999
2248859,6.099999999999999
2249080,6.099999999999997
2249298,7.099999999999998
2249493,6.099999999999999
2249777,9.100000000000001
2250169,6.100000000000001
2250385,7.099999999999999
2250793,7.100000000000001
2251031,7.099999999999999
2251252,6.099999999999999
2251474,6.099999999999998
2251681,6.099999999999998
2251932,4.1
2252113,7.099999999999999
2252283,7.099999999999999
2252483,7.099999999999997
2252660,7.1
2252860,5.099999999999999
2253033,5.1
2253283,10.100000000000001
2253509,8.099999999999998
2253663,7.099999999999999
2253874,7.099999999999999
2254053,5.099999999999999
2254463,6.1000000000000005
2254705,5.1
2254912,8.099999999999998
2255108,7.099999999999997
2255305,6.099999999999999
2255500,7.1
2255705,6.099999999999998
2255939,5.099999999999998
2256175,8.100000000000001
2256343,6.099999999999999
2256604,8.099999999999998
2256758,6.099999999999998
2257102,7.099999999999999
2257268,7.099999999999999
2257467,6.099999999999999
2257665,6.099999999999999
2257860,4.1
2258112,6.099999999999996
2258451,7.1000000000000005
2258657,7.099999999999997
2258955,7.1
2259361,7.1
2259705,7.099999999999998
2259910,7.099999999999998
2260092,7.099999999999999
2260354,4.1
2260608,7.099999999999998
2260820,5.099999999999999
2261057,7.099999999999999
2261230,6.099999999999999
2261536,5.1000000000000005
2261765,7.099999999999996
2261927,5.1
2262099,6.099999999999999
2262317,6.099999999999999
2262500,6.099999999999998
2262794,6.1
2262979,4.099999999999999
2263045,6.099999999999999
2263312,7.099999999999997
2263499,7.099999999999999
2263677,6.099999999999999
2263858,7.099999999999999
2264079,7.099999999999997
2264295,6.099999999999999
2264520,7.099999999999998
2264788,5.099999999999999
2264957,7.1
2265260,8.1
2265430,6.1
2265671,5.099999999999999
2265841,5.1
2266062,5.099999999999997
2266364,9.100000000000001
2266562,6.099999999999998
2266747,6.099999999999999
2266984,6.099999999999999
2267183,7.099999999999999
2267386,5.099999999999999
2267657,5.099999999999999
2267955,7.099999999999999
2268132,6.099999999999999
2268358,5.099999999999999
2268532,6.099999999999999
2268776,6.1
2268902,6.099999999999999
2269175,5.1
2269460,8.1
2269642,7.099999999999999
2269898,7.1
2270067,5.099999999999999
2270260,6.099999999999997
2270642,9.1
2270839,5.099999999999999
2271106,9.100000000000003
2271386,7.099999999999998
2271564,6.099999999999998
2271791,9.100000000000001
2271998,7.099999999999999
2272179,6.099999999999998
2272425,8.100000000000001
2272621,6.099999999999999
2272836,5.099999999999999
2272925,4.099999999999999
2273104,6.099999999999998
2273299,6.099999999999999
2273526,6.1
2273696,6.099999999999999
2273921,7.1
2274091,6.099999999999999
2274387,7.1
2274662,7.099999999999999
2274873,5.099999999999999
2275110,7.099999999999997
2275287,7.099999999999997
2275534,6.1
2275750,7.099999999999999
2275954,6.1
2276167,7.099999999999998
2276385,9.1
2276580,5.1
2276918,6.1000000000000005
2277098,5.099999999999999
2277326,6.099999999999998
2277564,4.099999999999999
2277791,7.099999999999999
2277967,6.099999999999999
2278192,8.100000000000001
2278418,6.099999999999998
2278644,5.099999999999997
2278869,6.099999999999998
2279038,7.099999999999999
2279209,6.1
2279481,7.099999999999998
2279629,6.099999999999999
2279855,6.099999999999999
2280047,7.099999999999998
2280249,5.099999999999999
2280481,8.099999999999998
2280672,7.099999999999999
2280879,6.099999999999999
2281120,6.099999999999999
2281378,5.1
2281557,7.099999999999999
2281724,6.1
2281918,5.099999999999999
2282116,6.099999999999997
2282281,7.099999999999999
2282512,8.1
2282681,6.099999999999999
2282868,3.099999999999999
2283086,7.1
2283326,7.099999999999999
2283573,6.099999999999999
2283793,9.1
2284001,7.1
2284441,6.100000000000002
2284676,6.1
2284923,5.1
2285101,7.1
2285268,5.099999999999997
2285471,7.099999999999999
2285665,7.1
2285859,6.099999999999999
2286085,5.1
2286315,7.1000000000000005
2286498,5.099999999999999
2286874,7.1
2287118,6.099999999999998
2287329,6.099999999999998
2287572,6.1
2287841,5.1000000000000005
2288073,9.100000000000003
2288319,7.099999999999997
2288610,6.099999999999997
2288816,8.100000000000001
2289090,4.1
2289256,5.099999999999999
2289568,6.099999999999997
2289778,6.099999999999998
2290031,6.099999999999999
2290229,6.099999999999999
2290411,7.1
2290705,7.099999999999998
2290905,6.1
2291136,5.099999999999998
2291316,6.099999999999999
2291555,6.099999999999998
2291758,7.1
2291933,8.1
2292096,7.099999999999999
2292323,6.1
2292572,7.099999999999998
2292749,6.1
2292951,7.099999999999999
2293130,6.099999999999998
2293382,6.099999999999999
2293570,9.1
2293798,7.099999999999999
2293990,5.099999999999999
2294231,5.099999999999999
2294457,7.099999999999999
2294630,5.1
2294827,5.099999999999998
2295093,6.099999999999998
2295375,7.1
2295577,6.099999999999999
2295874,7.099999999999997
2296042,5.099999999999999
2296292,6.099999999999998
2296444,5.1
2296650,7.1
2296842,7.099999999999997
2297037,7.099999999999998
2297245,7.099999999999999
2297463,8.1
2297676,10.1
2297905,7.099999999999999
2298101,7.099999999999999
2298338,9.100000000000001
2298682,7.099999999999999
2298871,5.099999999999999
2299154,7.099999999999999
2299336,5.1
2299521,6.099999999999998
2299741,6.1
2299909,4.1
2300124,6.099999999999998
2300292,7.099999999999999
2300475,6.099999999999999
2300763,9.1
2301123,6.1000000000000005
2301563,8.100000000000003
2301728,4.099999999999999
2302149,6.100000000000001
2302360,6.099999999999998
2302527,5.099999999999999
2302724,6.1
2302976,6.099999999999998
2303167,6.099999999999999
2303457,7.1
2303752,6.099999999999997
2303958,7.099999999999999
2304162,6.099999999999999
2304472,7.099999999999997
2304680,7.099999999999999
2304896,6.099999999999999
2305175,6.1
2305320,6.099999999999999
2305507,6.1
2305730,5.099999999999999
2305958,5.099999999999998
2306129,6.099999999999999
2306285,5.099999999999999
2306466,6.099999999999999
2306681,6.099999999999998
2306899,4.099999999999999
2307118,7.099999999999999
2307397,7.099999999999999
2307612,6.099999999999999
2307840,5.099999999999999
2307986,6.1
2308362,7.1
2308615,7.099999999999998
2309023,7.100000000000001
2309237,6.099999999999998
2309515,7.099999999999998
2309735,7.1
2309930,6.099999999999999
2310092,5.099999999999998
2310261,5.099999999999999
2310667,6.100000000000001
2310894,8.1
2311066,7.099999999999999
2311330,10.100000000000001
2311522,7.099999999999998
2311713,6.099999999999999
2311900,6.099999999999998
2312141,7.099999999999999
2312309,4.1
2312540,8.099999999999998
2312763,9.100000000000003
2312944,7.099999999999999
2313150,4.099999999999999
2313323,6.099999999999997
2313577,7.099999999999999
2313802,6.099999999999999
2314039,5.099999999999998
2314180,6.099999999999999
2314458,8.100000000000001
2314756,7.099999999999999
2314998,6.099999999999998
2315241,9.100000000000001
2315405,6.099999999999999
2315622,6.099999999999998
2315854,7.099999999999998
2316021,4.099999999999999
2316279,8.100000000000003
2316492,8.1
2316656,6.099999999999999
2316837,8.1
2317017,7.099999999999998
2317294,8.100000000000001
2317520,6.099999999999999
2317780,8.100000000000001
2318078,9.100000000000001
2318211,4.099999999999999
2318442,7.099999999999999
2318625,5.1
2318807,7.099999999999999
2319115,6.1
2319333,7.099999999999998
2319578,7.099999999999999
2319800,5.099999999999998
2320006,5.099999999999998
2320209,8.100000000000001
2320649,9.1
2320834,5.099999999999999
2321052,6.099999999999998
2321330,7.1
2321495,7.099999999999999
2321750,7.099999999999999
2322003,8.100000000000001
2322194,6.099999999999998
2322390,6.099999999999999
2322597,6.099999999999999
2322840,6.099999999999998
2323128,8.1
2323395,7.099999999999999
2323571,5.099999999999999
2323738,4.1
2323977,6.099999999999999
2324193,7.099999999999999
2324413,6.099999999999999
2324515,2.1
2324697,6.099999999999998
2324907,7.099999999999999
2325094,7.1
2325324,4.1
2325540,7.099999999999998
2325719,7.099999999999998
2325966,8.1
2326124,5.099999999999999
2326337,5.099999999999999
2326572,9.1
2326856,7.1
2327056,4.099999999999999
2327252,6.099999999999999
2327473,7.1
2327665,7.099999999999999
2327887,7.099999999999999
2328045,7.099999999999999
2328247,5.1
2328484,8.100000000000001
2328672,3.099999999999999
2328879,4.1
2329212,7.100000000000001
2329408,7.099999999999998
2329602,7.099999999999999
2329920,10.100000000000001
2330113,5.099999999999999
2330314,6.099999999999999
2330542,8.100000000000001
2330718,6.1
2330899,7.099999999999999
2331141,6.099999999999999
2331541,6.1000000000000005
2331773,9.100000000000001
2331966,6.099999999999997
2332301,7.100000000000001
2332571,7.099999999999999
2332839,7.099999999999997
2333120,9.100000000000003
2333330,6.1
2333596,5.099999999999998
2333800,6.099999999999999
2334023,7.099999999999999
2334225,7.099999999999999
2334385,6.099999999999998
2334563,5.099999999999999
2334757,7.099999999999999
2334933,5.099999999999999
2335103,5.099999999999999
2335290,7.099999999999999
2335517,7.099999999999999
2335757,7.099999999999999
2335956,7.099999999999998
2336170,6.099999999999999
2336366,6.099999999999999
2336654,7.099999999999997
2336909,6.099999999999998
2337155,7.099999999999998
2337397,5.1
2337583,7.099999999999999
2337783,6.099999999999999
2338009,3.0999999999999996
2338185,6.099999999999999
2338547,6.1000000000000005
2338725,6.099999999999999
2338930,7.1
2339154,6.099999999999999
2339295,6.099999999999999
2339538,7.099999999999997
2339794,6.099999999999999
2339953,6.099999999999999
2340202,7.1
2340394,7.1
2340786,7.100000000000001
2341002,7.099999999999998
2341043,4.099999999999999
2341220,5.099999999999999
2341508,7.099999999999999
2341705,7.099999999999999
2342013,7.099999999999996
2342193,7.1
2342577,8.100000000000001
2342784,6.099999999999999
2342965,6.099999999999999
2343164,7.099999999999999
2343329,5.1
2343411,5.099999999999999
2343605,7.099999999999998
2343817,7.099999999999998
2343995,7.099999999999999
2344231,6.099999999999999
2344573,5.1000000000000005
2344863,5.099999999999999
2345069,6.099999999999999
2345233,2.099999999999999
2345460,6.099999999999998
2345679,6.099999999999999
2345876,6.099999999999999
2346166,9.100000000000001
2346380,6.1
2346497,4.099999999999999
2346730,6.1
2346952,7.099999999999999
2347162,6.1
2347452,7.1
2347611,7.099999999999999
2347787,6.099999999999999
2348008,6.1
2348318,7.099999999999999
2348467,6.099999999999999
2348629,6.1
2348835,7.099999999999999
2349091,7.099999999999999
2349309,6.1
2349509,6.099999999999997
2349713,7.099999999999998
2349876,6.099999999999999
2350074,9.1
2350310,6.099999999999999
2350483,6.099999999999998
2350647,6.099999999999998
2350949,8.100000000000003
2351149,7.099999999999999
2351354,6.099999999999999
2351598,6.099999999999998
2351872,7.099999999999999
2352078,7.099999999999999
2352305,6.1
2352601,8.1
2352796,9.099999999999998
2353020,7.099999999999999
2353255,9.100000000000003
2353599,5.1000000000000005
2353864,6.099999999999998
2354096,5.099999999999998
2354266,7.099999999999999
2354434,6.099999999999999
2354804,6.100000000000001
2354981,6.1
2355329,7.100000000000001
2355495,7.099999999999999
2355736,8.100000000000001
2355937,7.099999999999997
2356108,5.099999999999999
2356334,4.099999999999999
2356576,6.099999999999997
2356801,7.099999999999999
2356945,5.099999999999999
2357343,7.100000000000002
2357599,9.100000000000003
2357843,9.100000000000001
2357982,3.099999999999999
2358253,7.099999999999999
2358530,5.099999999999998
2358762,7.099999999999998
2358978,7.099999999999999
2359159,5.099999999999999
2359328,5.1
2359596,10.1
2359865,9.099999999999998
2360066,7.099999999999998
2360280,6.1
2360390,5.099999999999999
2360636,3.099999999999999
2360831,4.099999999999999
2361041,4.099999999999999
2361186,5.099999999999999
2361362,6.099999999999999
2361550,5.099999999999999
2361819,9.1
2362003,7.099999999999997
2362223,7.1
2362502,7.1
2362680,8.1
2362902,4.1
2363140,7.099999999999998
2363325,6.099999999999999
2363522,4.099999999999999
2363757,8.100000000000003
2363973,3.099999999999999
2364170,6.099999999999998
2364433,6.099999999999999
2364642,7.099999999999999
2364847,5.099999999999999
2365119,8.100000000000001
2365519,6.100000000000002
2365710,8.1
2365880,5.099999999999999
2366060,5.1
2366229,7.099999999999999
2366459,7.1
2366558,5.1
2366760,7.099999999999998
2367014,4.1
2367196,7.099999999999999
2367436,4.099999999999999
2367658,7.099999999999999
2367718,4.099999999999999
2368017,7.099999999999998
2368355,6.1
2368574,9.1
2368831,6.099999999999997
2369006,7.099999999999999
2369228,7.099999999999999
2369420,9.100000000000001
2369717,6.099999999999997
2369962,7.099999999999999
2370143,7.1
2370345,6.099999999999999
2370602,8.100000000000001
2370811,5.099999999999999
2370981,8.1
2371223,8.100000000000003
2371473,8.1
2371647,6.099999999999998
2371834,6.099999999999999
2371991,6.1
2372186,6.099999999999999
2372440,6.099999999999998
2372631,7.099999999999999
2372965,9.100000000000003
2373405,8.100000000000003
2373555,6.099999999999999
2373756,7.099999999999999
2373954,4.099999999999998
2374314,7.099999999999999
2374515,6.099999999999999
2374706,6.099999999999999
2375072,8.100000000000003
2375301,7.099999999999998
2375506,6.099999999999999
2375716,6.099999999999996
2375988,6.1
2376198,6.099999999999999
2376362,5.099999999999999
2376554,7.099999999999998
2376808,6.099999999999997
2377016,5.1
2377247,7.099999999999998
2377477,7.099999999999999
2377711,6.099999999999999
2377938,6.099999999999998
2378130,7.099999999999999
2378343,6.099999999999998
2378543,7.1
2378798,7.099999999999998
2379020,7.099999999999998
2379207,6.099999999999999
2379384,5.099999999999998
2379682,7.099999999999997
2379872,6.099999999999999
2380124,7.1
2380342,6.099999999999998
2380641,10.100000000000001
2380861,6.099999999999998
2381092,7.099999999999999
2381297,5.099999999999998
2381476,6.099999999999999
2381635,6.099999999999999
2381884,7.099999999999999
2382025,3.099999999999999
2382276,6.099999999999999
2382510,7.1
2382695,5.099999999999999
2382923,6.099999999999998
2383123,5.099999999999999
2383379,8.100000000000003
2383560,6.099999999999998
2383840,9.100000000000003
2384130,6.1
2384343,5.099999999999999
2384496,7.099999999999998
2384770,5.1
2384996,9.100000000000001
2385135,3.0999999999999996
2385348,6.099999999999999
2385540,7.099999999999999
2385758,9.100000000000001
2386072,6.099999999999999
2386269,5.099999999999998
2386583,7.099999999999999
2386805,4.099999999999999
2386962,7.099999999999999
2387206,5.099999999999997
2387373,5.099999999999999
2387564,5.099999999999999
2387771,7.099999999999997
2387980,6.099999999999999
2388169,7.099999999999999
2388345,6.099999999999999
2388615,6.099999999999999
2388868,6.099999999999998
2389226,7.099999999999998
2389461,6.099999999999998
2389771,7.099999999999998
2389977,6.099999999999999
2390183,6.099999999999999
2390436,5.1
2390637,5.099999999999999
2390975,7.1
2391165,5.099999999999999
2391363,6.099999999999998
2391605,5.1
2391824,7.099999999999999
2392098,4.1
2392500,8.100000000000003
2392672,6.099999999999999
2393074,4.100000000000003
2393278,6.099999999999999
2393525,9.100000000000003
2393717,7.099999999999998
2393872,5.1
2394119,9.100000000000003
2394366,5.099999999999999
2394613,7.1000000000000005
2395005,10.099999999999998
2395267,7.099999999999997
2395485,5.099999999999999
2395662,7.099999999999999
2395860,5.1
2396134,5.1
2396412,6.1000000000000005
2396676,7.099999999999998
2396894,7.099999999999999
2397109,7.099999999999999
2397307,6.099999999999999
2397502,6.1
2397690,5.099999999999999
2397888,6.099999999999999
2398083,6.099999999999999
2398308,6.1
2398500,6.099999999999998
2398677,5.1
2398880,5.099999999999998
2399148,8.100000000000001
2399351,6.099999999999998
2399753,9.100000000000001
2399978,7.099999999999999
2400216,6.099999999999998
2400380,6.099999999999999
2400596,9.1
2400793,6.099999999999998
2401107,7.1
2401307,7.099999999999999
2401507,7.099999999999999
2401760,6.099999999999997
2402049,7.1
2402222,5.099999999999999
2402476,10.100000000000001
2402663,6.099999999999999
2402865,7.099999999999997
2403140,7.099999999999997
2403410,4.1
2403608,7.099999999999998
2404016,6.100000000000002
2404252,7.1
2404463,5.099999999999998
2404636,7.099999999999999
2404871,5.1
2405157,7.099999999999999
2405389,7.1
2405594,6.1
2405833,9.1
2406107,6.099999999999999
2406320,6.099999999999998
2406517,5.099999999999999
2406778,5.099999999999999
2406947,6.1
2407115,4.099999999999998
2407313,6.099999999999999
2407478,7.099999999999999
2407782,7.099999999999998
2408098,7.099999999999998
2408338,7.099999999999997
2408529,4.099999999999999
2408700,7.099999999999999
2408909,8.100000000000001
2409121,6.099999999999998
2409279,5.099999999999999
2409473,6.099999999999999
2409797,6.100000000000001
2410013,6.099999999999998
2410262,4.1
2410465,6.099999999999997
2410637,8.100000000000001
2410953,6.1000000000000005
2411127,7.1
2411336,6.099999999999998
2411569,7.099999999999999
2411961,7.1000000000000005
2412331,6.100000000000001
2412563,6.099999999999999
2412736,6.099999999999999
2412908,5.099999999999999
2413170,7.099999999999997
2413389,6.099999999999999
2413611,7.099999999999999
2413880,9.100000000000001
2414097,6.099999999999999
2414379,5.1000000000000005
2414652,8.100000000000001
2414901,8.100000000000001
2415285,7.100000000000002
2415502,7.099999999999998
2415710,9.1
2415952,8.100000000000001
2416158,6.099999999999999
2416411,5.099999999999998
2416599,6.099999999999999
2416847,6.099999999999997
2417071,6.099999999999999
2417303,7.099999999999998
2417507,8.100000000000001
2417715,5.099999999999999
2417922,7.099999999999999
2418150,6.099999999999999
2418372,7.099999999999999
2418542,4.099999999999998
2418714,7.099999999999999
2418931,6.099999999999999
2419135,9.100000000000001
2419335,8.1
2419537,6.1
2419843,7.1000000000000005
2420046,7.099999999999997
2420272,5.099999999999999
2420482,6.099999999999998
2420688,6.1
2420905,7.099999999999999
2421133,5.099999999999999
2421398,6.099999999999999
2421615,7.099999999999998
2421896,7.099999999999997
2422034,6.1
2422224,7.1
2422393,6.1
2422567,7.099999999999999
2422808,7.099999999999998
2423020,6.099999999999998
2423276,5.099999999999998
2423448,6.1
2423709,6.099999999999999
2423904,3.0999999999999996
2424129,6.099999999999997
2424368,8.099999999999998
2424752,5.100000000000003
2424927,6.099999999999999
2425162,6.1
2425387,7.099999999999999
2425623,4.099999999999998
2425865,8.1
2426042,6.099999999999999
2426247,7.099999999999999
2426472,7.099999999999999
2426686,5.1
2426845,5.1
2427070,7.099999999999998
2427301,7.099999999999999
2427478,7.099999999999999
2427658,7.099999999999999
2427846,7.1
2428076,7.099999999999999
2428299,6.1
2428500,5.099999999999999
2428838,9.100000000000001
2429048,7.099999999999999
2429249,7.099999999999999
2429462,7.099999999999999
2429635,6.099999999999999
2429829,6.1
2430039,6.099999999999998
2430290,5.1
2430613,6.1000000000000005
2430796,5.099999999999997
2431097,6.1
2431273,6.1
2431474,7.099999999999997
2431702,8.1
2431898,6.099999999999999
2432312,9.100000000000001
2432562,8.1
2432793,6.099999999999998
2433050,5.099999999999999
2433202,4.099999999999999
2433407,6.099999999999999
2433607,6.099999999999999
2433776,6.099999999999999
2434024,7.099999999999999
2434280,7.099999999999998
2434604,7.1
2434804,10.100000000000001
2434978,6.1
2435263,5.1
2435477,6.1
2435709,6.099999999999999
2435902,5.099999999999999
2436125,6.099999999999999
2436349,9.100000000000001
2436643,7.099999999999997
2436782,6.099999999999999
2437000,6.099999999999998
2437160,7.099999999999999
2437516,8.100000000000003
2437730,6.099999999999997
2437951,6.099999999999999
2438126,8.100000000000001
2438273,4.099999999999999
2438451,7.099999999999999
2438666,9.100000000000001
2438877,7.099999999999997
2439151,9.100000000000001
2439344,5.099999999999998
2439570,6.099999999999998
2439938,8.100000000000001
2440163,6.099999999999998
2440359,6.099999999999998
2440471,4.099999999999998
2440670,5.099999999999999
2441110,7.100000000000002
2441309,7.099999999999998
2441538,6.099999999999999
2441776,4.099999999999998
2442019,6.099999999999999
2442234,6.099999999999999
2442437,7.099999999999999
2442725,7.099999999999997
2442896,7.1
2443135,7.1000000000000005
2443409,8.100000000000001
2443580,6.099999999999999
2443892,7.099999999999999
2444064,6.099999999999999
2444223,6.099999999999999
2444393,6.099999999999999
2444603,6.099999999999999
2444864,7.1
2445056,6.099999999999999
2445242,6.099999999999999
2445474,7.099999999999999
2445668,6.1
2445922,6.099999999999999
2446197,6.099999999999999
2446454,7.099999999999999
2446792,7.099999999999999
2447022,5.099999999999999
2447239,6.099999999999999
2447520,7.1000000000000005
2447669,7.099999999999999
2447894,6.099999999999997
2448118,7.099999999999999
2448316,7.099999999999999
2448547,9.100000000000001
2448795,6.099999999999998
2448997,7.099999999999998
2449391,7.100000000000002
2449575,7.099999999999999
2449753,7.099999999999999
2449927,7.099999999999999
2450197,7.099999999999996
2450458,7.099999999999997
2450627,7.099999999999998
2450872,6.099999999999998
2451036,6.099999999999999
2451277,3.099999999999999
2451446,7.099999999999999
2451613,6.099999999999999
2451895,6.099999999999999
2452109,6.1
2452296,7.1
2452496,6.099999999999998
2452729,7.099999999999999
2453049,9.100000000000003
2453343,7.099999999999997
2453557,9.099999999999998
2453770,9.099999999999998
2453944,4.099999999999999
2454131,7.099999999999999
2454439,9.100000000000001
2454657,9.099999999999998
2454718,4.099999999999999
2454894,6.099999999999999
2455127,6.099999999999998
2455346,9.100000000000001
2455581,7.099999999999999
2455729,7.099999999999998
2456105,7.099999999999999
2456322,6.099999999999998
2456498,5.099999999999999
2456671,7.099999999999999
2456981,7.099999999999998
2457211,7.099999999999998
2457397,8.1
2457576,6.099999999999999
2457822,7.099999999999999
2458021,6.099999999999999
2458363,9.100000000000001
2458576,6.1
2458822,5.1
2459026,6.099999999999999
2459196,7.099999999999999
2459411,6.099999999999998
2459591,5.1
2459808,5.099999999999999
2460082,9.099999999999998
2460364,6.099999999999999
2460566,7.099999999999999
2460856,5.099999999999999
2461107,7.099999999999999
2461261,7.099999999999999
2461362,6.1
2461561,6.1
2461760,6.099999999999999
2462005,7.099999999999999
2462349,7.1
2462570,7.099999999999999
2462803,8.099999999999998
2463000,6.099999999999999
2463324,7.100000000000001
2463557,7.1
2463733,6.099999999999999
2463902,4.099999999999999
2464108,6.1
2464468,7.1
2464704,7.099999999999998
2465010,8.100000000000003
2465107,3.099999999999999
2465301,7.1
2465560,6.099999999999999
2465786,9.100000000000001
2466042,6.099999999999998
2466288,8.1
2466517,4.099999999999999
2466708,6.099999999999998
2466918,5.099999999999998
2467142,9.1
2467550,9.100000000000001
2467862,10.100000000000003
2468003,3.099999999999999
2468192,8.1
2468407,6.099999999999999
2468689,7.099999999999997
2468946,6.1
2469241,7.099999999999998
2469429,6.1
2469599,7.099999999999999
2469879,6.099999999999998
2470119,5.1
2470256,5.099999999999999
2470479,11.100000000000001
2470801,8.100000000000003
2471139,8.100000000000003
2471360,6.099999999999998
2471460,6.099999999999999
2471629,3.1
2471816,6.099999999999999
2472063,8.099999999999996
2472280,7.099999999999999
2472467,5.099999999999998
2472753,7.099999999999999
2472944,6.099999999999999
2473160,7.099999999999997
2473374,7.099999999999997
2473572,7.099999999999997
2473780,6.1
2473987,9.100000000000001
2474210,7.099999999999998
2474409,7.099999999999998
2474610,5.099999999999999
2474815,6.1
2475064,8.100000000000003
2475290,5.099999999999999
2475507,7.099999999999999
2475720,7.099999999999998
2475899,6.099999999999999
2476120,5.099999999999999
2476398,5.099999999999999
2476581,7.099999999999998
2476650,4.1
2476957,7.099999999999999
2477111,7.1
2477336,7.099999999999998
2477560,8.1
2477713,4.099999999999999
2477991,6.1
2478191,8.100000000000001
2478503,5.099999999999999
2478669,8.1
2479071,7.100000000000003
2479286,7.099999999999999
2479539,7.099999999999998
2479767,8.100000000000003
2479993,5.099999999999999
2480235,9.100000000000001
2480404,7.099999999999999
2480625,8.100000000000003
2480789,6.099999999999998
2480984,9.100000000000001
2481205,7.099999999999999
2481359,6.1
2481585,8.100000000000001
2481818,7.099999999999999
2482025,7.099999999999999
2482188,6.1
2482450,6.099999999999999
2482762,7.099999999999999
2482977,6.099999999999998
2483144,5.099999999999999
2483371,8.100000000000001
2483566,7.099999999999997
2483744,5.099999999999998
2483945,6.099999999999998
2484202,7.099999999999999
2484460,7.099999999999999
2484736,7.099999999999997
2484961,7.099999999999998
2485143,6.1
2485337,7.099999999999999
2485643,7.1000000000000005
2485815,7.099999999999999
2486061,6.099999999999999
2486231,4.099999999999998
2486437,7.099999999999999
2486775,8.100000000000001
2486964,4.099999999999997
2487212,7.099999999999998
2487580,6.100000000000001
2487888,9.100000000000001
2488035,5.099999999999999
2488229,7.099999999999999
2488453,6.099999999999999
2488639,6.099999999999999
2488810,7.099999999999997
2489092,7.099999999999998
2489274,7.1
2489411,6.099999999999998
2489749,8.100000000000001
2489968,6.099999999999999
2490168,7.099999999999999
2490371,7.099999999999999
2490568,5.099999999999999
2490958,9.100000000000003
2491081,5.099999999999998
2491325,5.099999999999998
2491699,6.099999999999999
2491893,6.099999999999998
2492020,5.099999999999999
2492304,7.099999999999997
2492563,6.099999999999998
2492816,6.099999999999999
2493180,8.100000000000003
2493572,6.100000000000001
2493769,5.099999999999999
2493949,7.1
2494210,7.1000000000000005
2494452,8.100000000000001
2494622,8.100000000000001
2494861,8.100000000000001
2495103,7.1000000000000005
2495309,6.1
2495531,7.1
2495712,6.1
2495883,5.099999999999999
2496119,8.100000000000001
2496309,8.1
2496527,7.099999999999998
2496762,8.100000000000003
2496989,8.100000000000001
2497293,5.099999999999998
2497491,5.099999999999999
2497717,6.099999999999999
2498125,7.100000000000001
2498343,9.100000000000001
2498561,6.099999999999999
2498761,5.099999999999998
2499086,9.100000000000001
2499271,6.099999999999998
2499479,7.099999999999999
2499610,5.099999999999999
2499896,6.099999999999996
2499998,4.1
2500242,9.1
2500482,5.1
2500740,7.099999999999998
2500927,5.099999999999999
2501151,9.100000000000001
2501357,5.1
2501528,7.099999999999999
2501772,6.1
2502009,7.1
2502251,4.1000000000000005
2502425,6.099999999999999
2502640,6.099999999999999
2502936,7.099999999999999
2503101,5.099999999999997
2503442,7.099999999999999
2503688,5.1000000000000005
2503890,8.100000000000001
2504140,6.099999999999998
2504297,6.099999999999999
2504461,7.099999999999999
2504655,5.1
2504854,7.1
2505160,7.1
2505410,7.099999999999998
2505542,5.099999999999999
2505789,9.100000000000001
2506084,7.099999999999998
2506289,7.099999999999999
2506524,9.100000000000003
2506697,7.099999999999999
2506896,4.099999999999998
2507063,8.1
2507487,7.100000000000002
2507656,5.1
2507824,6.1
2508096,10.100000000000003
2508362,7.099999999999997
2508579,8.1
2508716,5.099999999999999
2508942,9.100000000000003
2509206,7.099999999999998
2509478,8.100000000000001
2509709,7.099999999999998
2509890,6.1
2510086,9.100000000000001
2510257,6.099999999999999
2510498,7.099999999999997
2510699,7.099999999999998
2511053,7.100000000000002
2511223,6.1
2511478,9.099999999999996
2511585,3.099999999999999
2511792,6.099999999999999
2512008,7.099999999999998
2512222,6.099999999999999
2512383,6.099999999999998
2512745,8.100000000000001
2513038,6.099999999999998
2513232,6.099999999999999
2513445,6.099999999999999
2513647,6.1
2513816,6.099999999999999
2514008,6.099999999999999
2514305,7.1000000000000005
2514483,6.099999999999999
2514726,5.099999999999999
2515064,9.100000000000003
2515434,7.1
2515631,7.099999999999999
2515919,7.099999999999998
2516129,6.099999999999998
2516346,8.099999999999998
2516541,6.099999999999999
2516768,6.099999999999999
2516921,6.099999999999999
2517162,5.099999999999999
2517425,8.100000000000001
2517647,6.099999999999998
2517817,9.1
2517987,6.099999999999999
2518141,5.099999999999999
2518452,9.1
2518705,6.099999999999998
2518870,5.1
2519062,7.1
2519376,9.1
2519591,8.100000000000001
2519760,6.099999999999999
2520029,7.099999999999999
2520220,7.099999999999999
2520418,7.099999999999997
2520659,7.099999999999998
2520844,5.1
2521022,6.1
2521180,6.099999999999998
2521396,6.099999999999999
2521685,5.099999999999999
2521929,4.099999999999999
2522124,7.099999999999999
2522367,8.100000000000001
2522679,7.099999999999999
2522865,6.099999999999999
2523043,7.099999999999999
2523313,8.100000000000003
2523479,7.099999999999999
2523646,6.099999999999999
2523881,6.099999999999998
2524094,8.100000000000001
2524454,9.100000000000003
2524674,6.099999999999999
2524889,7.099999999999998
2525080,4.099999999999999
2525448,7.1
2525636,8.100000000000001
2525839,6.099999999999999
2526139,9.100000000000001
2526342,6.099999999999998
2526512,7.099999999999999
2526818,8.100000000000001
2527124,8.100000000000001
2527302,7.099999999999999
2527496,7.1
2527770,7.099999999999998
2528200,8.100000000000003
2528446,8.1
2528630,7.099999999999999
2528810,7.1
2529084,6.099999999999999
2529288,7.099999999999999
2529491,7.099999999999998
2529722,7.099999999999998
2529895,6.099999999999999
2530121,7.1
2530379,8.1
2530749,7.100000000000001
2530995,8.1
2531172,7.099999999999999
2531401,7.099999999999999
2531608,7.099999999999999
2532008,9.100000000000001
2532203,7.099999999999999
2532401,7.099999999999999
2532622,7.1
2532930,10.1
2533095,7.099999999999999
2533294,8.100000000000003
2533475,7.099999999999999
2533853,6.100000000000003
2534030,4.099999999999999
2534256,5.1
2534464,7.099999999999999
2534840,7.1
2535052,5.1
2535274,6.099999999999999
2535465,7.099999999999998
2535752,7.1000000000000005
2535988,6.099999999999999
2536246,4.1000000000000005
2536624,5.100000000000001
2536809,7.099999999999998
2536992,7.099999999999999
2537188,7.099999999999999
2537445,6.1000000000000005
2537633,5.099999999999999
2537822,7.099999999999998
2538102,6.099999999999999
2538346,7.099999999999998
2538537,7.099999999999999
2538907,9.100000000000001
2539099,6.099999999999999
2539386,9.100000000000003
2539746,9.100000000000001
2539934,6.099999999999999
2540144,8.100000000000001
2540269,5.1
2540489,9.100000000000003
2540704,7.099999999999997
2540869,5.099999999999999
2541159,6.099999999999999
2541367,9.100000000000001
2541737,6.100000000000002
2541929,9.100000000000001
2542124,6.099999999999999
2542342,6.099999999999999
2542543,6.099999999999999
2542814,4.1
2542945,5.099999999999999
2543121,7.099999999999999
2543441,7.099999999999999
2543777,10.100000000000001
2544001,5.099999999999998
2544240,7.099999999999997
2544482,7.099999999999998
2544689,6.099999999999999
2544902,5.099999999999999
2545155,5.1
2545204,4.1
2545433,6.099999999999998
2545667,7.099999999999998
2545851,5.099999999999998
2546086,5.099999999999999
2546288,6.1
2546464,7.099999999999999
2546708,7.099999999999998
2546969,7.100000000000001
2547389,6.100000000000003
2547630,7.099999999999998
2547976,9.1
2548144,7.099999999999999
2548263,6.099999999999999
2548453,8.1
2548676,7.099999999999998
2548879,7.099999999999999
2549319,6.100000000000003
2549703,10.1
2549913,6.099999999999999
2550089,7.099999999999999
2550227,7.099999999999998
2550398,5.099999999999999
2550551,6.1
2550799,9.100000000000003
2550968,6.099999999999999
2551206,6.099999999999997
2551458,7.099999999999999
2551604,4.099999999999999
2551831,5.1
2552030,6.099999999999999
2552209,5.099999999999999
2552425,6.099999999999999
2552592,5.1
2552846,9.100000000000001
2553049,7.099999999999999
2553296,4.1
2553522,7.099999999999998
2553718,8.099999999999998
2553981,3.0999999999999996
2554154,7.099999999999999
2554411,5.099999999999999
2554582,8.1
2554942,7.1
2555107,4.099999999999999
2555304,6.099999999999997
2555513,7.099999999999999
2555712,7.099999999999999
2555929,9.100000000000001
2556151,8.100000000000001
2556376,8.1
2556651,5.1000000000000005
2556893,4.099999999999999
2557190,6.099999999999999
2557400,9.100000000000003
2557736,9.100000000000001
2557961,6.099999999999999
2558182,6.099999999999998
2558427,9.099999999999998
2558567,6.1
2558641,4.1
2558857,9.100000000000003
2559043,7.099999999999999
2559233,7.099999999999999
2559427,7.1
2559697,9.100000000000001
2559902,6.099999999999999
2560163,9.100000000000003
2560343,7.099999999999998
2560621,8.100000000000001
2560991,4.100000000000001
2561181,9.100000000000001
2561354,5.099999999999999
2561596,7.099999999999999
2561814,10.100000000000003
2562063,10.100000000000001
2562244,7.099999999999999
2562313,4.1
2562533,6.099999999999999
2562754,7.1
2562931,6.099999999999999
2563184,4.1
2563390,5.099999999999999
2563593,7.099999999999998
2563781,9.100000000000001
2564017,6.1
2564232,6.099999999999999
2564387,7.1
2564558,6.099999999999999
2564735,5.1
2564934,6.099999999999999
2565240,5.1
2565424,6.099999999999998
2565601,5.1
2565839,6.099999999999999
2566074,9.100000000000003
2566348,7.100000000000001
2566652,5.099999999999999
2567028,9.100000000000003
2567234,10.100000000000001
2567504,6.099999999999999
2567730,6.099999999999999
2567911,6.099999999999999
2568115,7.099999999999999
2568336,8.100000000000003
2568534,7.099999999999999
2568740,7.1
2568916,7.1
2569072,7.099999999999998
2569366,10.100000000000003
2569542,7.099999999999999
2569950,9.100000000000003
2570178,8.100000000000001
2570380,6.099999999999999
2570816,6.100000000000001
2571047,7.099999999999996
2571258,8.100000000000001
2571451,7.099999999999998
2571677,10.100000000000003
2571923,7.1
2572109,6.099999999999999
2572312,7.099999999999999
2572483,6.1
2572694,6.1
2572838,7.099999999999999
2573061,6.099999999999998
2573339,8.100000000000001
2573539,8.1
2573785,7.099999999999999
2574043,9.1
2574310,7.099999999999999
2574506,6.099999999999999
2574733,9.1
2574907,7.099999999999999
2575078,7.099999999999999
2575271,7.099999999999999
2575647,7.1000000000000005
2576021,9.100000000000001
2576196,7.099999999999999
2576246,3.099999999999999
2576423,7.099999999999997
2576596,6.099999999999999
2576790,9.100000000000001
2576986,10.1
2577230,6.099999999999999
2577441,6.099999999999996
2577646,4.099999999999999
2577842,7.099999999999999
2578032,7.1
2578190,5.099999999999999
2578425,8.100000000000001
2578621,7.099999999999999
2578821,9.100000000000003
2579015,6.099999999999998
2579295,7.1
2579586,6.099999999999997
2579794,7.1
2579971,7.099999999999999
2580174,8.1
2580542,9.100000000000003
2580760,7.099999999999999
2580985,8.100000000000001
2581196,6.099999999999999
2581419,9.100000000000001
2581610,6.099999999999999
2581777,9.100000000000001
2581998,5.1
2582195,9.1
2582394,7.099999999999999
2582545,6.1
2582750,7.099999999999999
2583124,7.100000000000001
2583372,10.100000000000001
2583600,6.099999999999999
2583832,7.1
2584046,8.1
2584224,7.099999999999999
2584442,7.099999999999998
2584601,8.100000000000003
2584809,6.099999999999999
2585063,6.099999999999999
2585289,7.099999999999997
2585470,6.099999999999998
2585840,8.100000000000001
2586038,7.099999999999999
2586284,6.099999999999998
2586552,7.1
2586928,6.100000000000001
2587215,6.099999999999997
2587521,6.1000000000000005
2587702,3.099999999999999
2587976,8.1
2588186,7.099999999999999
2588396,6.099999999999999
2588599,8.100000000000003
2588802,6.099999999999999
2589018,6.1
2589221,9.100000000000003
2589395,7.099999999999998
2589547,3.099999999999999
2589891,7.1
2590085,7.099999999999998
2590280,6.099999999999999
2590438,5.099999999999999
2590645,6.099999999999999
2590806,6.099999999999999
2591128,6.1
2591386,9.099999999999998
2591708,9.099999999999998
2592016,6.099999999999999
2592228,5.099999999999999
2592404,5.1
2592539,5.099999999999999
2592740,9.100000000000003
2592940,9.100000000000001
2593203,9.100000000000003
2593472,7.099999999999998
2593695,10.100000000000001
2593911,7.099999999999999
2594257,7.099999999999999
2594487,5.099999999999999
2594761,5.100000000000001
2594963,6.099999999999999
2595233,5.099999999999999
2595457,7.099999999999998
2595653,7.099999999999999
2595874,6.099999999999998
2596094,6.099999999999997
2596296,7.099999999999999
2596509,6.099999999999996
2596715,3.1
2596906,7.099999999999999
2597023,2.099999999999999
2597215,7.099999999999999
2597420,6.099999999999999
2597860,8.100000000000001
2598115,9.100000000000001
2598537,7.100000000000001
2598782,9.100000000000003
2599028,5.099999999999999
2599290,6.099999999999997
2599453,5.099999999999998
2599692,9.1
2599993,6.099999999999998
2600184,7.099999999999999
2600400,9.1
2600661,9.099999999999998
2600845,5.099999999999999
2601026,6.099999999999999
2601215,8.100000000000001
2601434,7.1
2601633,6.1
2601829,5.099999999999999
2602010,6.099999999999999
2602228,4.099999999999999
2602422,6.099999999999999
2602586,7.099999999999999
2602796,7.099999999999998
2602962,5.099999999999999
2603178,6.099999999999999
2603366,8.100000000000001
2603600,9.100000000000001
2603813,4.099999999999999
2604086,8.100000000000001
2604340,6.099999999999996
2604567,8.100000000000001
2604782,6.099999999999999
2604997,7.1
2605309,10.100000000000001
2605669,7.099999999999999
2605826,7.099999999999999
2606032,7.099999999999999
2606311,10.099999999999998
2606512,6.099999999999999
2606926,4.100000000000003
2607162,6.099999999999999
2607336,7.099999999999998
2607542,8.100000000000001
2607743,6.099999999999998
2607932,8.099999999999998
2608206,8.1
2608433,8.1
2608655,9.100000000000001
2608842,6.099999999999999
2609041,6.099999999999999
2609307,5.099999999999999
2609611,7.099999999999998
2609844,6.099999999999998
2610246,8.100000000000003
2610435,8.100000000000001
2610621,6.099999999999999
2610809,9.100000000000003
2611179,4.100000000000002
2611320,5.1
2611558,7.099999999999999
2611617,4.1
2611831,9.100000000000001
2612015,6.099999999999998
2612227,7.099999999999999
2612501,5.1000000000000005
2612760,5.099999999999998
2612926,4.099999999999999
2613129,8.100000000000001
2613355,6.099999999999998
2613628,7.099999999999997
2613858,6.099999999999999
2614035,5.099999999999998
2614239,6.099999999999999
2614432,6.099999999999999
2614687,7.1
2614900,7.099999999999998
2615104,9.100000000000001
2615399,7.1
2615600,8.1
2615922,4.100000000000001
2616238,9.100000000000003
2616367,6.099999999999999
2616592,7.099999999999999
2616782,9.1
2616995,10.1
2617244,7.099999999999998
2617446,6.099999999999999
2617624,5.099999999999998
2617894,9.100000000000003
2618126,6.099999999999998
2618293,4.099999999999999
2618528,9.100000000000001
2618755,7.099999999999999
2618983,7.099999999999999
2619198,7.099999999999999
2619406,9.100000000000003
2619824,6.1000000000000005
2620071,6.099999999999998
2620305,6.099999999999998
2620486,9.100000000000001
2620680,7.099999999999999
2620847,7.099999999999999
2621271,6.1000000000000005
2621452,7.1
2621631,3.099999999999999
2621861,7.1
2622096,9.100000000000001
2622254,8.100000000000003
2622429,7.099999999999999
2622734,7.099999999999998
2622939,6.099999999999999
2623134,5.099999999999999
2623297,6.099999999999997
2623477,7.099999999999999
2623700,11.100000000000001
2623893,6.099999999999999
2624113,7.1
2624305,7.099999999999999
2624547,6.099999999999999
2624746,5.099999999999999
2624960,7.1
2625154,8.1
2625399,7.099999999999996
2625625,8.100000000000003
2625774,7.1
2625961,10.100000000000001
2626184,6.1
2626387,7.099999999999999
2626648,7.099999999999999
2626904,9.100000000000003
2627074,6.099999999999998
2627298,8.1
2627628,8.1
2627805,7.099999999999999
2628127,6.1000000000000005
2628277,6.099999999999999
2628472,7.099999999999999
2628816,9.100000000000001
2628996,7.1
2629247,6.1
2629437,7.099999999999997
2629660,6.099999999999998
2629857,7.099999999999999
2630061,5.099999999999999
2630399,8.100000000000003
2630594,7.1
2630800,7.099999999999999
2630964,6.1
2631145,6.099999999999999
2631369,7.099999999999998
2631677,7.099999999999999
2631869,7.099999999999999
2632076,7.099999999999999
2632268,6.1
2632576,7.099999999999997
2632736,8.100000000000001
2632869,4.099999999999999
2633035,1.1000000000000003
2633291,8.100000000000001
2633469,7.099999999999999
2633760,9.1
2633967,9.100000000000001
2634216,7.1
2634387,7.099999999999999
2634560,7.099999999999998
2634746,6.099999999999998
2634975,7.1000000000000005
2635215,9.100000000000001
2635532,9.100000000000003
2635685,7.099999999999998
2635983,9.100000000000001
2636202,8.100000000000001
2636419,6.099999999999999
2636677,8.100000000000001
2636919,8.1
2637311,7.1000000000000005
2637526,6.099999999999998
2637815,6.1
2638027,9.100000000000001
2638213,7.1
2638393,7.099999999999999
2638731,9.100000000000003
2638949,8.100000000000001
2639125,7.099999999999998
2639365,5.1
2639534,5.099999999999999
2639786,7.099999999999998
2640023,7.099999999999999
2640325,8.100000000000001
2640624,5.099999999999999
2640940,9.100000000000003
2641104,3.0999999999999996
2641344,6.099999999999999
2641549,5.1
2641730,9.1
2642136,9.100000000000001
2642343,6.099999999999999
2642583,6.099999999999998
2642784,7.099999999999999
2643033,9.100000000000001
2643328,7.099999999999998
2643481,7.099999999999999
2643655,7.099999999999998
2643754,5.099999999999999
2644023,8.100000000000003
2644224,9.1
2644409,6.099999999999999
2644629,7.099999999999996
2644841,8.100000000000001
2644967,3.099999999999999
2645159,9.1
2645357,4.099999999999999
2645674,9.1
2645818,6.099999999999999
2645972,4.1
2646230,7.099999999999998
2646436,10.100000000000003
2646663,8.100000000000003
2646873,6.1
2647108,7.099999999999999
2647302,6.099999999999999
2647498,6.099999999999999
2647709,7.099999999999997
2647977,10.100000000000001
2648188,6.099999999999999
2648393,6.099999999999999
2648593,6.099999999999999
2648783,8.100000000000003
2649185,7.099999999999999
2649387,3.0999999999999996
2649622,8.100000000000001
2649996,8.100000000000003
2650205,8.1
2650411,8.100000000000001
2650556,5.1
2650789,6.099999999999998
2651205,7.100000000000001
2651516,8.100000000000003
2651707,6.1
2651950,7.099999999999997
2652209,7.099999999999999
2652441,7.099999999999998
2652623,9.100000000000003
2652876,5.099999999999999
2653137,8.100000000000001
2653358,8.100000000000001
2653696,6.100000000000003
2653852,5.099999999999998
2654222,8.100000000000001
2654449,10.100000000000001
2654677,7.099999999999999
2654911,5.1
2655086,6.099999999999999
2655311,5.099999999999997
2655551,7.099999999999999
2655722,6.099999999999999
2655980,8.100000000000001
2656161,5.099999999999999
2656553,9.100000000000001
2656811,7.1
2657187,7.1
2657386,9.1
2657599,6.099999999999998
2657778,7.099999999999999
2657920,4.099999999999999
2658073,6.099999999999999
2658323,6.099999999999998
2658502,6.099999999999998
2658709,9.100000000000003
2658916,9.100000000000001
2659134,5.099999999999998
2659319,7.099999999999999
2659577,8.100000000000001
2659824,9.099999999999998
2660216,9.100000000000001
2660440,9.1
2660744,6.1000000000000005
2660943,7.099999999999999
2661157,3.099999999999999
2661419,10.1
2661671,9.100000000000003
2661856,7.099999999999998
2662031,5.099999999999999
2662287,9.100000000000003
2662566,6.099999999999999
2662721,5.1
2662970,7.099999999999999
2663148,8.100000000000001
2663352,9.1
2663524,7.099999999999999
2663852,7.099999999999997
2664033,6.099999999999999
2664233,6.1
2664422,6.099999999999999
2664756,9.100000000000003
2665114,8.100000000000001
2665361,9.100000000000003
2665635,5.100000000000001
2665861,8.100000000000001
2666037,7.099999999999999
2666286,9.1
2666454,7.1
2666640,5.099999999999999
2666856,8.100000000000001
2667055,9.100000000000001
2667270,4.099999999999999
2667535,6.1
2667873,6.100000000000001
2668076,9.100000000000001
2668440,8.100000000000003
2668617,7.099999999999999
2668882,9.100000000000003
2669067,6.099999999999999
2669307,9.100000000000003
2669511,4.099999999999999
2669669,5.099999999999999
2669883,6.1
2670074,7.099999999999999
2670242,5.1
2670448,9.1
2670594,5.099999999999999
2670779,7.099999999999998
2670968,9.100000000000003
2671322,8.100000000000001
2671516,7.099999999999998
2671680,4.099999999999999
2671902,7.099999999999998
2672112,9.1
2672364,9.1
2672621,8.100000000000001
2672819,7.099999999999999
2673179,7.1000000000000005
2673430,7.099999999999999
2673639,6.099999999999999
2673836,7.1
2674115,7.099999999999997
2674374,8.100000000000001
2674566,9.100000000000003
2674740,7.099999999999999
2674951,6.1
2675335,7.1
2675542,9.100000000000001
2675736,9.100000000000003
2675924,8.1
2676082,6.099999999999999
2676244,6.1
2676414,7.099999999999999
2676623,6.099999999999999
2676820,4.099999999999999
2677036,8.1
2677258,7.099999999999999
2677447,7.099999999999999
2677638,6.099999999999999
2677802,6.099999999999999
2677982,6.099999999999997
2678234,9.099999999999998
2678438,5.099999999999999
2678840,8.100000000000003
2679134,6.099999999999999
2679326,7.099999999999998
2679612,7.099999999999997
2679890,4.1
2680059,6.1
2680324,6.099999999999998
2680570,5.099999999999998
2680793,7.1
2681041,8.100000000000003
2681270,6.099999999999999
2681497,9.1
2681698,6.099999999999999
2681892,6.099999999999999
2682086,6.099999999999999
2682284,7.099999999999999
2682494,6.099999999999998
2682870,6.1
2683053,6.099999999999999
2683214,9.100000000000003
2683435,5.099999999999998
2683648,7.099999999999999
2683908,6.1000000000000005
2684110,8.100000000000001
2684318,6.1
2684519,8.100000000000003
2684715,5.099999999999999
2685091,7.1000000000000005
2685262,5.099999999999999
2685439,6.099999999999999
2685815,6.099999999999999
2686046,7.099999999999999
2686282,7.099999999999999
2686492,6.099999999999998
2686727,9.100000000000001
2686945,7.099999999999998
2687108,7.099999999999998
2687277,7.099999999999999
2687551,5.099999999999999
2687749,7.099999999999999
2688061,8.1
2688235,7.099999999999999
2688589,10.100000000000003
2688870,9.100000000000001
2689101,8.100000000000003
2689541,8.100000000000003
2689746,8.1
2689999,7.1
2690375,8.100000000000003
2690575,6.099999999999999
2690754,9.1
2690951,7.1
2691158,6.099999999999999
2691300,6.1
2691563,9.100000000000003
2691762,10.100000000000001
2691973,7.099999999999999
2692311,10.100000000000001
2692513,7.099999999999999
2692758,7.099999999999999
2692961,7.099999999999999
2693168,8.100000000000001
2693314,6.099999999999999
2693535,7.099999999999998
2693857,6.1000000000000005
2694066,9.100000000000001
2694275,8.100000000000001
2694487,7.099999999999998
2694663,7.1
2694830,8.100000000000001
2695028,8.100000000000003
2695199,7.099999999999999
2695577,8.100000000000003
2695747,9.100000000000003
2695937,4.099999999999999
2696159,6.099999999999999
2696376,8.1
2696523,6.099999999999999
2696742,8.1
2696983,9.100000000000003
2697181,6.099999999999999
2697381,7.099999999999999
2697584,7.099999999999999
2697906,6.1000000000000005
2698135,9.100000000000001
2698419,7.099999999999999
2698639,9.100000000000001
2698875,6.099999999999999
2699070,6.099999999999999
2699332,9.100000000000003
2699516,5.1
2699708,6.099999999999999
2699863,5.1
2700219,10.100000000000003
2700467,7.099999999999997
2700641,8.100000000000003
2700895,9.100000000000003
2701141,7.099999999999998
2701312,9.100000000000003
2701634,6.1
2701856,7.1
2702105,10.100000000000001
2702309,9.1
2702539,5.099999999999999
2702839,10.100000000000003
2703041,6.099999999999999
2703215,5.099999999999999
2703387,5.099999999999999
2703591,9.100000000000001
2703817,8.100000000000001
2704019,8.1
2704326,7.099999999999997
2704533,5.099999999999998
2704698,6.1
2705072,9.1
2705239,7.099999999999998
2705468,7.099999999999999
2705689,7.099999999999998
2706113,9.100000000000001
2706301,7.099999999999999
2706517,8.100000000000001
2706730,7.099999999999999
2706986,9.100000000000003
2707202,7.099999999999998
2707469,6.100000000000001
2707695,9.1
2707915,4.099999999999998
2708275,7.099999999999999
2708500,8.100000000000003
2708718,5.099999999999999
2708967,7.099999999999998
2709211,9.100000000000001
2709503,5.1
2709698,9.1
2709907,6.1
2710094,6.099999999999998
2710334,8.100000000000001
2710603,6.099999999999999
2710771,7.099999999999999
2711003,6.099999999999998
2711249,9.100000000000001
2711426,7.1
2711593,6.099999999999999
2711753,6.099999999999999
2711983,8.099999999999998
2712198,6.099999999999999
2712359,9.100000000000003
2712556,8.100000000000001
2712772,8.1
2712967,7.099999999999999
2713144,7.099999999999999
2713289,5.099999999999998
2713580,8.1
2713918,9.1
2714078,4.099999999999999
2714346,7.099999999999998
2714702,9.1
2714937,6.099999999999999
2715103,5.099999999999997
2715431,7.1
2715645,9.100000000000003
2715903,9.100000000000003
2716006,5.1
2716187,7.1
2716366,7.099999999999999
2716584,8.1
2716781,7.099999999999998
2717167,9.100000000000003
2717381,7.099999999999997
2717687,7.100000000000002
2717860,7.099999999999999
2718000,5.099999999999999
2718211,9.100000000000001
2718398,6.099999999999999
2718617,6.099999999999999
2718822,6.099999999999999
2718989,11.100000000000003
2719244,4.099999999999998
2719491,8.100000000000001
2719659,6.1
2719860,7.099999999999999
2720084,6.1
2720508,9.100000000000001
2720675,6.099999999999999
2720869,8.100000000000001
2720986,5.099999999999999
2721196,9.100000000000001
2721390,6.099999999999997
2721613,7.099999999999998
2721809,6.1
2721964,5.1
2722184,9.100000000000003
2722325,7.1
2722501,6.099999999999998
2722838,5.1
2723074,8.100000000000003
2723291,7.099999999999997
2723507,9.1
2723709,8.100000000000001
2723946,7.099999999999998
2724109,8.100000000000001
2724284,5.099999999999999
2724582,9.100000000000001
2724834,7.099999999999998
2725081,9.100000000000003
2725337,7.099999999999998
2725563,8.1
2725797,7.099999999999998
2726231,6.100000000000003
2726427,5.099999999999997
2726660,6.099999999999999
2727100,7.100000000000001
2727346,7.099999999999998
2727519,5.099999999999999
2727747,10.100000000000001
2728155,9.100000000000003
2728375,6.099999999999998
2728538,7.099999999999999
2728870,9.100000000000001
2729188,10.100000000000003
2729402,6.099999999999999
2729578,9.1
2729827,6.099999999999999
2730143,10.1
2730320,6.099999999999999
2730436,8.1
2730597,7.099999999999999
2730850,5.099999999999999
2731050,6.099999999999998
2731212,6.1
2731404,6.099999999999999
2731586,9.1
2731814,7.1
2732004,6.099999999999999
2732276,6.099999999999998
2732507,6.099999999999999
2732764,9.100000000000001
2733128,7.100000000000001
2733299,8.1
2733472,8.100000000000001
2733751,7.099999999999997
2733929,5.099999999999999
2734133,6.099999999999997
2734238,6.099999999999999
2734438,7.099999999999999
2734593,6.1
2734774,6.099999999999997
2735016,7.1000000000000005
2735165,6.1
2735335,7.099999999999998
2735549,9.100000000000001
2735723,9.1
2735902,6.099999999999999
2736048,5.099999999999999
2736257,8.100000000000003
2736435,7.099999999999999
2736677,5.1000000000000005
2736848,6.099999999999999
2737058,4.099999999999997
2737289,7.099999999999999
2737446,7.099999999999999
2737732,8.100000000000003
2737892,6.099999999999998
2738070,8.100000000000003
2738288,5.099999999999998
2738664,9.100000000000001
2738880,8.100000000000001
2739134,9.099999999999998
2739419,7.099999999999997
2739583,7.099999999999998
2739955,8.100000000000003
2740156,7.099999999999999
2740334,7.1
2740552,7.099999999999998
2740892,10.100000000000001
2741131,8.100000000000001
2741551,8.100000000000003
2741819,7.099999999999998
2742177,7.100000000000001
2742352,7.099999999999997
2742658,8.100000000000003
2742906,10.100000000000001
2743105,7.099999999999999
2743443,8.100000000000001
2743665,9.100000000000001
2743848,5.099999999999999
2744048,6.099999999999999
2744436,9.100000000000001
2744648,9.100000000000001
2744824,7.099999999999999
2744964,5.099999999999999
2745144,7.099999999999998
2745432,9.100000000000001
2745653,7.099999999999999
2745901,9.100000000000001
2746125,6.099999999999999
2746447,9.100000000000003
2746647,6.099999999999997
2746873,8.100000000000003
2747002,6.099999999999998
2747222,9.099999999999998
2747411,6.099999999999999
2747611,7.099999999999999
2747965,9.100000000000001
2748191,7.099999999999999
2748356,7.099999999999998
2748530,7.099999999999999
2748782,9.100000000000003
2749079,9.100000000000001
2749447,9.100000000000003
2749652,7.099999999999999
2749831,5.099999999999998
2750046,8.100000000000001
2750272,8.100000000000001
2750446,6.099999999999999
2750848,7.100000000000003
2751069,6.099999999999998
2751455,9.100000000000003
2751682,7.099999999999999
2751888,7.099999999999999
2752067,7.099999999999999
2752291,6.099999999999998
2752621,9.100000000000003
2752807,4.099999999999999
2753097,7.100000000000001
2753283,6.099999999999999
2753482,6.099999999999999
2753648,9.100000000000001
2753811,8.100000000000001
2753991,8.100000000000001
2754195,8.100000000000001
2754242,1.1
2754602,8.100000000000001
2754867,7.099999999999999
2755065,4.099999999999999
2755257,7.099999999999999
2755428,6.099999999999999
2755748,6.099999999999999
2755909,6.099999999999999
2756301,6.1
2756499,7.099999999999999
2756708,7.099999999999999
2756909,9.1
2757183,9.100000000000003
2757475,6.1000000000000005
2757657,5.1
2757857,6.1
2758162,9.100000000000001
2758596,6.100000000000002
2758832,4.099999999999996
2759126,7.099999999999999
2759407,9.100000000000001
2759559,5.099999999999999
2759762,7.099999999999998
2759957,6.099999999999999
2760129,9.1
2760189,3.099999999999999
2760455,8.100000000000003
2760683,10.100000000000003
2760906,8.1
2761218,7.099999999999999
2761418,7.099999999999999
2761774,9.100000000000003
2762109,10.100000000000001
2762316,8.100000000000001
2762495,7.099999999999999
2762714,7.099999999999999
2763050,6.1000000000000005
2763296,9.100000000000003
2763526,9.100000000000001
2763739,9.100000000000001
2763921,8.100000000000003
2764167,8.100000000000001
2764505,8.100000000000003
2764694,5.099999999999998
2764980,7.100000000000001
2765150,6.099999999999999
2765446,7.1
2765740,9.1
2765902,5.099999999999999
2766103,4.1
2766323,8.1
2766519,7.099999999999999
2766715,5.1
2766933,7.099999999999998
2767173,6.099999999999999
2767419,9.100000000000003
2767570,5.099999999999999
2767856,9.100000000000001
2768075,6.099999999999998
2768272,6.099999999999999
2768452,5.099999999999999
2768675,4.099999999999998
2768906,8.100000000000001
2769292,7.100000000000002
2769555,9.100000000000003
2769761,8.1
2769959,7.099999999999999
2770205,9.100000000000003
2770447,7.099999999999998
2770635,9.100000000000003
2770838,10.100000000000003
2771036,7.1
2771266,6.099999999999999
2771486,7.099999999999999
2771715,6.099999999999999
2772011,9.100000000000001
2772280,9.1
2772620,10.100000000000003
2772842,8.100000000000003
2773070,9.100000000000003
2773329,8.100000000000001
2773507,9.100000000000003
2773716,6.099999999999999
2774010,9.1
2774258,7.099999999999997
2774432,8.100000000000001
2774660,9.100000000000003
2774813,7.099999999999998
2775065,5.099999999999998
2775309,7.099999999999998
2775531,4.099999999999999
2775689,7.099999999999999
2775885,6.1
2776134,7.099999999999999
2776324,7.099999999999998
2776532,7.099999999999999
2776758,7.099999999999998
2777034,10.100000000000003
2777283,9.100000000000003
2777617,10.100000000000001
2777957,7.099999999999997
2778142,8.1
2778413,6.1
2778657,9.100000000000003
2778875,8.1
2779187,9.100000000000003
2779386,7.099999999999999
2779633,9.100000000000001
2779800,6.099999999999999
2779968,8.100000000000001
2780154,8.100000000000001
2780375,9.100000000000001
2780585,8.100000000000001
2780800,7.1
2781017,6.099999999999998
2781210,7.099999999999997
2781598,9.100000000000003
2781920,9.100000000000003
2782111,9.100000000000001
2782268,5.099999999999999
2782606,7.1
2782839,3.099999999999999
2783109,6.099999999999997
2783405,7.099999999999998
2783585,6.099999999999999
2783840,6.099999999999999
2784085,8.100000000000001
2784236,6.099999999999998
2784453,8.100000000000001
2784658,8.100000000000001
2784851,6.099999999999999
2785135,7.099999999999999
2785313,5.099999999999999
2785490,6.099999999999999
2785763,9.100000000000003
2786037,8.100000000000001
2786317,9.100000000000001
2786475,5.099999999999998
2786701,7.099999999999999
2786957,9.100000000000001
2787185,7.099999999999999
2787384,9.100000000000001
2787760,6.1000000000000005
2787983,7.1
2788263,9.100000000000001
2788535,9.100000000000001
2788706,9.100000000000001
2788919,5.099999999999998
2789112,9.100000000000001
2789298,7.099999999999998
2789546,6.099999999999999
2789972,6.100000000000003
2790166,8.100000000000001
2790378,8.1
2790636,6.1
2790872,10.1
2791047,8.100000000000001
2791247,6.099999999999998
2791420,5.099999999999999
2791822,8.100000000000001
2792057,9.100000000000001
2792302,7.099999999999999
2792511,5.099999999999999
2792897,9.100000000000003
2793114,6.099999999999998
2793349,9.100000000000003
2793596,7.099999999999998
2793776,5.099999999999999
2793993,10.100000000000001
2794385,9.100000000000003
2794616,8.100000000000001
2794765,5.099999999999999
2794991,9.100000000000001
2795227,8.100000000000001
2795325,4.1
2795588,6.1
2795990,7.100000000000003
2796204,7.099999999999998
2796343,6.099999999999999
2796610,8.1
2796894,7.1
2797001,3.099999999999999
2797234,5.099999999999999
2797343,4.1
2797521,7.099999999999999
2797708,9.100000000000003
2797904,7.099999999999999
2798133,7.1
2798313,6.1
2798541,9.1
2798750,9.100000000000003
2799162,9.100000000000003
2799398,6.099999999999999
2799538,4.099999999999998
2799816,10.100000000000003
2800090,6.099999999999999
2800336,9.100000000000003
2800604,7.1
2800774,6.099999999999999
2801001,9.100000000000003
2801200,8.100000000000001
2801421,6.099999999999999
2801609,6.099999999999997
2801870,9.100000000000003
2802047,7.099999999999998
2802322,6.099999999999999
2802549,5.099999999999998
2802710,4.1
2802882,7.099999999999999
2803072,6.099999999999999
2803236,5.099999999999998
2803461,6.099999999999998
2803621,5.099999999999999
2803841,10.100000000000003
2804071,5.099999999999998
2804272,6.099999999999999
2804524,9.100000000000001
2804727,7.1
2804891,7.099999999999999
2805144,10.100000000000003
2805488,7.1
2805680,8.1
2805847,7.099999999999999
2806021,9.100000000000001
2806233,8.100000000000001
2806413,4.1000000000000005
2806638,6.099999999999998
2806858,9.100000000000003
2807108,7.1
2807361,7.099999999999998
2807528,6.099999999999999
2807743,5.099999999999998
2808010,9.100000000000001
2808216,5.099999999999999
2808480,6.099999999999998
2808716,8.100000000000001
2808935,6.099999999999999
2809178,6.099999999999998
2809404,6.099999999999998
2809551,4.1
2809761,7.099999999999999
2809979,7.1
2810151,7.099999999999999
2810463,7.1
2810674,7.099999999999998
2810907,7.099999999999999
2811112,6.099999999999999
2811334,7.099999999999999
2811555,8.100000000000001
2811885,9.1
2812159,5.099999999999999
2812481,10.100000000000003
2812703,6.099999999999999
2812972,7.099999999999998
2813334,10.1
2813686,9.100000000000003
2813944,5.1000000000000005
2814384,7.100000000000002
2814613,9.100000000000003
2814864,9.100000000000001
2815105,6.099999999999999
2815330,9.1
2815608,8.100000000000003
2815866,6.099999999999997
2816132,8.100000000000001
2816374,6.099999999999998
2816642,9.100000000000001
2816885,6.1
2817036,8.100000000000001
2817294,8.100000000000003
2817638,11.100000000000001
2817976,3.099999999999999
2818120,7.099999999999999
2818321,8.100000000000001
2818579,9.100000000000003
2818832,10.100000000000001
2819099,7.099999999999999
2819289,10.100000000000003
2819516,7.099999999999998
2819739,7.099999999999998
2819954,5.099999999999999
2820210,8.100000000000003
2820500,10.100000000000003
2820798,7.1
2820968,7.099999999999998
2821168,7.099999999999999
2821437,7.099999999999997
2821581,5.099999999999999
2821843,9.100000000000003
2822135,8.100000000000001
2822347,8.100000000000003
2822566,8.1
2822754,5.1
2822923,6.099999999999999
2823165,4.099999999999998
2823383,9.100000000000003
2823562,6.099999999999999
2823739,7.1
2824010,7.099999999999998
2824208,6.099999999999999
2824495,8.100000000000001
2824693,7.099999999999999
2824901,7.1
2825115,6.099999999999999
2825333,6.099999999999999
2825510,5.1
2825767,6.099999999999998
2826041,8.100000000000001
2826339,6.099999999999998
2826545,6.099999999999999
2826789,8.100000000000003
2826944,5.099999999999999
2827071,5.1
2827291,7.1
2827482,7.099999999999997
2827721,8.1
2827951,8.100000000000003
2828180,6.099999999999998
2828348,6.1
2828563,6.1
2828758,6.099999999999999
2829004,9.100000000000003
2829160,7.1
2829392,6.099999999999998
2829625,6.099999999999998
2829966,8.100000000000003
2830229,6.099999999999998
2830439,10.100000000000003
2830660,5.099999999999999
2830902,5.1
2831093,6.1
2831289,9.100000000000001
2831478,9.100000000000003
2831646,6.099999999999999
2831828,7.1
2832043,6.099999999999999
2832230,5.099999999999999
2832510,7.100000000000001
2832690,7.1
2833107,9.100000000000003
2833391,10.100000000000003
2833561,7.099999999999999
2833783,9.100000000000003
2833950,7.099999999999999
2834196,5.1
2834441,8.100000000000001
2834731,8.100000000000001
2834963,7.099999999999998
2835154,7.099999999999998
2835471,6.1
2835637,7.1
2835867,5.1
2836069,7.099999999999999
2836319,7.099999999999999
2836529,8.100000000000001
2836754,9.100000000000001
2837013,7.099999999999999
2837226,7.1000000000000005
2837399,8.100000000000003
2837739,10.100000000000003
2837942,6.1
2838176,9.100000000000003
2838372,8.100000000000001
2838572,7.099999999999999
2838827,8.1
2839056,9.100000000000003
2839222,9.100000000000001
2839454,7.099999999999998
2839634,7.099999999999999
2839822,7.099999999999998
2840094,7.099999999999999
2840292,9.100000000000001
2840514,9.100000000000001
2840776,8.1
2841065,6.1
2841349,9.100000000000001
2841581,10.100000000000001
2841735,6.099999999999998
2842047,9.100000000000003
2842251,6.1
2842575,10.100000000000003
2842818,7.099999999999999
2843178,6.1000000000000005
2843468,8.100000000000001
2843710,8.100000000000001
2843925,8.100000000000003
2844146,9.100000000000001
2844456,9.100000000000003
2844677,9.1
2844909,9.100000000000001
2845094,6.099999999999999
2845262,8.100000000000001
2845459,6.099999999999999
2845771,9.100000000000001
2846061,5.099999999999999
2846256,6.099999999999999
2846594,7.100000000000003
2846846,6.099999999999998
2847063,9.100000000000001
2847254,9.100000000000001
2847495,9.100000000000001
2847833,9.100000000000001
2848039,6.099999999999999
2848230,7.099999999999999
2848574,9.100000000000001
2848772,7.099999999999999
2848889,4.099999999999999
2849157,8.100000000000001
2849324,6.099999999999998
2849652,9.100000000000001
2849879,7.099999999999998
2850179,5.099999999999998
2850389,4.099999999999999
2850695,4.1
2850944,9.100000000000003
2851168,8.100000000000003
2851349,6.099999999999999
2851719,8.100000000000003
2851993,10.100000000000003
2852241,6.099999999999998
2852585,9.100000000000001
2852643,4.099999999999999
2852869,9.100000000000001
2853048,7.1
2853243,7.099999999999999
2853431,9.100000000000001
2853606,8.100000000000003
2853855,9.100000000000001
2854050,9.100000000000001
2854248,6.099999999999999
2854489,6.099999999999999
2854600,4.099999999999999
2854739,8.100000000000003
2854951,9.100000000000001
2855137,7.099999999999998
2855469,7.099999999999999
2855823,9.100000000000003
2856062,9.100000000000003
2856345,9.1
2856571,7.099999999999999
2856915,7.1
2857072,6.099999999999999
2857288,8.099999999999998
2857502,6.099999999999999
2857806,6.099999999999999
2858076,5.1
2858198,5.099999999999999
2858409,6.1
2858616,8.1
2858816,8.100000000000001
2859130,7.1000000000000005
2859422,9.100000000000003
2859651,7.099999999999998
2859925,8.100000000000003
2860120,5.099999999999999
2860300,7.099999999999999
2860490,6.099999999999999
2860735,7.099999999999999
2860941,7.099999999999999
2861107,8.1
2861265,5.099999999999999
2861436,5.099999999999998
2861707,8.100000000000003
2861935,5.1
2862164,5.099999999999999
2862360,9.100000000000003
2862577,7.099999999999997
2862875,10.100000000000003
2863100,8.1
2863388,8.100000000000001
2863636,8.100000000000001
2863784,5.099999999999999
2864053,6.099999999999997
2864262,9.1
2864505,6.099999999999999
2864725,9.1
2864920,5.099999999999999
2865117,8.1
2865350,9.100000000000001
2865579,6.1
2865732,6.099999999999998
2865958,7.099999999999998
2866165,9.1
2866385,8.100000000000001
2866582,5.099999999999999
2866751,4.099999999999999
2866998,9.100000000000001
2867212,6.099999999999999
2867481,6.1
2867695,9.100000000000001
2867918,8.100000000000001
2868104,4.099999999999999
2868271,9.1
2868463,7.099999999999998
2868687,8.100000000000001
2868917,10.100000000000001
2869092,7.099999999999999
2869318,9.100000000000001
2869490,8.1
2869705,9.100000000000003
2869904,5.099999999999998
2870201,7.099999999999999
2870521,9.100000000000001
2870790,9.100000000000003
2871022,4.1
2871210,4.099999999999999
2871413,5.099999999999999
2871731,9.100000000000001
2872056,10.1
2872392,7.1000000000000005
2872639,7.099999999999998
2872935,8.100000000000001
2873204,7.099999999999999
2873376,6.099999999999998
2873612,5.099999999999999
2873786,4.1
2874069,5.099999999999996
2874235,4.099999999999998
2874430,8.1
2874615,9.100000000000003
2874803,8.100000000000001
2875062,9.100000000000003
2875184,6.099999999999998
2875419,7.1
2875641,8.1
2875930,8.1
2876138,9.100000000000003
2876314,6.1
2876502,6.1
2876698,9.100000000000003
2876905,4.099999999999999
2877105,9.100000000000001
2877289,8.1
2877653,9.100000000000001
2877816,9.1
2878095,7.099999999999998
2878291,7.099999999999999
2878472,7.1
2878733,6.099999999999998
2878981,6.099999999999998
2879205,6.099999999999998
2879397,5.099999999999999
2879607,8.100000000000001
2879837,9.100000000000001
2880019,6.1
2880217,4.099999999999998
2880434,8.1
2880611,6.1
2880843,8.100000000000001
2881066,9.100000000000001
2881262,4.1
2881620,7.1000000000000005
2881854,7.1000000000000005
2882087,6.099999999999999
2882299,7.099999999999999
2882568,9.100000000000001
2882842,10.100000000000001
2883078,9.100000000000001
2883488,5.100000000000001
2883701,6.1
2883880,10.100000000000001
2884064,6.099999999999999
2884440,9.1
2884651,8.100000000000001
2885001,9.100000000000001
2885170,9.100000000000001
2885412,9.100000000000001
2885677,8.100000000000003
2885976,6.1
2886188,7.099999999999998
2886445,6.1
2886620,5.099999999999998
2886864,9.100000000000003
2887037,5.099999999999999
2887248,6.099999999999999
2887476,9.100000000000001
2887687,7.099999999999997
2888073,8.100000000000003
2888307,7.099999999999999
2888581,5.1
2888834,7.099999999999999
2889068,9.100000000000003
2889275,7.099999999999999
2889499,9.1
2889699,7.099999999999997
2889972,7.099999999999996
2890159,9.1
2890361,10.100000000000001
2890598,8.100000000000001
2890799,8.100000000000001
2891038,8.100000000000001
2891243,7.099999999999999
2891553,9.100000000000001
2891750,6.099999999999999
2891977,5.099999999999998
2892228,9.100000000000003
2892377,8.1
2892502,9.100000000000001
2892836,10.100000000000001
2893258,4.100000000000002
2893462,7.099999999999999
2893694,8.1
2893850,8.1
2894035,9.100000000000001
2894328,7.099999999999997
2894529,6.099999999999999
2894729,7.099999999999999
2894914,8.1
2895066,7.099999999999999
2895430,8.100000000000003
2895603,5.099999999999998
2895860,8.1
2896135,9.100000000000001
2896432,5.099999999999999
2896688,8.100000000000003
2896854,4.099999999999999
2897038,7.1
2897213,6.099999999999999
2897443,7.099999999999999
2897755,6.099999999999999
2897927,5.099999999999999
2898110,7.099999999999998
2898352,6.099999999999998
2898535,8.1
2898728,4.099999999999999
2898902,6.1
2899113,8.1
2899463,8.100000000000003
2899737,7.100000000000001
2899954,6.099999999999998
2900166,6.099999999999999
2900367,7.099999999999999
2900594,9.100000000000003
2900760,4.099999999999999
2901010,6.099999999999999
2901215,9.100000000000003
2901404,7.099999999999999
2901611,7.099999999999999
2901853,7.099999999999998
2902054,5.099999999999999
2902242,8.1
2902509,7.099999999999999
2902809,11.100000000000003
2903096,7.099999999999999
2903259,8.100000000000003
2903428,6.099999999999999
2903645,9.100000000000001
2904047,8.100000000000003
2904306,9.1
2904500,7.099999999999998
2904677,7.1
2905025,9.100000000000003
2905266,9.100000000000001
2905552,9.100000000000001
2905786,5.099999999999999
2906074,9.100000000000003
2906284,9.1
2906503,7.099999999999999
2906805,10.100000000000003
2906859,2.099999999999999
2907083,10.100000000000003
2907328,7.1
2907627,9.100000000000003
2907817,8.1
2908042,7.099999999999997
2908237,9.100000000000003
2908539,7.099999999999998
2908720,7.1
2908940,6.099999999999998
2909342,5.100000000000002
2909568,7.099999999999998
2909813,9.100000000000001
2910031,7.099999999999998
2910348,9.100000000000003
2910536,5.099999999999999
2910608,3.099999999999999
2910852,7.099999999999998
2911079,9.100000000000001
2911280,7.099999999999999
2911484,4.1
2911650,4.099999999999997
2911883,7.099999999999998
2912153,8.100000000000003
2912414,7.099999999999996
2912642,7.099999999999999
2912899,7.099999999999999
2913061,6.099999999999999
2913278,8.1
2913551,5.1
2913789,7.1000000000000005
2914061,10.1
2914187,6.099999999999999
2914431,6.099999999999999
2914642,8.100000000000001
2914810,5.1
2915045,7.099999999999999
2915285,9.100000000000003
2915545,9.100000000000001
2915790,7.1
2915956,7.099999999999999
2916162,7.099999999999999
2916422,7.1
2916788,8.100000000000003
2917012,8.100000000000003
2917382,9.100000000000001
2917583,5.099999999999999
2917696,5.099999999999999
2917888,7.099999999999999
2918143,9.100000000000003
2918345,9.100000000000001
2918535,5.099999999999999
2918690,6.1
2918907,9.100000000000003
2919124,9.100000000000001
2919342,7.1000000000000005
2919532,6.099999999999999
2919695,9.100000000000003
2919891,8.1
2920187,8.100000000000003
2920378,5.099999999999998
2920577,5.099999999999999
2920905,7.099999999999999
2921305,9.100000000000001
2921497,6.099999999999998
2921722,8.100000000000001
2921952,8.099999999999998
2922220,9.100000000000003
2922383,6.1
2922570,7.099999999999999
2922743,7.099999999999999
2923003,5.1000000000000005
2923173,7.099999999999999
2923350,7.099999999999997
2923571,6.099999999999999
2923893,6.1
2924295,8.100000000000003
2924487,7.099999999999998
2924755,8.100000000000001
2924996,9.1
2925215,8.100000000000001
2925460,6.099999999999998
2925783,9.100000000000001
2926057,8.100000000000001
2926254,9.100000000000001
2926455,4.099999999999999
2926690,8.1
2926923,4.099999999999998
2927319,9.100000000000003
2927577,8.100000000000001
2927803,8.099999999999998
2927994,7.099999999999998
2928323,8.100000000000003
2928494,8.100000000000001
2928672,7.099999999999999
2928942,7.099999999999998
2929125,8.1
2929263,8.1
2929422,7.099999999999998
2929648,9.100000000000003
2929845,7.099999999999999
2930058,9.100000000000003
2930253,8.1
2930466,7.099999999999997
2930631,7.099999999999999
2930771,8.100000000000001
2930988,9.100000000000003
2931155,8.100000000000003
2931391,8.100000000000001
2931580,8.099999999999998
2931836,6.099999999999999
2932244,9.100000000000003
2932556,9.100000000000001
2932737,8.100000000000003
2932851,5.099999999999998
2933213,8.100000000000003
2933547,9.1
2933949,8.100000000000003
2934144,7.099999999999999
2934379,8.100000000000003
2934591,9.1
2934869,10.100000000000003
2935062,5.1
2935326,5.099999999999999
2935583,6.099999999999999
2935760,7.1
2935967,9.100000000000001
2936158,5.099999999999999
2936331,6.099999999999999
2936573,8.1
2937013,9.100000000000001
2937184,8.100000000000001
2937390,9.100000000000003
2937666,9.100000000000003
2937964,9.100000000000001
2938268,10.1
2938480,5.099999999999998
2938818,7.100000000000003
2939156,9.100000000000003
2939293,7.099999999999999
2939474,8.100000000000001
2939740,9.100000000000001
2940140,8.100000000000003
2940348,7.1
2940537,9.100000000000003
2940614,5.1
2940829,10.100000000000003
2941049,6.099999999999999
2941234,7.099999999999999
2941457,6.099999999999998
2941725,10.100000000000001
2941896,7.099999999999999
2942054,6.099999999999998
2942339,9.100000000000001
2942503,6.099999999999999
2942761,10.100000000000003
2942986,7.1
2943218,7.099999999999998
2943529,9.100000000000001
2943752,7.099999999999999
2943969,7.099999999999998
2944175,7.1
2944363,7.1
2944575,6.099999999999999
2944792,9.100000000000003
2945036,8.1
2945241,7.099999999999999
2945557,10.100000000000003
2945746,10.100000000000003
2946003,7.099999999999999
2946162,7.099999999999999
2946500,8.100000000000003
2946626,7.099999999999999
2946816,8.100000000000001
2947028,7.099999999999999
2947250,8.100000000000003
2947353,7.1
2947533,6.099999999999999
2947845,9.100000000000003
2948059,7.099999999999998
2948282,7.099999999999998
2948636,9.100000000000003
2948836,7.099999999999999
2949063,7.099999999999998
2949273,8.100000000000001
2949461,6.1
2949671,6.099999999999999
2949823,5.099999999999999
2950053,6.099999999999999
2950237,7.099999999999999
2950434,7.099999999999998
2950621,6.099999999999999
2950775,9.100000000000001
2951145,9.100000000000003
2951553,10.100000000000001
2951792,7.099999999999999
2951967,7.099999999999999
2952273,4.099999999999999
2952499,8.1
2952676,6.099999999999999
2952907,8.1
2953009,4.1
2953287,9.100000000000001
2953596,9.100000000000003
2953795,6.099999999999999
2954024,7.1000000000000005
2954464,6.100000000000001
2954629,6.099999999999997
2954844,6.099999999999997
2955074,7.1
2955343,7.099999999999997
2955558,9.100000000000003
2955786,9.100000000000003
2955972,7.099999999999998
2956211,7.099999999999997
2956405,6.099999999999999
2956600,8.100000000000001
2956661,2.1
2956855,7.099999999999999
2957031,6.099999999999999
2957273,8.100000000000001
2957483,7.099999999999999
2957733,9.100000000000001
2957930,7.099999999999999
2958095,7.099999999999999
2958340,8.100000000000001
2958564,8.100000000000001
2958822,9.100000000000001
2959064,9.100000000000001
2959287,8.100000000000001
2959440,4.1
2959569,7.099999999999999
2959743,10.100000000000001
2959984,9.100000000000003
2960230,7.099999999999999
2960618,8.100000000000001
2960844,8.099999999999998
2961037,7.099999999999999
2961194,6.099999999999999
2961424,9.100000000000003
2961589,6.099999999999999
2961874,10.100000000000003
2962096,7.1
2962307,5.1
2962536,7.099999999999999
2962825,10.100000000000003
2963041,8.100000000000001
2963148,5.099999999999999
2963392,9.100000000000001
2963816,9.100000000000001
2964027,9.1
2964296,9.1
2964498,10.099999999999998
2964653,7.099999999999999
2964906,6.099999999999997
2965106,6.099999999999999
2965336,7.099999999999998
2965712,7.1000000000000005
2965860,7.099999999999999
2966116,6.099999999999998
2966332,5.099999999999998
2966516,10.100000000000003
2966749,6.099999999999998
2966973,7.099999999999999
2967159,7.099999999999999
2967437,9.100000000000003
2967678,9.100000000000003
2967936,9.100000000000001
2968126,6.099999999999998
2968377,7.099999999999997
2968592,7.099999999999997
2968824,6.099999999999999
2969130,9.100000000000001
2969348,6.099999999999999
2969553,9.100000000000003
2969731,7.099999999999999
2969931,9.100000000000001
2970148,7.099999999999998
2970364,7.099999999999998
2970523,8.100000000000003
2970843,5.1
2971052,5.099999999999998
2971280,7.099999999999998
2971460,9.100000000000001
2971637,7.099999999999999
2971834,7.099999999999999
2972106,10.100000000000003
2972332,5.1
2972606,8.100000000000001
2972683,5.099999999999999
2972864,7.1
2973033,9.100000000000001
2973232,9.100000000000001
2973672,8.100000000000003
2973912,6.099999999999998
2974148,9.100000000000001
2974416,5.1
2974792,9.100000000000003
2974884,3.099999999999999
2975114,7.099999999999998
2975554,8.100000000000003
2975778,6.099999999999999
2975998,7.099999999999999
2976185,8.1
2976406,8.1
2976574,6.1
2976816,7.1000000000000005
2977033,10.100000000000001
2977265,9.100000000000003
2977501,9.100000000000003
2977746,9.100000000000003
2978056,7.099999999999998
2978250,7.099999999999999
2978443,7.099999999999999
2978646,5.099999999999999
2978856,5.1
2979068,9.100000000000001
2979277,8.100000000000001
2979512,7.1000000000000005
2979738,8.100000000000001
2980064,10.100000000000003
2980269,7.099999999999997
2980497,10.100000000000003
2980666,5.099999999999999
2980964,10.100000000000003
2981164,10.100000000000001
2981382,9.100000000000003
2981750,8.100000000000001
2982009,9.100000000000003
2982223,10.1
2982619,8.100000000000003
2982795,6.099999999999999
2982974,9.100000000000001
2983216,8.1
2983366,5.1
2983704,6.1
2983952,9.100000000000003
2984344,6.1000000000000005
2984688,9.100000000000001
2984841,4.099999999999999
2984999,9.100000000000003
2985319,8.1
2985522,9.100000000000003
2985780,8.100000000000001
2986118,7.100000000000003
2986318,6.099999999999998
2986570,8.1
2986790,7.1
2986955,8.100000000000001
2987285,10.1
2987533,6.1
2987935,7.100000000000003
2988235,9.100000000000003
2988461,9.100000000000003
2988789,7.099999999999999
2989064,9.1
2989285,6.099999999999999
2989536,9.100000000000003
2989706,9.1
2989866,9.100000000000003
2990083,7.099999999999999
2990235,6.1
2990389,6.099999999999999
2990592,7.099999999999999
2990878,9.100000000000003
2991093,9.100000000000001
2991307,6.1
2991645,6.100000000000003
2991925,6.1
2992118,7.099999999999999
2992382,7.099999999999997
2992618,9.100000000000003
2992840,7.099999999999999
2993124,6.099999999999997
2993321,7.099999999999997
2993547,8.100000000000001
2993683,8.100000000000001
2993779,7.099999999999999
2993942,8.1
2994142,9.1
2994384,9.100000000000001
2994601,6.099999999999999
2994955,10.100000000000003
2995158,9.100000000000003
2995407,7.1000000000000005
2995841,6.100000000000002
2996047,6.099999999999999
2996278,10.100000000000003
2996483,6.099999999999999
2996696,10.100000000000003
2996875,6.099999999999998
2997078,7.099999999999999
2997341,9.100000000000003
2997522,7.099999999999999
2997684,6.1
2997975,9.100000000000003
2998228,6.099999999999999
2998668,6.100000000000003
2998894,7.099999999999998
2999109,8.100000000000001
2999295,8.100000000000001
2999523,9.100000000000003
2999736,9.100000000000003
2999954,9.100000000000003
